unsigned char neverlose_ttf[] = {
  0x00, 0x01, 0x00, 0x00, 0x00, 0x0f, 0x00, 0x80, 0x00, 0x03, 0x00, 0x70,
  0x46, 0x46, 0x54, 0x4d, 0x64, 0x33, 0x94, 0x19, 0x00, 0x00, 0xe9, 0x14,
  0x00, 0x00, 0x00, 0x1c, 0x47, 0x44, 0x45, 0x46, 0x06, 0x3b, 0x07, 0xc4,
  0x00, 0x00, 0xbb, 0xc0, 0x00, 0x00, 0x00, 0x36, 0x47, 0x50, 0x4f, 0x53,
  0xc9, 0xf6, 0xdb, 0x2f, 0x00, 0x00, 0xc5, 0x64, 0x00, 0x00, 0x23, 0xb0,
  0x47, 0x53, 0x55, 0x42, 0x83, 0xa9, 0xfd, 0xad, 0x00, 0x00, 0xbb, 0xf8,
  0x00, 0x00, 0x09, 0x6a, 0x4f, 0x53, 0x2f, 0x32, 0x80, 0x78, 0x7f, 0xa5,
  0x00, 0x00, 0x01, 0x78, 0x00, 0x00, 0x00, 0x60, 0x63, 0x6d, 0x61, 0x70,
  0x89, 0xae, 0xac, 0x18, 0x00, 0x00, 0x08, 0xdc, 0x00, 0x00, 0x03, 0x2e,
  0x67, 0x61, 0x73, 0x70, 0xff, 0xff, 0x00, 0x03, 0x00, 0x00, 0xbb, 0xb8,
  0x00, 0x00, 0x00, 0x08, 0x67, 0x6c, 0x79, 0x66, 0x24, 0x08, 0xde, 0x78,
  0x00, 0x00, 0x0f, 0xa4, 0x00, 0x00, 0x9a, 0x64, 0x68, 0x65, 0x61, 0x64,
  0xec, 0xe8, 0x3d, 0xc1, 0x00, 0x00, 0x00, 0xfc, 0x00, 0x00, 0x00, 0x36,
  0x68, 0x68, 0x65, 0x61, 0x07, 0x98, 0x04, 0xc5, 0x00, 0x00, 0x01, 0x34,
  0x00, 0x00, 0x00, 0x24, 0x68, 0x6d, 0x74, 0x78, 0xbd, 0xf8, 0x51, 0x86,
  0x00, 0x00, 0x01, 0xd8, 0x00, 0x00, 0x07, 0x02, 0x6c, 0x6f, 0x63, 0x61,
  0xce, 0xa7, 0xa7, 0xe0, 0x00, 0x00, 0x0c, 0x0c, 0x00, 0x00, 0x03, 0x96,
  0x6d, 0x61, 0x78, 0x70, 0x02, 0x13, 0x00, 0x4d, 0x00, 0x00, 0x01, 0x58,
  0x00, 0x00, 0x00, 0x20, 0x6e, 0x61, 0x6d, 0x65, 0xde, 0x9e, 0x6f, 0xd8,
  0x00, 0x00, 0xaa, 0x08, 0x00, 0x00, 0x05, 0x10, 0x70, 0x6f, 0x73, 0x74,
  0xf7, 0xb7, 0xa8, 0xe6, 0x00, 0x00, 0xaf, 0x18, 0x00, 0x00, 0x0c, 0x9d,
  0x00, 0x01, 0x00, 0x00, 0x00, 0x01, 0x00, 0x00, 0xa2, 0x6e, 0x04, 0xe2,
  0x5f, 0x0f, 0x3c, 0xf5, 0x00, 0x0b, 0x03, 0xe8, 0x00, 0x00, 0x00, 0x00,
  0xc4, 0xef, 0xfd, 0x14, 0x00, 0x00, 0x00, 0x00, 0xc4, 0xef, 0xfd, 0x14,
  0xff, 0x83, 0xff, 0x2e, 0x04, 0x66, 0x03, 0x86, 0x00, 0x00, 0x00, 0x08,
  0x00, 0x02, 0x00, 0x00, 0x00, 0x00, 0x00, 0x00, 0x00, 0x01, 0x00, 0x00,
  0x03, 0xac, 0xfe, 0xfc, 0x00, 0x00, 0x04, 0x8d, 0xff, 0x83, 0xff, 0x84,
  0x04, 0x66, 0x00, 0x01, 0x00, 0x00, 0x00, 0x00, 0x00, 0x00, 0x00, 0x00,
  0x00, 0x00, 0x00, 0x00, 0x00, 0x00, 0x01, 0xb7, 0x00, 0x01, 0x00, 0x00,
  0x01, 0xca, 0x00, 0x4a, 0x00, 0x07, 0x00, 0x00, 0x00, 0x00, 0x00, 0x02,
  0x00, 0x00, 0x00, 0x01, 0x00, 0x01, 0x00, 0x00, 0x00, 0x40, 0x00, 0x00,
  0x00, 0x00, 0x00, 0x00, 0x00, 0x02, 0x01, 0xd5, 0x02, 0x58, 0x00, 0x05,
  0x00, 0x00, 0x02, 0xbc, 0x02, 0x8a, 0x00, 0x00, 0x00, 0x8c, 0x02, 0xbc,
  0x02, 0x8a, 0x00, 0x00, 0x01, 0xdd, 0x00, 0x32, 0x00, 0xfa, 0x00, 0x00,
  0x02, 0x00, 0x00, 0x00, 0x00, 0x00, 0x00, 0x00, 0x00, 0x00, 0xa0, 0x00,
  0x00, 0xaf, 0x40, 0x00, 0x00, 0x4a, 0x00, 0x00, 0x00, 0x00, 0x00, 0x00,
  0x00, 0x00, 0x78, 0x6c, 0x6a, 0x62, 0x00, 0x00, 0x00, 0x20, 0xfb, 0x04,
  0x02, 0xee, 0xff, 0x06, 0x00, 0xc8, 0x03, 0xac, 0x01, 0x04, 0x20, 0x00,
  0x00, 0x93, 0x00, 0x00, 0x00, 0x00, 0x01, 0xf4, 0x02, 0xbc, 0x00, 0x00,
  0x00, 0x20, 0x00, 0x0b, 0x01, 0xfe, 0x00, 0x05, 0x00, 0x00, 0x00, 0x00,
  0x01, 0x4d, 0x00, 0x00, 0x00, 0xf3, 0x00, 0x00, 0x01, 0x48, 0x00, 0x62,
  0x01, 0x6e, 0x00, 0x38, 0x02, 0xc2, 0x00, 0x24, 0x02, 0x3a, 0x00, 0x2d,
  0x03, 0x18, 0x00, 0x26, 0x02, 0xaf, 0x00, 0x2d, 0x00, 0xd0, 0x00, 0x38,
  0x01, 0x36, 0x00, 0x41, 0x01, 0x36, 0x00, 0x13, 0x01, 0xcd, 0x00, 0x1b,
  0x02, 0x79, 0x00, 0x31, 0x01, 0x09, 0x00, 0x11, 0x01, 0xc9, 0x00, 0x4e,
  0x01, 0x01, 0x00, 0x41, 0x01, 0x9a, 0x00, 0x1b, 0x02, 0x75, 0x00, 0x39,
  0x02, 0x00, 0x00, 0x2b, 0x02, 0x44, 0x00, 0x32, 0x02, 0x3e, 0x00, 0x23,
  0x02, 0x6d, 0x00, 0x1c, 0x02, 0x39, 0x00, 0x2b, 0x02, 0x5c, 0x00, 0x35,
  0x02, 0x20, 0x00, 0x23, 0x02, 0x63, 0x00, 0x33, 0x02, 0x5c, 0x00, 0x2b,
  0x01, 0x20, 0x00, 0x51, 0x01, 0x24, 0x00, 0x1f, 0x02, 0x2c, 0x00, 0x19,
  0x02, 0x8c, 0x00, 0x52, 0x02, 0x2c, 0x00, 0x32, 0x01, 0xe7, 0x00, 0x18,
  0x03, 0x42, 0x00, 0x33, 0x02, 0x7d, 0x00, 0x01, 0x02, 0x82, 0x00, 0x5a,
  0x02, 0xcc, 0x00, 0x29, 0x02, 0xe3, 0x00, 0x5a, 0x02, 0x3f, 0x00, 0x5a,
  0x02, 0x11, 0x00, 0x5a, 0x02, 0xf8, 0x00, 0x2a, 0x02, 0xfb, 0x00, 0x5a,
  0x01, 0x35, 0x00, 0x5a, 0x02, 0x23, 0x00, 0x18, 0x02, 0x87, 0x00, 0x5a,
  0x02, 0x1b, 0x00, 0x5a, 0x03, 0x6e, 0x00, 0x44, 0x02, 0xf8, 0x00, 0x5a,
  0x03, 0x30, 0x00, 0x29, 0x02, 0x66, 0x00, 0x5a, 0x03, 0x3a, 0x00, 0x29,
  0x02, 0x92, 0x00, 0x5a, 0x02, 0x2a, 0x00, 0x24, 0x02, 0x5b, 0x00, 0x04,
  0x02, 0xdd, 0x00, 0x50, 0x02, 0x84, 0xff, 0xff, 0x03, 0xc6, 0x00, 0x1a,
  0x02, 0x79, 0x00, 0x11, 0x02, 0x5d, 0x00, 0x02, 0x02, 0x66, 0x00, 0x26,
  0x01, 0x3d, 0x00, 0x5d, 0x01, 0x9b, 0x00, 0x14, 0x01, 0x3d, 0x00, 0x1b,
  0x02, 0x6b, 0x00, 0x41, 0x02, 0x59, 0x00, 0x14, 0x01, 0xed, 0x00, 0x8f,
  0x02, 0x16, 0x00, 0x1b, 0x02, 0x63, 0x00, 0x46, 0x02, 0x21, 0x00, 0x21,
  0x02, 0x63, 0x00, 0x23, 0x02, 0x2a, 0x00, 0x22, 0x01, 0x5b, 0x00, 0x21,
  0x02, 0x5c, 0x00, 0x24, 0x02, 0x65, 0x00, 0x46, 0x01, 0x0b, 0x00, 0x46,
  0x01, 0x0b, 0xff, 0xc9, 0x02, 0x28, 0x00, 0x46, 0x01, 0x1c, 0x00, 0x3f,
  0x03, 0x91, 0x00, 0x46, 0x02, 0x65, 0x00, 0x46, 0x02, 0x71, 0x00, 0x20,
  0x02, 0x63, 0x00, 0x46, 0x02, 0x63, 0x00, 0x23, 0x01, 0x89, 0x00, 0x46,
  0x01, 0xc4, 0x00, 0x1b, 0x01, 0x79, 0x00, 0x1a, 0x02, 0x61, 0x00, 0x3f,
  0x02, 0x07, 0x00, 0x00, 0x03, 0x35, 0x00, 0x0e, 0x02, 0x0c, 0x00, 0x11,
  0x02, 0x09, 0xff, 0xf8, 0x02, 0x0c, 0x00, 0x23, 0x01, 0x6d, 0x00, 0x2b,
  0x01, 0x22, 0x00, 0x5b, 0x01, 0x6d, 0x00, 0x1d, 0x02, 0x62, 0x00, 0x38,
  0x00, 0xf3, 0x00, 0x00, 0x01, 0x31, 0x00, 0x56, 0x02, 0x40, 0x00, 0x2d,
  0x02, 0x4f, 0x00, 0x33, 0x02, 0x66, 0x00, 0x17, 0x01, 0xd6, 0x00, 0x26,
  0x01, 0xed, 0x00, 0x6a, 0x03, 0x29, 0x00, 0x2e, 0x01, 0x9d, 0x00, 0x3e,
  0x02, 0x48, 0x00, 0x23, 0x02, 0x5b, 0x00, 0x2f, 0x01, 0xaf, 0x00, 0x41,
  0x03, 0x29, 0x00, 0x2e, 0x01, 0xed, 0x00, 0x74, 0x01, 0x8b, 0x00, 0x23,
  0x02, 0x79, 0x00, 0x31, 0x01, 0x8b, 0x00, 0x2c, 0x01, 0x8b, 0x00, 0x24,
  0x01, 0xed, 0x00, 0x8f, 0x02, 0x75, 0x00, 0x4d, 0x02, 0x65, 0x00, 0x24,
  0x01, 0x15, 0x00, 0x4d, 0x01, 0xed, 0x00, 0xa2, 0x01, 0x8b, 0x00, 0x39,
  0x01, 0xc9, 0x00, 0x35, 0x02, 0x49, 0x00, 0x28, 0x03, 0xd1, 0x00, 0x38,
  0x03, 0xd3, 0x00, 0x2b, 0x03, 0xda, 0x00, 0x21, 0x01, 0xcb, 0x00, 0x20,
  0x02, 0x7d, 0x00, 0x01, 0x02, 0x7d, 0x00, 0x01, 0x02, 0x7d, 0x00, 0x01,
  0x02, 0x7d, 0x00, 0x01, 0x02, 0x7d, 0x00, 0x01, 0x02, 0x7d, 0x00, 0x01,
  0x03, 0x87, 0xff, 0xfc, 0x02, 0xce, 0x00, 0x2b, 0x02, 0x3f, 0x00, 0x5a,
  0x02, 0x3f, 0x00, 0x5a, 0x02, 0x3f, 0x00, 0x5a, 0x02, 0x3f, 0x00, 0x5a,
  0x01, 0x35, 0x00, 0x03, 0x01, 0x35, 0x00, 0x5a, 0x01, 0x35, 0xff, 0xff,
  0x01, 0x35, 0x00, 0x0f, 0x02, 0xf6, 0x00, 0x33, 0x02, 0xf8, 0x00, 0x5a,
  0x03, 0x30, 0x00, 0x29, 0x03, 0x30, 0x00, 0x29, 0x03, 0x30, 0x00, 0x29,
  0x03, 0x30, 0x00, 0x29, 0x03, 0x30, 0x00, 0x29, 0x02, 0x6e, 0x00, 0x2f,
  0x03, 0x34, 0x00, 0x2c, 0x02, 0xdd, 0x00, 0x50, 0x02, 0xdd, 0x00, 0x50,
  0x02, 0xdd, 0x00, 0x50, 0x02, 0xdd, 0x00, 0x50, 0x02, 0x5d, 0x00, 0x02,
  0x02, 0x67, 0x00, 0x5a, 0x02, 0x5c, 0x00, 0x46, 0x02, 0x16, 0x00, 0x1b,
  0x02, 0x16, 0x00, 0x1b, 0x02, 0x16, 0x00, 0x1b, 0x02, 0x16, 0x00, 0x1b,
  0x02, 0x16, 0x00, 0x1b, 0x02, 0x16, 0x00, 0x1b, 0x03, 0x55, 0x00, 0x1b,
  0x02, 0x22, 0x00, 0x22, 0x02, 0x2a, 0x00, 0x22, 0x02, 0x2a, 0x00, 0x22,
  0x02, 0x2a, 0x00, 0x22, 0x02, 0x2a, 0x00, 0x22, 0x01, 0x0b, 0xff, 0xed,
  0x01, 0x0b, 0x00, 0x46, 0x01, 0x0b, 0xff, 0xe9, 0x01, 0x0b, 0xff, 0xf9,
  0x02, 0x49, 0x00, 0x21, 0x02, 0x65, 0x00, 0x46, 0x02, 0x71, 0x00, 0x20,
  0x02, 0x71, 0x00, 0x20, 0x02, 0x71, 0x00, 0x20, 0x02, 0x71, 0x00, 0x20,
  0x02, 0x71, 0x00, 0x20, 0x02, 0x71, 0x00, 0x34, 0x02, 0x71, 0x00, 0x20,
  0x02, 0x61, 0x00, 0x3f, 0x02, 0x61, 0x00, 0x3f, 0x02, 0x61, 0x00, 0x3f,
  0x02, 0x61, 0x00, 0x3f, 0x02, 0x09, 0xff, 0xf8, 0x02, 0x62, 0x00, 0x46,
  0x02, 0x09, 0xff, 0xf8, 0x02, 0x7d, 0x00, 0x01, 0x02, 0x16, 0x00, 0x1b,
  0x02, 0x7d, 0x00, 0x01, 0x02, 0x16, 0x00, 0x1b, 0x02, 0x7d, 0x00, 0x01,
  0x02, 0x16, 0x00, 0x1b, 0x02, 0xcc, 0x00, 0x29, 0x02, 0x21, 0x00, 0x21,
  0x02, 0xcc, 0x00, 0x29, 0x02, 0x21, 0x00, 0x21, 0x02, 0xcc, 0x00, 0x29,
  0x02, 0x21, 0x00, 0x21, 0x02, 0xcc, 0x00, 0x29, 0x02, 0x21, 0x00, 0x21,
  0x02, 0xe3, 0x00, 0x5a, 0x02, 0x81, 0x00, 0x23, 0x02, 0xf6, 0x00, 0x33,
  0x02, 0x63, 0x00, 0x23, 0x02, 0x3f, 0x00, 0x5a, 0x02, 0x2a, 0x00, 0x22,
  0x02, 0x3f, 0x00, 0x5a, 0x02, 0x2a, 0x00, 0x22, 0x02, 0x3f, 0x00, 0x5a,
  0x02, 0x2a, 0x00, 0x22, 0x02, 0x3f, 0x00, 0x5a, 0x02, 0x2b, 0x00, 0x22,
  0x02, 0x3f, 0x00, 0x5a, 0x02, 0x2a, 0x00, 0x22, 0x02, 0xf8, 0x00, 0x2a,
  0x02, 0x5c, 0x00, 0x24, 0x02, 0xf8, 0x00, 0x2a, 0x02, 0x5c, 0x00, 0x24,
  0x02, 0xf8, 0x00, 0x2a, 0x02, 0x5c, 0x00, 0x24, 0x02, 0xf8, 0x00, 0x2a,
  0x02, 0x5c, 0x00, 0x24, 0x02, 0xfb, 0x00, 0x5a, 0x02, 0x65, 0xff, 0xea,
  0x03, 0x25, 0x00, 0x32, 0x02, 0x65, 0x00, 0x04, 0x01, 0x35, 0xff, 0xe6,
  0x01, 0x0b, 0xff, 0xd0, 0x01, 0x35, 0x00, 0x19, 0x01, 0x0b, 0x00, 0x03,
  0x01, 0x35, 0x00, 0x07, 0x01, 0x0b, 0xff, 0xf1, 0x01, 0x35, 0x00, 0x3e,
  0x01, 0x0b, 0x00, 0x28, 0x01, 0x35, 0x00, 0x5a, 0x01, 0x0b, 0x00, 0x46,
  0x02, 0x83, 0x00, 0x5a, 0x02, 0x1a, 0x00, 0x46, 0x02, 0x23, 0x00, 0x18,
  0x01, 0x0b, 0xff, 0xc9, 0x02, 0x87, 0x00, 0x5a, 0x02, 0x28, 0x00, 0x46,
  0x02, 0x29, 0x00, 0x46, 0x02, 0x1b, 0x00, 0x5a, 0x01, 0x1c, 0x00, 0x3f,
  0x02, 0x1b, 0x00, 0x5a, 0x01, 0x1c, 0x00, 0x3f, 0x02, 0x1b, 0x00, 0x5a,
  0x01, 0x3a, 0x00, 0x3f, 0x02, 0x1b, 0x00, 0x5a, 0x01, 0x88, 0x00, 0x3f,
  0x02, 0x32, 0x00, 0x39, 0x01, 0x52, 0x00, 0x23, 0x02, 0xf8, 0x00, 0x5a,
  0x02, 0x65, 0x00, 0x46, 0x02, 0xf8, 0x00, 0x5a, 0x02, 0x65, 0x00, 0x46,
  0x02, 0xf8, 0x00, 0x5a, 0x02, 0x65, 0x00, 0x46, 0x02, 0x65, 0xff, 0xed,
  0x02, 0xf8, 0x00, 0x5a, 0x02, 0x66, 0x00, 0x46, 0x03, 0x30, 0x00, 0x29,
  0x02, 0x71, 0x00, 0x20, 0x03, 0x30, 0x00, 0x29, 0x02, 0x71, 0x00, 0x20,
  0x03, 0x30, 0x00, 0x29, 0x02, 0x71, 0x00, 0x20, 0x03, 0xc8, 0x00, 0x28,
  0x03, 0xd8, 0x00, 0x21, 0x02, 0x92, 0x00, 0x5a, 0x01, 0x89, 0x00, 0x46,
  0x02, 0x92, 0x00, 0x5a, 0x01, 0x89, 0x00, 0x46, 0x02, 0x92, 0x00, 0x5a,
  0x01, 0x89, 0x00, 0x46, 0x02, 0x2a, 0x00, 0x24, 0x01, 0xc4, 0x00, 0x1b,
  0x02, 0x2a, 0x00, 0x24, 0x01, 0xc4, 0x00, 0x1b, 0x02, 0x2a, 0x00, 0x24,
  0x01, 0xc4, 0x00, 0x1b, 0x02, 0x2a, 0x00, 0x24, 0x01, 0xc4, 0x00, 0x1b,
  0x02, 0x5b, 0x00, 0x04, 0x01, 0x7a, 0x00, 0x1b, 0x02, 0x5b, 0x00, 0x04,
  0x01, 0x79, 0x00, 0x1a, 0x02, 0x6f, 0x00, 0x0e, 0x01, 0x8f, 0x00, 0x21,
  0x02, 0xdd, 0x00, 0x50, 0x02, 0x61, 0x00, 0x3f, 0x02, 0xdd, 0x00, 0x50,
  0x02, 0x61, 0x00, 0x3f, 0x02, 0xdd, 0x00, 0x50, 0x02, 0x61, 0x00, 0x3f,
  0x02, 0xdd, 0x00, 0x50, 0x02, 0x61, 0x00, 0x3f, 0x02, 0xdd, 0x00, 0x50,
  0x02, 0x61, 0x00, 0x3f, 0x02, 0xdb, 0x00, 0x50, 0x02, 0x61, 0x00, 0x3f,
  0x03, 0xc6, 0x00, 0x1a, 0x03, 0x35, 0x00, 0x0e, 0x02, 0x5d, 0x00, 0x02,
  0x02, 0x09, 0xff, 0xf8, 0x02, 0x5d, 0x00, 0x02, 0x02, 0x66, 0x00, 0x26,
  0x02, 0x0c, 0x00, 0x23, 0x02, 0x66, 0x00, 0x26, 0x02, 0x0c, 0x00, 0x23,
  0x02, 0x66, 0x00, 0x26, 0x02, 0x0c, 0x00, 0x23, 0x01, 0x25, 0x00, 0x21,
  0x02, 0x39, 0x00, 0x14, 0x02, 0x2a, 0x00, 0x24, 0x01, 0xc4, 0x00, 0x1b,
  0x02, 0x5b, 0x00, 0x04, 0x01, 0x79, 0x00, 0x1a, 0x01, 0xee, 0x00, 0x5b,
  0x01, 0xee, 0x00, 0x5b, 0x01, 0xed, 0x00, 0x62, 0x01, 0xee, 0x00, 0xc1,
  0x01, 0xee, 0x00, 0x98, 0x01, 0xee, 0x00, 0xa0, 0x01, 0xed, 0x00, 0x41,
  0x01, 0xed, 0x00, 0x3b, 0x02, 0xbc, 0x00, 0x52, 0x00, 0x10, 0x00, 0x00,
  0x02, 0xc5, 0x00, 0x4e, 0x03, 0x8d, 0x00, 0x4e, 0x00, 0xed, 0x00, 0x28,
  0x00, 0xe7, 0x00, 0x2c, 0x00, 0xfa, 0x00, 0x20, 0x01, 0x91, 0x00, 0x28,
  0x01, 0x8b, 0x00, 0x2c, 0x01, 0x99, 0x00, 0x20, 0x01, 0xbc, 0x00, 0x24,
  0x01, 0xdc, 0x00, 0x34, 0x01, 0xa0, 0x00, 0x29, 0x03, 0x36, 0x00, 0x41,
  0x04, 0x8d, 0x00, 0x26, 0x01, 0x68, 0x00, 0x23, 0x01, 0x68, 0x00, 0x28,
  0x00, 0xb3, 0xff, 0x83, 0x01, 0x8b, 0x00, 0x23, 0x01, 0x8b, 0x00, 0x14,
  0x01, 0x8b, 0x00, 0x28, 0x01, 0x8b, 0x00, 0x27, 0x01, 0x8b, 0x00, 0x2c,
  0x01, 0x8b, 0x00, 0x21, 0x01, 0x8b, 0x00, 0x22, 0x01, 0x8b, 0x00, 0x23,
  0x01, 0x8b, 0x00, 0x39, 0x01, 0x8b, 0x00, 0x2c, 0x01, 0x8b, 0x00, 0x24,
  0x01, 0x8b, 0x00, 0x14, 0x01, 0x8b, 0x00, 0x28, 0x01, 0x8b, 0x00, 0x27,
  0x01, 0x8b, 0x00, 0x2c, 0x01, 0x8b, 0x00, 0x21, 0x01, 0x8b, 0x00, 0x22,
  0x02, 0x4d, 0x00, 0x1f, 0x03, 0xb2, 0x00, 0x12, 0x02, 0x6b, 0x00, 0x2e,
  0x02, 0x05, 0x00, 0x43, 0x02, 0x6b, 0x00, 0x37, 0x02, 0x6b, 0x00, 0x42,
  0x02, 0x6b, 0x00, 0x40, 0x02, 0x6b, 0x00, 0x4b, 0x02, 0xb6, 0x00, 0x21,
  0x02, 0x66, 0x00, 0x21, 0x02, 0x77, 0x00, 0x21, 0x03, 0xc1, 0x00, 0x21,
  0x03, 0xd2, 0x00, 0x21, 0x01, 0x4f, 0x00, 0x6e, 0x04, 0x6a, 0x00, 0x2a,
  0x02, 0x66, 0x00, 0x21, 0x02, 0x48, 0x00, 0x24, 0x02, 0x48, 0x00, 0x4f,
  0x02, 0x48, 0x00, 0x3b, 0x02, 0x48, 0x00, 0x2f, 0x02, 0x48, 0x00, 0x13,
  0x02, 0x48, 0x00, 0x30, 0x02, 0x48, 0x00, 0x29, 0x02, 0x48, 0x00, 0x38,
  0x02, 0x48, 0x00, 0x25, 0x02, 0x48, 0x00, 0x25, 0x01, 0xeb, 0x00, 0x5f,
  0x01, 0x5d, 0x00, 0x53, 0x01, 0x5d, 0x00, 0x27, 0x01, 0x73, 0x00, 0x6f,
  0x01, 0x73, 0x00, 0x3f, 0x01, 0xa1, 0x00, 0x3f, 0x01, 0xa1, 0x00, 0x3d,
  0x03, 0x50, 0x00, 0x42, 0x02, 0x70, 0x00, 0x37, 0x02, 0x71, 0x00, 0x3c,
  0x01, 0x90, 0x00, 0x37, 0x01, 0x90, 0x00, 0x3c, 0x02, 0xe7, 0x00, 0x5f,
  0x03, 0xaf, 0x00, 0x5f, 0x01, 0x35, 0x00, 0x5d, 0x02, 0x0b, 0x00, 0x40,
  0x01, 0x65, 0x00, 0x70, 0x01, 0xc8, 0x00, 0x3d, 0x02, 0x4a, 0x00, 0x2e,
  0x01, 0xed, 0x00, 0x23, 0x02, 0x1d, 0x00, 0x25, 0x02, 0x0c, 0x00, 0x0a,
  0x02, 0x58, 0x00, 0x18, 0x02, 0x18, 0x00, 0x18, 0x02, 0x49, 0x00, 0x34,
  0x02, 0x0e, 0x00, 0x1b, 0x02, 0x4a, 0x00, 0x2d, 0x02, 0x4c, 0x00, 0x23,
  0x02, 0x48, 0x00, 0x2e, 0x02, 0x48, 0x00, 0x57, 0x02, 0x48, 0x00, 0x3f,
  0x02, 0x48, 0x00, 0x32, 0x02, 0x48, 0x00, 0x18, 0x02, 0x48, 0x00, 0x36,
  0x02, 0x48, 0x00, 0x2b, 0x02, 0x48, 0x00, 0x37, 0x02, 0x48, 0x00, 0x2b,
  0x02, 0x48, 0x00, 0x2a, 0x02, 0x14, 0x00, 0x2b, 0x02, 0x29, 0x00, 0x2d,
  0x02, 0x6d, 0x00, 0x34, 0x02, 0x80, 0x00, 0x2c, 0x02, 0x3b, 0x00, 0x14,
  0x02, 0x57, 0x00, 0x31, 0x01, 0x8b, 0x00, 0x23, 0x00, 0x39, 0x00, 0x2c,
  0x00, 0x24, 0x00, 0x14, 0x00, 0x28, 0x00, 0x27, 0x00, 0x2c, 0x00, 0x21,
  0x00, 0x22, 0x00, 0x23, 0x00, 0x39, 0x00, 0x2c, 0x00, 0x24, 0x00, 0x14,
  0x00, 0x28, 0x00, 0x27, 0x00, 0x2c, 0x00, 0x21, 0x00, 0x22, 0x00, 0x00,
  0x00, 0x00, 0x00, 0x03, 0x00, 0x00, 0x00, 0x03, 0x00, 0x00, 0x00, 0x1c,
  0x00, 0x01, 0x00, 0x00, 0x00, 0x00, 0x01, 0x24, 0x00, 0x03, 0x00, 0x01,
  0x00, 0x00, 0x00, 0x1c, 0x00, 0x04, 0x01, 0x08, 0x00, 0x00, 0x00, 0x3e,
  0x00, 0x20, 0x00, 0x04, 0x00, 0x1e, 0x00, 0x7e, 0x00, 0xa3, 0x00, 0xa5,
  0x01, 0x7f, 0x01, 0x92, 0x02, 0x1b, 0x02, 0xc7, 0x02, 0xdd, 0x03, 0xbc,
  0x1e, 0x9e, 0x20, 0x09, 0x20, 0x14, 0x20, 0x1a, 0x20, 0x1e, 0x20, 0x22,
  0x20, 0x26, 0x20, 0x30, 0x20, 0x3a, 0x20, 0x44, 0x20, 0x70, 0x20, 0x79,
  0x20, 0x89, 0x20, 0xac, 0x21, 0x22, 0x22, 0x12, 0x22, 0x1e, 0x22, 0x48,
  0x22, 0x60, 0x22, 0x65, 0xfb, 0x04, 0xff, 0xff, 0x00, 0x00, 0x00, 0x20,
  0x00, 0xa0, 0x00, 0xa5, 0x00, 0xa7, 0x01, 0x92, 0x02, 0x18, 0x02, 0xc6,
  0x02, 0xd8, 0x03, 0xbc, 0x1e, 0x9e, 0x20, 0x09, 0x20, 0x13, 0x20, 0x18,
  0x20, 0x1c, 0x20, 0x20, 0x20, 0x26, 0x20, 0x30, 0x20, 0x39, 0x20, 0x44,
  0x20, 0x70, 0x20, 0x74, 0x20, 0x80, 0x20, 0xac, 0x21, 0x22, 0x22, 0x12,
  0x22, 0x1e, 0x22, 0x48, 0x22, 0x60, 0x22, 0x64, 0xfb, 0x00, 0xff, 0xff,
  0xff, 0xe3, 0xff, 0xc2, 0xff, 0xc1, 0xff, 0xc0, 0xff, 0xae, 0xff, 0x29,
  0xfe, 0x7f, 0xfe, 0x6f, 0xfc, 0xb9, 0xe2, 0xaf, 0xe1, 0x45, 0xe1, 0x3c,
  0xe1, 0x39, 0xe1, 0x38, 0xe1, 0x37, 0xe1, 0x34, 0xe1, 0x2b, 0xe1, 0x23,
  0xe1, 0x1a, 0xe0, 0xef, 0xe0, 0xec, 0xe0, 0xe6, 0xe0, 0xc4, 0xe0, 0x4f,
  0xdf, 0x60, 0xdf, 0x55, 0xdf, 0x2c, 0xdf, 0x15, 0xdf, 0x12, 0x06, 0x78,
  0x00, 0x01, 0x00, 0x00, 0x00, 0x00, 0x00, 0x00, 0x00, 0x00, 0x00, 0x00,
  0x00, 0x00, 0x00, 0x00, 0x00, 0x00, 0x00, 0x00, 0x00, 0x00, 0x00, 0x00,
  0x00, 0x00, 0x00, 0x00, 0x00, 0x00, 0x00, 0x00, 0x00, 0x00, 0x00, 0x00,
  0x00, 0x00, 0x00, 0x00, 0x00, 0x00, 0x00, 0x00, 0x00, 0x00, 0x00, 0x00,
  0x00, 0x00, 0x00, 0x00, 0x00, 0x00, 0x00, 0x00, 0x00, 0x00, 0x00, 0x00,
  0x00, 0x00, 0x00, 0x00, 0x00, 0x06, 0x02, 0x0a, 0x00, 0x00, 0x00, 0x00,
  0x01, 0x00, 0x00, 0x01, 0x00, 0x00, 0x00, 0x00, 0x00, 0x00, 0x00, 0x00,
  0x00, 0x00, 0x00, 0x00, 0x00, 0x00, 0x00, 0x01, 0x00, 0x02, 0x00, 0x00,
  0x00, 0x00, 0x00, 0x00, 0x00, 0x02, 0x00, 0x00, 0x00, 0x00, 0x00, 0x00,
  0x00, 0x00, 0x00, 0x00, 0x00, 0x00, 0x00, 0x00, 0x00, 0x00, 0x00, 0x00,
  0x00, 0x00, 0x00, 0x00, 0x00, 0x00, 0x00, 0x00, 0x00, 0x00, 0x00, 0x00,
  0x00, 0x01, 0x00, 0x00, 0x00, 0x00, 0x00, 0x03, 0x00, 0x04, 0x00, 0x05,
  0x00, 0x06, 0x00, 0x07, 0x00, 0x08, 0x00, 0x09, 0x00, 0x0a, 0x00, 0x0b,
  0x00, 0x0c, 0x00, 0x0d, 0x00, 0x0e, 0x00, 0x0f, 0x00, 0x10, 0x00, 0x11,
  0x00, 0x12, 0x00, 0x13, 0x00, 0x14, 0x00, 0x15, 0x00, 0x16, 0x00, 0x17,
  0x00, 0x18, 0x00, 0x19, 0x00, 0x1a, 0x00, 0x1b, 0x00, 0x1c, 0x00, 0x1d,
  0x00, 0x1e, 0x00, 0x1f, 0x00, 0x20, 0x00, 0x21, 0x00, 0x22, 0x00, 0x23,
  0x00, 0x24, 0x00, 0x25, 0x00, 0x26, 0x00, 0x27, 0x00, 0x28, 0x00, 0x29,
  0x00, 0x2a, 0x00, 0x2b, 0x00, 0x2c, 0x00, 0x2d, 0x00, 0x2e, 0x00, 0x2f,
  0x00, 0x30, 0x00, 0x31, 0x00, 0x32, 0x00, 0x33, 0x00, 0x34, 0x00, 0x35,
  0x00, 0x36, 0x00, 0x37, 0x00, 0x38, 0x00, 0x39, 0x00, 0x3a, 0x00, 0x3b,
  0x00, 0x3c, 0x00, 0x3d, 0x00, 0x3e, 0x00, 0x3f, 0x00, 0x40, 0x00, 0x41,
  0x00, 0x42, 0x00, 0x43, 0x00, 0x44, 0x00, 0x45, 0x00, 0x46, 0x00, 0x47,
  0x00, 0x48, 0x00, 0x49, 0x00, 0x4a, 0x00, 0x4b, 0x00, 0x4c, 0x00, 0x4d,
  0x00, 0x4e, 0x00, 0x4f, 0x00, 0x50, 0x00, 0x51, 0x00, 0x52, 0x00, 0x53,
  0x00, 0x54, 0x00, 0x55, 0x00, 0x56, 0x00, 0x57, 0x00, 0x58, 0x00, 0x59,
  0x00, 0x5a, 0x00, 0x5b, 0x00, 0x5c, 0x00, 0x5d, 0x00, 0x5e, 0x00, 0x5f,
  0x00, 0x60, 0x00, 0x61, 0x00, 0x00, 0x00, 0x84, 0x00, 0x85, 0x00, 0x87,
  0x00, 0x89, 0x00, 0x91, 0x00, 0x96, 0x00, 0x9c, 0x00, 0xa1, 0x00, 0xa0,
  0x00, 0xa2, 0x00, 0xa4, 0x00, 0xa3, 0x00, 0xa5, 0x00, 0xa7, 0x00, 0xa9,
  0x00, 0xa8, 0x00, 0xaa, 0x00, 0xab, 0x00, 0xad, 0x00, 0xac, 0x00, 0xae,
  0x00, 0xaf, 0x00, 0xb1, 0x00, 0xb3, 0x00, 0xb2, 0x00, 0xb4, 0x00, 0xb6,
  0x00, 0xb5, 0x00, 0xba, 0x00, 0xb9, 0x00, 0xbb, 0x00, 0xbc, 0x01, 0x57,
  0x00, 0x70, 0x00, 0x64, 0x00, 0x65, 0x00, 0x67, 0x01, 0x59, 0x00, 0x76,
  0x00, 0x9f, 0x00, 0x6e, 0x00, 0x69, 0x01, 0x71, 0x00, 0x74, 0x00, 0x68,
  0x01, 0x75, 0x00, 0x86, 0x00, 0x98, 0x01, 0x73, 0x00, 0x71, 0x01, 0x76,
  0x01, 0x77, 0x00, 0x66, 0x00, 0x75, 0x00, 0x00, 0x00, 0x00, 0x00, 0x00,
  0x00, 0x00, 0x00, 0x00, 0x00, 0x6a, 0x00, 0x7a, 0x00, 0x00, 0x00, 0xa6,
  0x00, 0xb8, 0x00, 0x7f, 0x00, 0x63, 0x00, 0x6c, 0x00, 0x00, 0x01, 0x40,
  0x01, 0x74, 0x00, 0x00, 0x00, 0x6b, 0x00, 0x7b, 0x01, 0x5a, 0x00, 0x62,
  0x00, 0x80, 0x00, 0x83, 0x00, 0x95, 0x01, 0x12, 0x01, 0x13, 0x01, 0x4f,
  0x01, 0x50, 0x01, 0x54, 0x01, 0x55, 0x01, 0x51, 0x01, 0x52, 0x00, 0xb7,
  0x00, 0x00, 0x00, 0xbf, 0x01, 0x38, 0x01, 0x5e, 0x01, 0x70, 0x01, 0x5c,
  0x01, 0x5d, 0x01, 0x79, 0x01, 0x7a, 0x01, 0x58, 0x00, 0x77, 0x01, 0x53,
  0x01, 0x56, 0x01, 0x5b, 0x00, 0x82, 0x00, 0x8a, 0x00, 0x81, 0x00, 0x8b,
  0x00, 0x88, 0x00, 0x8d, 0x00, 0x8e, 0x00, 0x8f, 0x00, 0x8c, 0x00, 0x93,
  0x00, 0x94, 0x00, 0x00, 0x00, 0x92, 0x00, 0x9a, 0x00, 0x9b, 0x00, 0x99,
  0x00, 0xf1, 0x01, 0x45, 0x01, 0x4b, 0x00, 0x6f, 0x01, 0x47, 0x01, 0x48,
  0x01, 0x49, 0x00, 0x78, 0x01, 0x4c, 0x01, 0x4a, 0x01, 0x46, 0x00, 0x00,
  0x00, 0x00, 0x00, 0x28, 0x00, 0x28, 0x00, 0x28, 0x00, 0x28, 0x00, 0x3c,
  0x00, 0x4e, 0x00, 0x80, 0x00, 0xc6, 0x01, 0x0c, 0x01, 0x52, 0x01, 0x5e,
  0x01, 0x72, 0x01, 0x86, 0x01, 0xa8, 0x01, 0xbc, 0x01, 0xca, 0x01, 0xd6,
  0x01, 0xe2, 0x01, 0xf0, 0x02, 0x14, 0x02, 0x2e, 0x02, 0x64, 0x02, 0x98,
  0x02, 0xb8, 0x02, 0xf2, 0x03, 0x2e, 0x03, 0x4a, 0x03, 0x98, 0x03, 0xd4,
  0x03, 0xe6, 0x03, 0xfa, 0x04, 0x0e, 0x04, 0x22, 0x04, 0x36, 0x04, 0x68,
  0x04, 0x9e, 0x04, 0xbc, 0x04, 0xee, 0x05, 0x24, 0x05, 0x42, 0x05, 0x58,
  0x05, 0x6c, 0x05, 0xa8, 0x05, 0xc0, 0x05, 0xcc, 0x05, 0xea, 0x06, 0x06,
  0x06, 0x16, 0x06, 0x44, 0x06, 0x6e, 0x06, 0x92, 0x06, 0xb2, 0x06, 0xe4,
  0x07, 0x10, 0x07, 0x50, 0x07, 0x62, 0x07, 0x80, 0x07, 0xa2, 0x07, 0xd8,
  0x07, 0xfc, 0x08, 0x1e, 0x08, 0x48, 0x08, 0x5a, 0x08, 0x6a, 0x08, 0x7c,
  0x08, 0x90, 0x08, 0x9c, 0x08, 0xaa, 0x08, 0xea, 0x09, 0x22, 0x09, 0x52,
  0x09, 0x8c, 0x09, 0xbe, 0x09, 0xe0, 0x0a, 0x22, 0x0a, 0x46, 0x0a, 0x5a,
  0x0a, 0x7e, 0x0a, 0x98, 0x0a, 0xb2, 0x0a, 0xea, 0x0b, 0x0e, 0x0b, 0x30,
  0x0b, 0x6a, 0x0b, 0xa2, 0x0b, 0xc2, 0x0b, 0xfe, 0x0c, 0x20, 0x0c, 0x42,
  0x0c, 0x62, 0x0c, 0x90, 0x0c, 0xb4, 0x0c, 0xdc, 0x0d, 0x04, 0x0d, 0x54,
  0x0d, 0x62, 0x0d, 0xac, 0x0d, 0xce, 0x0d, 0xce, 0x0d, 0xe2, 0x0e, 0x10,
  0x0e, 0x3a, 0x0e, 0x6a, 0x0e, 0xaa, 0x0e, 0xbc, 0x0f, 0x0c, 0x0f, 0x4a,
  0x0f, 0x64, 0x0f, 0x74, 0x0f, 0x80, 0x0f, 0xc4, 0x0f, 0xd2, 0x0f, 0xf4,
  0x10, 0x10, 0x10, 0x40, 0x10, 0x72, 0x10, 0x80, 0x10, 0xae, 0x10, 0xca,
  0x10, 0xd6, 0x10, 0xfa, 0x11, 0x16, 0x11, 0x42, 0x11, 0x5c, 0x11, 0x9a,
  0x11, 0xea, 0x12, 0x3c, 0x12, 0x70, 0x12, 0x96, 0x12, 0xbc, 0x12, 0xe6,
  0x13, 0x1a, 0x13, 0x44, 0x13, 0x82, 0x13, 0xa6, 0x13, 0xf6, 0x14, 0x14,
  0x14, 0x32, 0x14, 0x54, 0x14, 0x76, 0x14, 0x8a, 0x14, 0x9e, 0x14, 0xb6,
  0x14, 0xce, 0x14, 0xf4, 0x15, 0x34, 0x15, 0x5e, 0x15, 0x88, 0x15, 0xb8,
  0x15, 0xf2, 0x16, 0x22, 0x16, 0x3c, 0x16, 0x78, 0x16, 0x9c, 0x16, 0xc0,
  0x16, 0xea, 0x17, 0x14, 0x17, 0x3e, 0x17, 0x5e, 0x17, 0x9e, 0x17, 0xe6,
  0x18, 0x2e, 0x18, 0x7a, 0x18, 0xd0, 0x19, 0x1c, 0x19, 0x7c, 0x19, 0xde,
  0x1a, 0x28, 0x1a, 0x60, 0x1a, 0x98, 0x1a, 0xd6, 0x1b, 0x14, 0x1b, 0x28,
  0x1b, 0x3c, 0x1b, 0x54, 0x1b, 0x6e, 0x1b, 0xb0, 0x1b, 0xea, 0x1c, 0x12,
  0x1c, 0x3a, 0x1c, 0x68, 0x1c, 0xa0, 0x1c, 0xce, 0x1c, 0xe8, 0x1d, 0x22,
  0x1d, 0x4a, 0x1d, 0x72, 0x1d, 0xa0, 0x1d, 0xce, 0x1d, 0xfe, 0x1e, 0x32,
  0x1e, 0x66, 0x1e, 0x8c, 0x1e, 0xd4, 0x1f, 0x08, 0x1f, 0x5e, 0x1f, 0x90,
  0x1f, 0xe4, 0x20, 0x22, 0x20, 0x58, 0x20, 0x9a, 0x20, 0xd6, 0x21, 0x12,
  0x21, 0x48, 0x21, 0x8a, 0x21, 0xc6, 0x21, 0xee, 0x22, 0x36, 0x22, 0x5c,
  0x22, 0x9e, 0x22, 0xba, 0x22, 0xf2, 0x23, 0x1e, 0x23, 0x66, 0x23, 0x82,
  0x23, 0xba, 0x23, 0xe4, 0x24, 0x28, 0x24, 0x4a, 0x24, 0x88, 0x24, 0xd0,
  0x25, 0x1e, 0x25, 0x70, 0x25, 0xc8, 0x26, 0x0a, 0x26, 0x52, 0x26, 0x9c,
  0x26, 0xea, 0x27, 0x0e, 0x27, 0x3e, 0x27, 0x64, 0x27, 0x90, 0x27, 0xb2,
  0x27, 0xd6, 0x27, 0xea, 0x27, 0xfe, 0x28, 0x20, 0x28, 0x44, 0x28, 0x64,
  0x28, 0x8a, 0x28, 0x9c, 0x28, 0xa8, 0x28, 0xc8, 0x28, 0xf8, 0x29, 0x22,
  0x29, 0x4c, 0x29, 0x74, 0x29, 0x9a, 0x29, 0xb2, 0x29, 0xc8, 0x29, 0xea,
  0x2a, 0x06, 0x2a, 0x2e, 0x2a, 0x4a, 0x2a, 0x72, 0x2a, 0x88, 0x2a, 0xa8,
  0x2a, 0xc2, 0x2a, 0xe6, 0x2b, 0x16, 0x2b, 0x40, 0x2b, 0x76, 0x2b, 0xa6,
  0x2b, 0xdc, 0x2c, 0x0c, 0x2c, 0x3e, 0x2c, 0x72, 0x2c, 0xa2, 0x2c, 0xcc,
  0x2c, 0xf4, 0x2d, 0x2e, 0x2d, 0x66, 0x2d, 0x98, 0x2d, 0xc6, 0x2d, 0xfa,
  0x2e, 0x44, 0x2e, 0x78, 0x2e, 0x9e, 0x2e, 0xd8, 0x2f, 0x04, 0x2f, 0x3c,
  0x2f, 0x68, 0x2f, 0xb0, 0x2f, 0xf2, 0x30, 0x3e, 0x30, 0x86, 0x30, 0xe0,
  0x31, 0x36, 0x31, 0x82, 0x31, 0xca, 0x31, 0xf6, 0x32, 0x30, 0x32, 0x4e,
  0x32, 0x7e, 0x32, 0x98, 0x32, 0xc4, 0x32, 0xf8, 0x33, 0x30, 0x33, 0x54,
  0x33, 0x7c, 0x33, 0xb0, 0x33, 0xe8, 0x34, 0x24, 0x34, 0x64, 0x34, 0x90,
  0x34, 0xc0, 0x34, 0xf6, 0x35, 0x2c, 0x35, 0x6e, 0x35, 0xa8, 0x35, 0xd6,
  0x36, 0x0a, 0x36, 0x38, 0x36, 0x68, 0x36, 0x96, 0x36, 0xc6, 0x36, 0xf4,
  0x37, 0x2a, 0x37, 0x5e, 0x37, 0x7e, 0x37, 0xae, 0x37, 0xfc, 0x38, 0x44,
  0x38, 0x62, 0x38, 0x92, 0x38, 0xa4, 0x38, 0xb6, 0x38, 0xd2, 0x38, 0xde,
  0x39, 0x04, 0x39, 0x26, 0x39, 0x42, 0x39, 0x56, 0x39, 0x90, 0x39, 0x90,
  0x39, 0x9c, 0x39, 0xa8, 0x39, 0xb6, 0x39, 0xc4, 0x39, 0xd2, 0x39, 0xe6,
  0x39, 0xfa, 0x3a, 0x0e, 0x3a, 0x24, 0x3a, 0x40, 0x3a, 0x54, 0x3a, 0x6c,
  0x3a, 0xce, 0x3a, 0xde, 0x3a, 0xee, 0x3a, 0xfc, 0x3b, 0x16, 0x3b, 0x36,
  0x3b, 0x6c, 0x3b, 0xa4, 0x3b, 0xbc, 0x3c, 0x02, 0x3c, 0x3a, 0x3c, 0x54,
  0x3c, 0x6e, 0x3c, 0x9e, 0x3c, 0xce, 0x3c, 0xee, 0x3d, 0x24, 0x3d, 0x5c,
  0x3d, 0x72, 0x3d, 0xb8, 0x3d, 0xee, 0x3e, 0x2e, 0x3e, 0x5e, 0x3e, 0x6a,
  0x3e, 0x7e, 0x3e, 0xb0, 0x3e, 0xd0, 0x3e, 0xea, 0x3f, 0x04, 0x3f, 0x3c,
  0x3f, 0x68, 0x3f, 0x9e, 0x3f, 0xe0, 0x40, 0x2c, 0x40, 0x40, 0x40, 0xac,
  0x40, 0xe8, 0x41, 0x0c, 0x41, 0x26, 0x41, 0x5c, 0x41, 0x90, 0x41, 0xb0,
  0x41, 0xea, 0x42, 0x26, 0x42, 0x42, 0x42, 0x90, 0x42, 0xcc, 0x42, 0xda,
  0x42, 0xee, 0x43, 0x02, 0x43, 0x14, 0x43, 0x26, 0x43, 0x76, 0x43, 0xc0,
  0x43, 0xf6, 0x44, 0x10, 0x44, 0x2a, 0x44, 0x3a, 0x44, 0x4a, 0x44, 0x58,
  0x44, 0x66, 0x44, 0x72, 0x44, 0xa6, 0x44, 0xba, 0x44, 0xd0, 0x44, 0xf6,
  0x45, 0x10, 0x45, 0x3e, 0x45, 0x78, 0x45, 0x98, 0x45, 0xcc, 0x46, 0x08,
  0x46, 0x24, 0x46, 0x6e, 0x46, 0xa8, 0x46, 0xce, 0x46, 0xe8, 0x47, 0x16,
  0x47, 0x50, 0x47, 0x70, 0x47, 0xa4, 0x47, 0xe0, 0x47, 0xfc, 0x48, 0x46,
  0x48, 0x80, 0x48, 0xc6, 0x48, 0xfa, 0x49, 0x22, 0x49, 0x50, 0x49, 0x80,
  0x49, 0xc0, 0x49, 0xda, 0x49, 0xf6, 0x4a, 0x26, 0x4a, 0x58, 0x4a, 0x78,
  0x4a, 0xae, 0x4a, 0xe6, 0x4a, 0xfe, 0x4b, 0x44, 0x4b, 0x7c, 0x4b, 0x96,
  0x4b, 0xb0, 0x4b, 0xe0, 0x4c, 0x10, 0x4c, 0x30, 0x4c, 0x66, 0x4c, 0x9e,
  0x4c, 0xb4, 0x4c, 0xfa, 0x4d, 0x32, 0x00, 0x00, 0x00, 0x05, 0x00, 0x05,
  0x00, 0x00, 0x01, 0xf9, 0x02, 0xbc, 0x00, 0x03, 0x00, 0x06, 0x00, 0x09,
  0x00, 0x0c, 0x00, 0x0f, 0x00, 0x00, 0x33, 0x11, 0x21, 0x11, 0x03, 0x13,
  0x21, 0x13, 0x17, 0x11, 0x01, 0x13, 0x03, 0x13, 0x21, 0x03, 0x05, 0x01,
  0xf4, 0xfa, 0xaa, 0xfe, 0xac, 0xc8, 0xaa, 0xfe, 0x70, 0xaa, 0xaa, 0x1e,
  0x01, 0x54, 0xaa, 0x02, 0xbc, 0xfd, 0x44, 0x01, 0x8b, 0x00, 0xff, 0xfe,
  0xd4, 0xff, 0x01, 0xfe, 0xfe, 0x02, 0x00, 0xff, 0x00, 0xff, 0xfd, 0xd5,
  0x00, 0xff, 0x00, 0x00, 0x00, 0x02, 0x00, 0x62, 0x00, 0x00, 0x00, 0xe6,
  0x02, 0xc6, 0x00, 0x03, 0x00, 0x07, 0x00, 0x00, 0x37, 0x03, 0x33, 0x03,
  0x07, 0x35, 0x33, 0x15, 0x6d, 0x0b, 0x84, 0x0a, 0x75, 0x7b, 0xcd, 0x01,
  0xf9, 0xfe, 0x07, 0xcd, 0x76, 0x76, 0x00, 0x00, 0x00, 0x02, 0x00, 0x38,
  0x02, 0x02, 0x01, 0x36, 0x02, 0xd3, 0x00, 0x03, 0x00, 0x07, 0x00, 0x00,
  0x13, 0x35, 0x33, 0x15, 0x23, 0x35, 0x33, 0x15, 0xd8, 0x5e, 0xfe, 0x5e,
  0x02, 0x02, 0xd1, 0xd1, 0xd1, 0xd1, 0x00, 0x00, 0x00, 0x02, 0x00, 0x24,
  0x00, 0x00, 0x02, 0xa0, 0x02, 0xc6, 0x00, 0x1b, 0x00, 0x1f, 0x00, 0x00,
  0x33, 0x37, 0x23, 0x37, 0x33, 0x37, 0x23, 0x37, 0x33, 0x37, 0x33, 0x07,
  0x33, 0x37, 0x33, 0x07, 0x33, 0x07, 0x23, 0x07, 0x33, 0x07, 0x23, 0x07,
  0x23, 0x37, 0x23, 0x07, 0x13, 0x33, 0x37, 0x23, 0x7b, 0x20, 0x77, 0x0f,
  0x77, 0x19, 0x75, 0x0f, 0x76, 0x23, 0x66, 0x23, 0x88, 0x23, 0x66, 0x23,
  0x79, 0x10, 0x78, 0x19, 0x77, 0x0f, 0x78, 0x20, 0x66, 0x21, 0x89, 0x20,
  0x2f, 0x89, 0x19, 0x89, 0xbb, 0x5b, 0x8c, 0x5c, 0xc8, 0xc8, 0xc8, 0xc8,
  0x5c, 0x8c, 0x5b, 0xbb, 0xbb, 0xbb, 0x01, 0x16, 0x8c, 0x00, 0x00, 0x00,
  0x00, 0x01, 0x00, 0x2d, 0xff, 0x9b, 0x02, 0x0c, 0x03, 0x2b, 0x00, 0x31,
  0x00, 0x00, 0x3f, 0x01, 0x1e, 0x04, 0x33, 0x32, 0x36, 0x35, 0x34, 0x2e,
  0x03, 0x35, 0x34, 0x36, 0x37, 0x35, 0x33, 0x15, 0x1e, 0x01, 0x1f, 0x01,
  0x07, 0x2e, 0x02, 0x23, 0x22, 0x06, 0x15, 0x14, 0x1e, 0x03, 0x15, 0x14,
  0x06, 0x07, 0x15, 0x23, 0x35, 0x2e, 0x01, 0x27, 0x2d, 0x46, 0x03, 0x0c,
  0x25, 0x27, 0x3a, 0x1c, 0x2b, 0x3c, 0x46, 0x63, 0x63, 0x46, 0x68, 0x54,
  0x56, 0x34, 0x58, 0x12, 0x12, 0x38, 0x08, 0x1b, 0x52, 0x28, 0x2e, 0x3d,
  0x45, 0x64, 0x63, 0x45, 0x68, 0x59, 0x56, 0x39, 0x64, 0x16, 0x55, 0x61,
  0x03, 0x0a, 0x1a, 0x14, 0x10, 0x2d, 0x29, 0x21, 0x33, 0x29, 0x32, 0x58,
  0x3c, 0x4d, 0x6e, 0x0e, 0x5e, 0x5c, 0x04, 0x25, 0x10, 0x10, 0x69, 0x07,
  0x15, 0x22, 0x30, 0x25, 0x20, 0x31, 0x28, 0x31, 0x5a, 0x3e, 0x4f, 0x72,
  0x0c, 0x5c, 0x5c, 0x07, 0x2f, 0x14, 0x00, 0x00, 0x00, 0x05, 0x00, 0x26,
  0xff, 0xf4, 0x02, 0xf0, 0x02, 0xd2, 0x00, 0x09, 0x00, 0x0d, 0x00, 0x17,
  0x00, 0x20, 0x00, 0x2a, 0x00, 0x00, 0x00, 0x22, 0x26, 0x35, 0x34, 0x36,
  0x32, 0x16, 0x15, 0x14, 0x09, 0x01, 0x33, 0x01, 0x02, 0x32, 0x36, 0x35,
  0x34, 0x26, 0x22, 0x06, 0x15, 0x14, 0x00, 0x34, 0x36, 0x33, 0x32, 0x16,
  0x14, 0x06, 0x22, 0x37, 0x14, 0x16, 0x32, 0x36, 0x35, 0x34, 0x26, 0x22,
  0x06, 0x01, 0x0d, 0x88, 0x5f, 0x60, 0x86, 0x61, 0xfe, 0xd2, 0x02, 0x21,
  0x75, 0xfd, 0xdf, 0x07, 0x38, 0x27, 0x27, 0x38, 0x26, 0x01, 0x23, 0x5f,
  0x44, 0x43, 0x60, 0x5f, 0x88, 0x02, 0x26, 0x38, 0x27, 0x27, 0x38, 0x26,
  0x01, 0x96, 0x5c, 0x42, 0x41, 0x5d, 0x5d, 0x41, 0x42, 0xfe, 0x0e, 0x02,
  0xc6, 0xfd, 0x3a, 0x01, 0xf2, 0x26, 0x1c, 0x1b, 0x27, 0x27, 0x1b, 0x1c,
  0xfe, 0x38, 0x82, 0x5d, 0x5d, 0x82, 0x5c, 0x9e, 0x1c, 0x26, 0x26, 0x1c,
  0x1b, 0x27, 0x27, 0x00, 0x00, 0x02, 0x00, 0x2d, 0xff, 0xf4, 0x02, 0x86,
  0x02, 0xd2, 0x00, 0x27, 0x00, 0x32, 0x00, 0x00, 0x37, 0x34, 0x36, 0x37,
  0x35, 0x2e, 0x04, 0x35, 0x34, 0x36, 0x33, 0x32, 0x16, 0x1f, 0x01, 0x07,
  0x26, 0x23, 0x22, 0x06, 0x15, 0x14, 0x16, 0x3b, 0x01, 0x35, 0x33, 0x15,
  0x33, 0x15, 0x23, 0x15, 0x14, 0x06, 0x23, 0x22, 0x26, 0x37, 0x14, 0x16,
  0x33, 0x32, 0x36, 0x3d, 0x01, 0x23, 0x22, 0x06, 0x2d, 0x42, 0x37, 0x04,
  0x0c, 0x1f, 0x18, 0x13, 0x7e, 0x62, 0x14, 0x2e, 0x0e, 0x0d, 0x1f, 0x18,
  0x17, 0x2f, 0x3e, 0x32, 0x3a, 0x71, 0x7f, 0x5c, 0x5c, 0x88, 0x77, 0x72,
  0x8c, 0x84, 0x44, 0x36, 0x3d, 0x43, 0x78, 0x3d, 0x45, 0xc9, 0x3b, 0x63,
  0x13, 0x02, 0x01, 0x07, 0x19, 0x1f, 0x39, 0x22, 0x5a, 0x61, 0x06, 0x03,
  0x03, 0x66, 0x06, 0x32, 0x2d, 0x26, 0x38, 0x5c, 0x5c, 0x70, 0x54, 0x6e,
  0x83, 0x79, 0x64, 0x2c, 0x3b, 0x42, 0x40, 0x4d, 0x35, 0x00, 0x00, 0x00,
  0x00, 0x01, 0x00, 0x38, 0x02, 0x02, 0x00, 0x98, 0x02, 0xd3, 0x00, 0x03,
  0x00, 0x00, 0x13, 0x35, 0x33, 0x15, 0x38, 0x60, 0x02, 0x02, 0xd1, 0xd1,
  0x00, 0x01, 0x00, 0x41, 0xff, 0xa1, 0x01, 0x23, 0x02, 0xe5, 0x00, 0x09,
  0x00, 0x00, 0x17, 0x26, 0x35, 0x34, 0x37, 0x33, 0x06, 0x15, 0x14, 0x17,
  0xb8, 0x77, 0x77, 0x6b, 0x71, 0x71, 0x5f, 0xc3, 0xf3, 0xd2, 0xbc, 0xbe,
  0xd1, 0xe5, 0xd0, 0x00, 0x00, 0x01, 0x00, 0x13, 0xff, 0xa1, 0x00, 0xf5,
  0x02, 0xe5, 0x00, 0x09, 0x00, 0x00, 0x17, 0x23, 0x36, 0x35, 0x34, 0x27,
  0x33, 0x16, 0x15, 0x14, 0x7e, 0x6b, 0x71, 0x71, 0x6b, 0x77, 0x5f, 0xd3,
  0xe2, 0xd1, 0xbe, 0xbc, 0xd2, 0xf3, 0x00, 0x00, 0x00, 0x01, 0x00, 0x1b,
  0x01, 0x41, 0x01, 0xb4, 0x02, 0xc6, 0x00, 0x11, 0x00, 0x00, 0x13, 0x27,
  0x37, 0x35, 0x27, 0x37, 0x17, 0x27, 0x33, 0x07, 0x37, 0x17, 0x07, 0x15,
  0x17, 0x07, 0x27, 0x23, 0xa1, 0x5b, 0x53, 0x7e, 0x22, 0x79, 0x09, 0x73,
  0x09, 0x79, 0x24, 0x80, 0x54, 0x5b, 0x45, 0x02, 0x01, 0x41, 0x42, 0x64,
  0x02, 0x1f, 0x6c, 0x31, 0x83, 0x83, 0x31, 0x6b, 0x20, 0x02, 0x63, 0x43,
  0x6e, 0x00, 0x00, 0x00, 0x00, 0x01, 0x00, 0x31, 0x00, 0x00, 0x02, 0x48,
  0x02, 0x3c, 0x00, 0x0b, 0x00, 0x00, 0x37, 0x35, 0x33, 0x35, 0x33, 0x15,
  0x33, 0x15, 0x23, 0x15, 0x23, 0x35, 0x31, 0xd8, 0x67, 0xd8, 0xd8, 0x67,
  0xec, 0x63, 0xed, 0xed, 0x63, 0xec, 0xec, 0x00, 0x00, 0x01, 0x00, 0x11,
  0xff, 0x97, 0x00, 0xd1, 0x00, 0x81, 0x00, 0x03, 0x00, 0x00, 0x17, 0x37,
  0x33, 0x07, 0x11, 0x43, 0x7d, 0x60, 0x69, 0xea, 0xea, 0x00, 0x00, 0x00,
  0x00, 0x01, 0x00, 0x4e, 0x00, 0xe6, 0x01, 0x7b, 0x01, 0x55, 0x00, 0x03,
  0x00, 0x00, 0x37, 0x35, 0x21, 0x15, 0x4e, 0x01, 0x2d, 0xe6, 0x6f, 0x6f,
  0x00, 0x01, 0x00, 0x41, 0x00, 0x00, 0x00, 0xc0, 0x00, 0x7f, 0x00, 0x03,
  0x00, 0x00, 0x33, 0x35, 0x33, 0x15, 0x41, 0x7f, 0x7f, 0x7f, 0x00, 0x00,
  0x00, 0x01, 0x00, 0x1b, 0xff, 0xd6, 0x01, 0x86, 0x02, 0xea, 0x00, 0x03,
  0x00, 0x00, 0x17, 0x13, 0x33, 0x03, 0x1b, 0xfe, 0x6d, 0xff, 0x2a, 0x03,
  0x14, 0xfc, 0xec, 0x00, 0x00, 0x02, 0x00, 0x39, 0xff, 0xf4, 0x02, 0x3c,
  0x02, 0xd2, 0x00, 0x0e, 0x00, 0x14, 0x00, 0x00, 0x04, 0x22, 0x2e, 0x02,
  0x35, 0x10, 0x21, 0x32, 0x1e, 0x02, 0x14, 0x0e, 0x01, 0x24, 0x32, 0x35,
  0x34, 0x22, 0x15, 0x01, 0x80, 0x8c, 0x67, 0x39, 0x1b, 0x01, 0x01, 0x47,
  0x66, 0x3a, 0x1b, 0x1b, 0x3a, 0xfe, 0xd6, 0xfa, 0xfa, 0x0c, 0x38, 0x68,
  0x80, 0x50, 0x01, 0x6e, 0x38, 0x66, 0x80, 0xa0, 0x80, 0x68, 0x3e, 0xfa,
  0xf7, 0xf7, 0x00, 0x00, 0x00, 0x01, 0x00, 0x2b, 0x00, 0x00, 0x01, 0xe8,
  0x02, 0xc6, 0x00, 0x0e, 0x00, 0x00, 0x33, 0x35, 0x33, 0x11, 0x37, 0x23,
  0x06, 0x0f, 0x01, 0x27, 0x37, 0x33, 0x11, 0x33, 0x15, 0x36, 0x9a, 0x01,
  0x02, 0x08, 0x17, 0x39, 0x4c, 0xb2, 0x71, 0x9a, 0x6f, 0x01, 0x8a, 0x30,
  0x11, 0x17, 0x36, 0x50, 0xab, 0xfd, 0xa9, 0x6f, 0x00, 0x01, 0x00, 0x32,
  0x00, 0x00, 0x02, 0x0f, 0x02, 0xd2, 0x00, 0x26, 0x00, 0x00, 0x33, 0x26,
  0x35, 0x34, 0x3e, 0x05, 0x35, 0x34, 0x26, 0x23, 0x22, 0x0e, 0x02, 0x0f,
  0x01, 0x27, 0x3e, 0x04, 0x33, 0x32, 0x16, 0x15, 0x14, 0x0e, 0x04, 0x07,
  0x21, 0x15, 0x38, 0x06, 0x25, 0x3a, 0x47, 0x47, 0x3a, 0x25, 0x3e, 0x2e,
  0x17, 0x2c, 0x1d, 0x16, 0x05, 0x05, 0x60, 0x03, 0x0a, 0x29, 0x31, 0x54,
  0x30, 0x62, 0x85, 0x2f, 0x47, 0x53, 0x47, 0x30, 0x01, 0x01, 0x4c, 0x2e,
  0x11, 0x34, 0x5a, 0x41, 0x38, 0x30, 0x2e, 0x35, 0x1c, 0x2d, 0x36, 0x11,
  0x19, 0x19, 0x09, 0x08, 0x40, 0x06, 0x13, 0x31, 0x25, 0x1f, 0x71, 0x61,
  0x35, 0x5c, 0x3d, 0x3c, 0x2d, 0x3b, 0x1f, 0x6f, 0x00, 0x01, 0x00, 0x23,
  0xff, 0xf4, 0x02, 0x08, 0x02, 0xc6, 0x00, 0x22, 0x00, 0x00, 0x3f, 0x01,
  0x1e, 0x02, 0x33, 0x32, 0x36, 0x35, 0x34, 0x26, 0x2b, 0x01, 0x27, 0x3f,
  0x01, 0x35, 0x06, 0x2b, 0x01, 0x35, 0x21, 0x15, 0x07, 0x1e, 0x01, 0x15,
  0x14, 0x06, 0x23, 0x22, 0x2e, 0x02, 0x27, 0x23, 0x42, 0x08, 0x1b, 0x54,
  0x2a, 0x37, 0x49, 0x56, 0x42, 0x31, 0x1d, 0x82, 0x33, 0x15, 0x2a, 0xd4,
  0x01, 0xb2, 0xae, 0x50, 0x72, 0x88, 0x72, 0x2a, 0x50, 0x35, 0x29, 0x0a,
  0x53, 0x63, 0x08, 0x18, 0x28, 0x3c, 0x2e, 0x36, 0x38, 0x42, 0x9a, 0x36,
  0x02, 0x03, 0x6f, 0x51, 0xc9, 0x0b, 0x6d, 0x57, 0x60, 0x89, 0x14, 0x1b,
  0x1c, 0x0a, 0x00, 0x00, 0x00, 0x02, 0x00, 0x1c, 0x00, 0x00, 0x02, 0x43,
  0x02, 0xc6, 0x00, 0x0a, 0x00, 0x12, 0x00, 0x00, 0x37, 0x35, 0x01, 0x33,
  0x11, 0x33, 0x15, 0x23, 0x15, 0x23, 0x35, 0x27, 0x33, 0x35, 0x37, 0x23,
  0x06, 0x0f, 0x01, 0x1c, 0x01, 0x32, 0x99, 0x5c, 0x5c, 0x7f, 0xc4, 0xc4,
  0x05, 0x02, 0x10, 0x13, 0xa4, 0xb7, 0x4f, 0x01, 0xc0, 0xfe, 0x5c, 0x6b,
  0xb7, 0xb7, 0x6b, 0xdc, 0x4a, 0x26, 0x1b, 0xe3, 0x00, 0x01, 0x00, 0x2b,
  0xff, 0xf4, 0x02, 0x0e, 0x02, 0xc6, 0x00, 0x26, 0x00, 0x00, 0x3f, 0x01,
  0x1e, 0x04, 0x33, 0x32, 0x36, 0x35, 0x34, 0x26, 0x23, 0x22, 0x06, 0x0f,
  0x01, 0x27, 0x13, 0x21, 0x15, 0x21, 0x0f, 0x01, 0x33, 0x36, 0x33, 0x32,
  0x16, 0x15, 0x14, 0x06, 0x23, 0x22, 0x2e, 0x02, 0x27, 0x2b, 0x42, 0x02,
  0x09, 0x1f, 0x21, 0x32, 0x1a, 0x36, 0x50, 0x51, 0x3e, 0x1c, 0x37, 0x0e,
  0x0d, 0x47, 0x21, 0x01, 0x75, 0xfe, 0xfa, 0x0b, 0x05, 0x02, 0x21, 0x2b,
  0x72, 0x88, 0x91, 0x6f, 0x2a, 0x4e, 0x32, 0x27, 0x09, 0x54, 0x61, 0x03,
  0x09, 0x19, 0x13, 0x0f, 0x43, 0x36, 0x37, 0x44, 0x0f, 0x07, 0x08, 0x1a,
  0x01, 0x68, 0x6f, 0x75, 0x21, 0x10, 0x86, 0x63, 0x69, 0x8b, 0x14, 0x1c,
  0x1c, 0x0a, 0x00, 0x00, 0x00, 0x02, 0x00, 0x35, 0xff, 0xf4, 0x02, 0x31,
  0x02, 0xd2, 0x00, 0x1c, 0x00, 0x28, 0x00, 0x00, 0x05, 0x22, 0x26, 0x35,
  0x34, 0x3e, 0x03, 0x33, 0x32, 0x16, 0x1f, 0x01, 0x07, 0x26, 0x23, 0x22,
  0x06, 0x07, 0x33, 0x3e, 0x01, 0x33, 0x32, 0x16, 0x15, 0x14, 0x06, 0x27,
  0x32, 0x36, 0x35, 0x34, 0x26, 0x23, 0x22, 0x06, 0x15, 0x14, 0x16, 0x01,
  0x47, 0x74, 0x9e, 0x19, 0x36, 0x4b, 0x6d, 0x40, 0x28, 0x49, 0x10, 0x10,
  0x26, 0x2d, 0x37, 0x4e, 0x60, 0x0f, 0x02, 0x13, 0x4c, 0x26, 0x66, 0x7e,
  0x82, 0x68, 0x30, 0x3a, 0x45, 0x3d, 0x30, 0x44, 0x54, 0x0c, 0xb6, 0x9b,
  0x39, 0x70, 0x67, 0x4e, 0x2f, 0x0f, 0x07, 0x08, 0x6f, 0x16, 0x6d, 0x51,
  0x16, 0x1c, 0x8a, 0x63, 0x65, 0x89, 0x76, 0x44, 0x34, 0x39, 0x4a, 0x2c,
  0x21, 0x43, 0x6b, 0x00, 0x00, 0x01, 0x00, 0x23, 0x00, 0x00, 0x02, 0x0b,
  0x02, 0xc6, 0x00, 0x0d, 0x00, 0x00, 0x33, 0x01, 0x3e, 0x01, 0x3f, 0x01,
  0x35, 0x06, 0x23, 0x21, 0x35, 0x21, 0x15, 0x01, 0x4e, 0x01, 0x0a, 0x0a,
  0x15, 0x06, 0x06, 0x0e, 0x23, 0xfe, 0xd1, 0x01, 0xe8, 0xfe, 0xc9, 0x02,
  0x16, 0x14, 0x20, 0x06, 0x07, 0x02, 0x02, 0x6f, 0x5a, 0xfd, 0x94, 0x00,
  0x00, 0x03, 0x00, 0x33, 0xff, 0xf4, 0x02, 0x2b, 0x02, 0xd2, 0x00, 0x15,
  0x00, 0x23, 0x00, 0x34, 0x00, 0x00, 0x37, 0x34, 0x3e, 0x01, 0x37, 0x26,
  0x35, 0x34, 0x36, 0x33, 0x32, 0x16, 0x15, 0x14, 0x07, 0x16, 0x15, 0x14,
  0x06, 0x23, 0x22, 0x26, 0x25, 0x34, 0x2e, 0x03, 0x27, 0x06, 0x15, 0x14,
  0x16, 0x33, 0x32, 0x36, 0x03, 0x14, 0x1e, 0x03, 0x17, 0x1e, 0x01, 0x17,
  0x36, 0x35, 0x34, 0x26, 0x23, 0x22, 0x06, 0x33, 0x30, 0x28, 0x13, 0x49,
  0x76, 0x6e, 0x65, 0x81, 0x4f, 0x5b, 0x88, 0x72, 0x71, 0x8d, 0x01, 0x75,
  0x10, 0x2d, 0x1b, 0x4b, 0x0c, 0x42, 0x48, 0x32, 0x33, 0x44, 0xd4, 0x12,
  0x12, 0x31, 0x17, 0x21, 0x05, 0x07, 0x04, 0x30, 0x3a, 0x30, 0x2f, 0x34,
  0xce, 0x2e, 0x56, 0x26, 0x0d, 0x38, 0x53, 0x50, 0x72, 0x6a, 0x5b, 0x55,
  0x5a, 0x3a, 0x5d, 0x56, 0x7d, 0x7d, 0x5c, 0x12, 0x1d, 0x1e, 0x0f, 0x21,
  0x06, 0x37, 0x41, 0x31, 0x41, 0x39, 0x01, 0x6e, 0x12, 0x1f, 0x14, 0x1b,
  0x0b, 0x0e, 0x02, 0x03, 0x02, 0x35, 0x43, 0x29, 0x31, 0x2e, 0x00, 0x00,
  0x00, 0x02, 0x00, 0x2b, 0xff, 0xf4, 0x02, 0x27, 0x02, 0xd2, 0x00, 0x1c,
  0x00, 0x28, 0x00, 0x00, 0x17, 0x22, 0x26, 0x2f, 0x01, 0x37, 0x16, 0x33,
  0x32, 0x36, 0x37, 0x23, 0x0e, 0x01, 0x23, 0x22, 0x26, 0x35, 0x34, 0x36,
  0x33, 0x32, 0x16, 0x15, 0x14, 0x0e, 0x03, 0x13, 0x32, 0x36, 0x35, 0x34,
  0x26, 0x23, 0x22, 0x06, 0x15, 0x14, 0x16, 0xe0, 0x28, 0x48, 0x10, 0x11,
  0x26, 0x2d, 0x36, 0x4e, 0x61, 0x0f, 0x02, 0x13, 0x4c, 0x27, 0x66, 0x7d,
  0x82, 0x68, 0x74, 0x9e, 0x19, 0x36, 0x4b, 0x6d, 0x0d, 0x30, 0x44, 0x55,
  0x37, 0x30, 0x3b, 0x45, 0x0c, 0x0f, 0x07, 0x08, 0x6f, 0x17, 0x6d, 0x51,
  0x16, 0x1c, 0x8b, 0x63, 0x64, 0x8a, 0xb6, 0x9b, 0x39, 0x70, 0x67, 0x4e,
  0x2f, 0x01, 0x6c, 0x2d, 0x20, 0x43, 0x6b, 0x44, 0x33, 0x39, 0x4b, 0x00,
  0x00, 0x02, 0x00, 0x51, 0x00, 0x00, 0x00, 0xcf, 0x01, 0xfe, 0x00, 0x03,
  0x00, 0x07, 0x00, 0x00, 0x13, 0x35, 0x33, 0x15, 0x03, 0x35, 0x33, 0x15,
  0x51, 0x7e, 0x7e, 0x7e, 0x01, 0x7f, 0x7f, 0x7f, 0xfe, 0x81, 0x7f, 0x7f,
  0x00, 0x02, 0x00, 0x1f, 0xff, 0x97, 0x00, 0xd8, 0x01, 0xfe, 0x00, 0x03,
  0x00, 0x07, 0x00, 0x00, 0x17, 0x37, 0x33, 0x07, 0x03, 0x35, 0x33, 0x15,
  0x1f, 0x3a, 0x7d, 0x56, 0x26, 0x7e, 0x69, 0xea, 0xea, 0x01, 0xe8, 0x7f,
  0x7f, 0x00, 0x00, 0x00, 0x00, 0x01, 0x00, 0x19, 0x00, 0x1f, 0x01, 0xfa,
  0x02, 0x1d, 0x00, 0x07, 0x00, 0x00, 0x37, 0x35, 0x25, 0x15, 0x05, 0x15,
  0x05, 0x15, 0x19, 0x01, 0xe1, 0xfe, 0xa5, 0x01, 0x5b, 0xf5, 0x52, 0xd6,
  0x6f, 0x8f, 0x02, 0x8f, 0x6f, 0x00, 0x00, 0x00, 0x00, 0x02, 0x00, 0x52,
  0x00, 0x86, 0x02, 0x3a, 0x01, 0xb5, 0x00, 0x03, 0x00, 0x07, 0x00, 0x00,
  0x13, 0x35, 0x21, 0x15, 0x05, 0x35, 0x21, 0x15, 0x52, 0x01, 0xe8, 0xfe,
  0x18, 0x01, 0xe8, 0x01, 0x53, 0x62, 0x62, 0xcd, 0x62, 0x62, 0x00, 0x00,
  0x00, 0x01, 0x00, 0x32, 0x00, 0x1f, 0x02, 0x13, 0x02, 0x1d, 0x00, 0x07,
  0x00, 0x00, 0x37, 0x35, 0x25, 0x35, 0x25, 0x35, 0x05, 0x15, 0x32, 0x01,
  0x5b, 0xfe, 0xa5, 0x01, 0xe1, 0x1f, 0x6f, 0x8f, 0x02, 0x8f, 0x6f, 0xd6,
  0x52, 0x00, 0x00, 0x00, 0x00, 0x02, 0x00, 0x18, 0x00, 0x00, 0x01, 0xae,
  0x02, 0xd4, 0x00, 0x1d, 0x00, 0x21, 0x00, 0x00, 0x37, 0x35, 0x34, 0x3e,
  0x03, 0x35, 0x34, 0x26, 0x23, 0x22, 0x06, 0x0f, 0x01, 0x27, 0x3e, 0x02,
  0x33, 0x32, 0x16, 0x15, 0x14, 0x0e, 0x03, 0x1d, 0x01, 0x07, 0x35, 0x33,
  0x15, 0x85, 0x22, 0x30, 0x31, 0x22, 0x38, 0x29, 0x19, 0x36, 0x0e, 0x0e,
  0x46, 0x08, 0x1d, 0x62, 0x35, 0x59, 0x81, 0x24, 0x33, 0x33, 0x24, 0x7b,
  0x7b, 0xcd, 0x30, 0x28, 0x43, 0x2d, 0x29, 0x32, 0x1c, 0x23, 0x30, 0x15,
  0x0a, 0x0b, 0x57, 0x08, 0x18, 0x28, 0x67, 0x55, 0x2e, 0x4a, 0x30, 0x2b,
  0x34, 0x1d, 0x27, 0xcd, 0x76, 0x76, 0x00, 0x00, 0x00, 0x02, 0x00, 0x33,
  0xff, 0x81, 0x03, 0x07, 0x02, 0x65, 0x00, 0x1d, 0x00, 0x25, 0x00, 0x00,
  0x37, 0x34, 0x36, 0x33, 0x32, 0x16, 0x1d, 0x01, 0x33, 0x15, 0x21, 0x22,
  0x26, 0x35, 0x34, 0x36, 0x3b, 0x01, 0x2e, 0x01, 0x23, 0x22, 0x06, 0x15,
  0x14, 0x16, 0x33, 0x15, 0x22, 0x26, 0x24, 0x14, 0x16, 0x3b, 0x01, 0x35,
  0x23, 0x22, 0x33, 0xd9, 0x9f, 0x8f, 0x84, 0x49, 0xfe, 0xeb, 0x61, 0x76,
  0x75, 0x62, 0x55, 0x01, 0x56, 0x41, 0x6b, 0x94, 0x95, 0x7a, 0xb0, 0xdc,
  0x01, 0x66, 0x36, 0x2b, 0x4d, 0x4b, 0x2c, 0xf0, 0x9c, 0xd9, 0x7a, 0x60,
  0xfa, 0x5b, 0x6e, 0x4c, 0x4b, 0x6c, 0x27, 0x31, 0xa2, 0x6d, 0x71, 0x9b,
  0x63, 0xd2, 0xc9, 0x52, 0x39, 0xc4, 0x00, 0x00, 0x00, 0x02, 0x00, 0x01,
  0x00, 0x00, 0x02, 0x7c, 0x02, 0xc6, 0x00, 0x07, 0x00, 0x0e, 0x00, 0x00,
  0x21, 0x27, 0x23, 0x07, 0x23, 0x13, 0x33, 0x13, 0x01, 0x23, 0x06, 0x0f,
  0x01, 0x33, 0x27, 0x01, 0xf7, 0x3c, 0xf9, 0x3c, 0x85, 0xfa, 0x87, 0xfa,
  0xfe, 0xc4, 0x02, 0x10, 0x0e, 0x3f, 0xba, 0x3f, 0xb6, 0xb6, 0x02, 0xc6,
  0xfd, 0x3a, 0x02, 0x4b, 0x46, 0x28, 0xbe, 0xbe, 0x00, 0x03, 0x00, 0x5a,
  0x00, 0x00, 0x02, 0x50, 0x02, 0xc6, 0x00, 0x0f, 0x00, 0x17, 0x00, 0x20,
  0x00, 0x00, 0x33, 0x11, 0x33, 0x32, 0x16, 0x15, 0x14, 0x06, 0x07, 0x15,
  0x1e, 0x01, 0x15, 0x14, 0x06, 0x23, 0x03, 0x33, 0x32, 0x36, 0x34, 0x26,
  0x2b, 0x01, 0x11, 0x33, 0x32, 0x36, 0x35, 0x34, 0x26, 0x2b, 0x01, 0x5a,
  0xfe, 0x62, 0x79, 0x2e, 0x28, 0x38, 0x3b, 0x8c, 0x69, 0x80, 0x7d, 0x29,
  0x2f, 0x2e, 0x2c, 0x7b, 0x8a, 0x30, 0x37, 0x37, 0x30, 0x8a, 0x02, 0xc6,
  0x61, 0x56, 0x32, 0x50, 0x16, 0x02, 0x10, 0x5e, 0x39, 0x65, 0x69, 0x01,
  0xa4, 0x33, 0x50, 0x30, 0xfe, 0x18, 0x39, 0x2e, 0x2d, 0x39, 0x00, 0x00,
  0x00, 0x01, 0x00, 0x29, 0xff, 0xf4, 0x02, 0xaf, 0x02, 0xd2, 0x00, 0x23,
  0x00, 0x00, 0x13, 0x34, 0x36, 0x33, 0x32, 0x1e, 0x02, 0x1f, 0x01, 0x07,
  0x2e, 0x02, 0x23, 0x22, 0x06, 0x15, 0x14, 0x16, 0x33, 0x32, 0x3e, 0x02,
  0x3f, 0x01, 0x17, 0x0e, 0x04, 0x23, 0x22, 0x26, 0x29, 0xd1, 0x9c, 0x30,
  0x5a, 0x3b, 0x2d, 0x0a, 0x0a, 0x3e, 0x09, 0x21, 0x66, 0x32, 0x6d, 0x81,
  0x84, 0x6b, 0x22, 0x44, 0x30, 0x25, 0x0a, 0x09, 0x44, 0x04, 0x0f, 0x36,
  0x3c, 0x5f, 0x33, 0xa1, 0xce, 0x01, 0x66, 0x9b, 0xd1, 0x14, 0x1c, 0x1d,
  0x0a, 0x0a, 0x60, 0x08, 0x19, 0x2a, 0x8d, 0x67, 0x69, 0x95, 0x13, 0x1a,
  0x1a, 0x09, 0x0a, 0x5d, 0x05, 0x0f, 0x28, 0x1e, 0x19, 0xd4, 0x00, 0x00,
  0x00, 0x02, 0x00, 0x5a, 0x00, 0x00, 0x02, 0xb6, 0x02, 0xc6, 0x00, 0x07,
  0x00, 0x10, 0x00, 0x00, 0x33, 0x11, 0x33, 0x32, 0x16, 0x10, 0x06, 0x23,
  0x27, 0x33, 0x32, 0x36, 0x35, 0x34, 0x26, 0x2b, 0x01, 0x5a, 0xf2, 0xa6,
  0xc4, 0xc4, 0xa6, 0x71, 0x6a, 0x6e, 0x7e, 0x7f, 0x6d, 0x6a, 0x02, 0xc6,
  0xbc, 0xfe, 0xb4, 0xbe, 0x6f, 0x7f, 0x76, 0x74, 0x7f, 0x00, 0x00, 0x00,
  0x00, 0x01, 0x00, 0x5a, 0x00, 0x00, 0x02, 0x13, 0x02, 0xc6, 0x00, 0x0b,
  0x00, 0x00, 0x33, 0x11, 0x21, 0x15, 0x21, 0x15, 0x33, 0x15, 0x23, 0x15,
  0x21, 0x15, 0x5a, 0x01, 0xa9, 0xfe, 0xd8, 0xef, 0xef, 0x01, 0x38, 0x02,
  0xc6, 0x6f, 0xba, 0x6f, 0xbf, 0x6f, 0x00, 0x00, 0x00, 0x01, 0x00, 0x5a,
  0x00, 0x00, 0x01, 0xf2, 0x02, 0xc6, 0x00, 0x09, 0x00, 0x00, 0x33, 0x11,
  0x21, 0x15, 0x21, 0x15, 0x33, 0x15, 0x23, 0x11, 0x5a, 0x01, 0x98, 0xfe,
  0xe9, 0xeb, 0xeb, 0x02, 0xc6, 0x6f, 0xc9, 0x6f, 0xfe, 0xe1, 0x00, 0x00,
  0x00, 0x01, 0x00, 0x2a, 0xff, 0xf4, 0x02, 0xc3, 0x02, 0xd2, 0x00, 0x29,
  0x00, 0x00, 0x13, 0x34, 0x36, 0x33, 0x32, 0x1e, 0x02, 0x1f, 0x01, 0x07,
  0x2e, 0x02, 0x23, 0x22, 0x06, 0x15, 0x14, 0x16, 0x33, 0x32, 0x36, 0x3f,
  0x01, 0x35, 0x23, 0x35, 0x33, 0x11, 0x23, 0x35, 0x37, 0x23, 0x0e, 0x04,
  0x23, 0x22, 0x26, 0x2a, 0xd1, 0x9d, 0x31, 0x5a, 0x3b, 0x2d, 0x0b, 0x0a,
  0x40, 0x09, 0x1f, 0x63, 0x32, 0x73, 0x81, 0x88, 0x66, 0x30, 0x59, 0x14,
  0x15, 0x6d, 0xe1, 0x6e, 0x01, 0x02, 0x03, 0x0c, 0x27, 0x2d, 0x46, 0x25,
  0x91, 0xcb, 0x01, 0x64, 0x9b, 0xd3, 0x13, 0x1a, 0x1a, 0x09, 0x0a, 0x60,
  0x08, 0x16, 0x26, 0x8b, 0x69, 0x71, 0x8d, 0x25, 0x13, 0x12, 0x53, 0x6f,
  0xfe, 0x8a, 0x22, 0x1e, 0x03, 0x0a, 0x1b, 0x14, 0x10, 0xcd, 0x00, 0x00,
  0x00, 0x01, 0x00, 0x5a, 0x00, 0x00, 0x02, 0xa1, 0x02, 0xc6, 0x00, 0x0b,
  0x00, 0x00, 0x33, 0x11, 0x33, 0x11, 0x21, 0x11, 0x33, 0x11, 0x23, 0x11,
  0x21, 0x11, 0x5a, 0x81, 0x01, 0x45, 0x81, 0x81, 0xfe, 0xbb, 0x02, 0xc6,
  0xfe, 0xd3, 0x01, 0x2d, 0xfd, 0x3a, 0x01, 0x2a, 0xfe, 0xd6, 0x00, 0x00,
  0x00, 0x01, 0x00, 0x5a, 0x00, 0x00, 0x00, 0xdb, 0x02, 0xc6, 0x00, 0x03,
  0x00, 0x00, 0x33, 0x11, 0x33, 0x11, 0x5a, 0x81, 0x02, 0xc6, 0xfd, 0x3a,
  0x00, 0x01, 0x00, 0x18, 0xff, 0xf4, 0x01, 0xd2, 0x02, 0xc6, 0x00, 0x12,
  0x00, 0x00, 0x37, 0x35, 0x33, 0x15, 0x14, 0x16, 0x32, 0x36, 0x35, 0x11,
  0x23, 0x35, 0x21, 0x11, 0x14, 0x06, 0x23, 0x22, 0x26, 0x18, 0x80, 0x36,
  0x50, 0x33, 0xb7, 0x01, 0x38, 0x83, 0x5b, 0x5a, 0x82, 0xd2, 0x29, 0x21,
  0x3a, 0x36, 0x34, 0x36, 0x01, 0x83, 0x6f, 0xfe, 0x0c, 0x6d, 0x71, 0x72,
  0x00, 0x01, 0x00, 0x5a, 0x00, 0x00, 0x02, 0x76, 0x02, 0xc6, 0x00, 0x0d,
  0x00, 0x00, 0x33, 0x11, 0x33, 0x11, 0x33, 0x13, 0x33, 0x03, 0x15, 0x13,
  0x23, 0x03, 0x23, 0x11, 0x5a, 0x81, 0x5c, 0xa7, 0x8c, 0xc9, 0xd5, 0x91,
  0xae, 0x5c, 0x02, 0xc6, 0xfe, 0xdf, 0x01, 0x21, 0xfe, 0xae, 0x02, 0xfe,
  0x8e, 0x01, 0x36, 0xfe, 0xca, 0x00, 0x00, 0x00, 0x00, 0x01, 0x00, 0x5a,
  0x00, 0x00, 0x02, 0x0e, 0x02, 0xc6, 0x00, 0x05, 0x00, 0x00, 0x33, 0x11,
  0x33, 0x11, 0x21, 0x15, 0x5a, 0x81, 0x01, 0x33, 0x02, 0xc6, 0xfd, 0xa9,
  0x6f, 0x00, 0x00, 0x00, 0x00, 0x01, 0x00, 0x44, 0x00, 0x00, 0x03, 0x2a,
  0x02, 0xc6, 0x00, 0x18, 0x00, 0x00, 0x33, 0x13, 0x33, 0x13, 0x17, 0x33,
  0x36, 0x37, 0x13, 0x33, 0x13, 0x23, 0x03, 0x27, 0x23, 0x06, 0x07, 0x03,
  0x23, 0x03, 0x27, 0x23, 0x16, 0x07, 0x03, 0x44, 0x3a, 0x8a, 0x8b, 0x24,
  0x02, 0x13, 0x10, 0x8b, 0x8a, 0x39, 0x80, 0x1e, 0x01, 0x02, 0x15, 0x11,
  0x73, 0x71, 0x72, 0x27, 0x02, 0x02, 0x03, 0x1e, 0x02, 0xc6, 0xfe, 0xa1,
  0x68, 0x3e, 0x2a, 0x01, 0x5f, 0xfd, 0x3a, 0x01, 0x8d, 0x6e, 0x45, 0x29,
  0xfe, 0xed, 0x01, 0x13, 0x6f, 0x40, 0x2f, 0xfe, 0x73, 0x00, 0x00, 0x00,
  0x00, 0x01, 0x00, 0x5a, 0x00, 0x00, 0x02, 0x9e, 0x02, 0xc6, 0x00, 0x17,
  0x00, 0x00, 0x33, 0x11, 0x33, 0x01, 0x1e, 0x01, 0x1f, 0x01, 0x33, 0x26,
  0x35, 0x11, 0x33, 0x11, 0x23, 0x01, 0x2e, 0x01, 0x2f, 0x01, 0x23, 0x16,
  0x15, 0x11, 0x5a, 0x81, 0x01, 0x0d, 0x0c, 0x1d, 0x09, 0x09, 0x02, 0x07,
  0x80, 0x80, 0xfe, 0xf3, 0x0c, 0x1d, 0x09, 0x09, 0x02, 0x07, 0x02, 0xc6,
  0xfe, 0x66, 0x12, 0x37, 0x13, 0x12, 0x44, 0x2a, 0x01, 0x9a, 0xfd, 0x3a,
  0x01, 0x99, 0x12, 0x37, 0x12, 0x13, 0x44, 0x2a, 0xfe, 0x67, 0x00, 0x00,
  0x00, 0x02, 0x00, 0x29, 0xff, 0xf4, 0x03, 0x07, 0x02, 0xd2, 0x00, 0x09,
  0x00, 0x13, 0x00, 0x00, 0x13, 0x34, 0x36, 0x20, 0x16, 0x15, 0x14, 0x06,
  0x20, 0x26, 0x37, 0x14, 0x16, 0x32, 0x36, 0x35, 0x34, 0x26, 0x22, 0x06,
  0x29, 0xd3, 0x01, 0x38, 0xd3, 0xd3, 0xfe, 0xc8, 0xd3, 0x85, 0x88, 0xc4,
  0x88, 0x88, 0xc4, 0x88, 0x01, 0x68, 0x99, 0xd1, 0xd1, 0x99, 0x9d, 0xd7,
  0xd7, 0x9d, 0x6d, 0x91, 0x91, 0x6d, 0x68, 0x8c, 0x8c, 0x00, 0x00, 0x00,
  0x00, 0x02, 0x00, 0x5a, 0x00, 0x00, 0x02, 0x4e, 0x02, 0xc6, 0x00, 0x09,
  0x00, 0x12, 0x00, 0x00, 0x33, 0x11, 0x21, 0x32, 0x16, 0x14, 0x06, 0x2b,
  0x01, 0x15, 0x11, 0x33, 0x32, 0x36, 0x35, 0x34, 0x26, 0x2b, 0x01, 0x5a,
  0x01, 0x12, 0x64, 0x7e, 0x7e, 0x64, 0x91, 0x79, 0x38, 0x3f, 0x3f, 0x36,
  0x7b, 0x02, 0xc6, 0x80, 0xce, 0x83, 0xf5, 0x01, 0x65, 0x42, 0x38, 0x37,
  0x41, 0x00, 0x00, 0x00, 0x00, 0x02, 0x00, 0x29, 0xff, 0xec, 0x03, 0x09,
  0x02, 0xd2, 0x00, 0x0f, 0x00, 0x1f, 0x00, 0x00, 0x13, 0x34, 0x36, 0x33,
  0x32, 0x16, 0x15, 0x14, 0x07, 0x17, 0x07, 0x27, 0x06, 0x23, 0x22, 0x26,
  0x37, 0x14, 0x16, 0x33, 0x32, 0x37, 0x27, 0x37, 0x17, 0x36, 0x35, 0x34,
  0x26, 0x23, 0x22, 0x06, 0x29, 0xd2, 0x9c, 0x9d, 0xd3, 0x4e, 0x50, 0x4a,
  0x4f, 0x5c, 0x7d, 0x9b, 0xd3, 0x85, 0x87, 0x62, 0x45, 0x37, 0x4f, 0x4a,
  0x4d, 0x27, 0x87, 0x64, 0x62, 0x87, 0x01, 0x67, 0x99, 0xd2, 0xd1, 0x9a,
  0x7a, 0x67, 0x48, 0x52, 0x4e, 0x46, 0xd7, 0x9c, 0x6c, 0x91, 0x25, 0x4b,
  0x51, 0x4d, 0x3f, 0x4a, 0x69, 0x8c, 0x8c, 0x00, 0x00, 0x02, 0x00, 0x5a,
  0x00, 0x00, 0x02, 0x74, 0x02, 0xc6, 0x00, 0x12, 0x00, 0x1b, 0x00, 0x00,
  0x33, 0x11, 0x33, 0x32, 0x17, 0x1e, 0x01, 0x15, 0x14, 0x06, 0x07, 0x15,
  0x16, 0x17, 0x13, 0x23, 0x03, 0x23, 0x19, 0x01, 0x33, 0x32, 0x36, 0x35,
  0x34, 0x26, 0x2b, 0x01, 0x5a, 0xe5, 0x63, 0x2c, 0x36, 0x3e, 0x41, 0x37,
  0x0a, 0x0e, 0x92, 0x90, 0x8d, 0x7c, 0x74, 0x34, 0x3c, 0x3a, 0x48, 0x62,
  0x02, 0xc6, 0x14, 0x19, 0x64, 0x45, 0x41, 0x6b, 0x16, 0x02, 0x0a, 0x19,
  0xfe, 0xf7, 0x01, 0x09, 0xfe, 0xf7, 0x01, 0x79, 0x3b, 0x35, 0x37, 0x37,
  0x00, 0x01, 0x00, 0x24, 0xff, 0xf4, 0x02, 0x03, 0x02, 0xd2, 0x00, 0x2d,
  0x00, 0x00, 0x3f, 0x01, 0x1e, 0x04, 0x33, 0x32, 0x36, 0x35, 0x34, 0x2e,
  0x03, 0x35, 0x34, 0x36, 0x33, 0x32, 0x16, 0x1f, 0x01, 0x07, 0x2e, 0x02,
  0x23, 0x22, 0x06, 0x15, 0x14, 0x1e, 0x03, 0x15, 0x14, 0x06, 0x23, 0x22,
  0x2e, 0x02, 0x27, 0x24, 0x46, 0x03, 0x0c, 0x25, 0x27, 0x3a, 0x1c, 0x2b,
  0x3c, 0x45, 0x62, 0x63, 0x45, 0x88, 0x66, 0x3e, 0x6a, 0x16, 0x16, 0x38,
  0x08, 0x1b, 0x52, 0x28, 0x2e, 0x3d, 0x45, 0x62, 0x62, 0x45, 0x7f, 0x6b,
  0x2c, 0x53, 0x38, 0x2a, 0x0a, 0x55, 0x61, 0x03, 0x0a, 0x1a, 0x14, 0x10,
  0x2d, 0x29, 0x22, 0x35, 0x28, 0x30, 0x58, 0x3c, 0x58, 0x76, 0x26, 0x13,
  0x13, 0x69, 0x07, 0x15, 0x22, 0x30, 0x25, 0x22, 0x32, 0x26, 0x30, 0x59,
  0x3f, 0x58, 0x78, 0x14, 0x1d, 0x1c, 0x0a, 0x00, 0x00, 0x01, 0x00, 0x04,
  0x00, 0x00, 0x02, 0x57, 0x02, 0xc6, 0x00, 0x07, 0x00, 0x00, 0x33, 0x11,
  0x23, 0x35, 0x21, 0x15, 0x23, 0x11, 0xed, 0xe9, 0x02, 0x53, 0xe9, 0x02,
  0x57, 0x6f, 0x6f, 0xfd, 0xa9, 0x00, 0x00, 0x00, 0x00, 0x01, 0x00, 0x50,
  0xff, 0xf4, 0x02, 0x8d, 0x02, 0xc6, 0x00, 0x10, 0x00, 0x00, 0x13, 0x11,
  0x33, 0x11, 0x14, 0x16, 0x32, 0x36, 0x35, 0x11, 0x33, 0x11, 0x14, 0x06,
  0x23, 0x22, 0x26, 0x50, 0x81, 0x55, 0x90, 0x56, 0x81, 0x9e, 0x80, 0x81,
  0x9e, 0x00, 0xff, 0x01, 0xc7, 0xfe, 0x39, 0x46, 0x4f, 0x4f, 0x47, 0x01,
  0xc6, 0xfe, 0x39, 0x77, 0x94, 0x94, 0x00, 0x00, 0x00, 0x01, 0xff, 0xff,
  0x00, 0x00, 0x02, 0x85, 0x02, 0xc6, 0x00, 0x0f, 0x00, 0x00, 0x21, 0x01,
  0x33, 0x13, 0x1e, 0x01, 0x1f, 0x01, 0x33, 0x37, 0x3e, 0x01, 0x37, 0x13,
  0x33, 0x01, 0x01, 0x02, 0xfe, 0xfd, 0x8b, 0x9c, 0x06, 0x0d, 0x04, 0x04,
  0x02, 0x04, 0x04, 0x0d, 0x06, 0x9d, 0x8a, 0xfe, 0xfd, 0x02, 0xc6, 0xfe,
  0x31, 0x12, 0x34, 0x11, 0x11, 0x11, 0x11, 0x34, 0x12, 0x01, 0xcf, 0xfd,
  0x3a, 0x00, 0x00, 0x00, 0x00, 0x01, 0x00, 0x1a, 0x00, 0x00, 0x03, 0xad,
  0x02, 0xc6, 0x00, 0x1d, 0x00, 0x00, 0x01, 0x13, 0x1e, 0x01, 0x1f, 0x01,
  0x33, 0x36, 0x37, 0x13, 0x33, 0x03, 0x23, 0x03, 0x27, 0x23, 0x06, 0x07,
  0x03, 0x23, 0x03, 0x33, 0x13, 0x17, 0x33, 0x37, 0x3e, 0x01, 0x37, 0x13,
  0x02, 0x1a, 0x7e, 0x05, 0x06, 0x01, 0x01, 0x02, 0x03, 0x09, 0x75, 0x85,
  0xb7, 0x95, 0x6d, 0x12, 0x02, 0x06, 0x0c, 0x6d, 0x95, 0xb2, 0x85, 0x70,
  0x0c, 0x02, 0x01, 0x01, 0x06, 0x05, 0x80, 0x02, 0xc6, 0xfe, 0x15, 0x12,
  0x26, 0x09, 0x0a, 0x23, 0x28, 0x01, 0xeb, 0xfd, 0x3a, 0x01, 0xa4, 0x5d,
  0x2f, 0x2e, 0xfe, 0x5c, 0x02, 0xc6, 0xfe, 0x15, 0x4b, 0x0a, 0x09, 0x26,
  0x12, 0x01, 0xeb, 0x00, 0x00, 0x01, 0x00, 0x11, 0x00, 0x00, 0x02, 0x67,
  0x02, 0xc6, 0x00, 0x13, 0x00, 0x00, 0x33, 0x13, 0x03, 0x33, 0x1f, 0x01,
  0x33, 0x36, 0x3f, 0x01, 0x33, 0x03, 0x13, 0x23, 0x2f, 0x01, 0x23, 0x06,
  0x0f, 0x01, 0x11, 0xdd, 0xd4, 0x93, 0x61, 0x2d, 0x02, 0x14, 0x17, 0x63,
  0x94, 0xd6, 0xde, 0x91, 0x6e, 0x2c, 0x02, 0x14, 0x18, 0x6d, 0x01, 0x68,
  0x01, 0x5e, 0xae, 0x57, 0x2d, 0x2a, 0xae, 0xfe, 0xa2, 0xfe, 0x98, 0xbf,
  0x54, 0x2b, 0x29, 0xbf, 0x00, 0x01, 0x00, 0x02, 0x00, 0x00, 0x02, 0x5b,
  0x02, 0xc6, 0x00, 0x13, 0x00, 0x00, 0x33, 0x11, 0x03, 0x33, 0x17, 0x1e,
  0x05, 0x1f, 0x01, 0x33, 0x36, 0x3f, 0x01, 0x33, 0x03, 0x11, 0xee, 0xec,
  0x92, 0x6f, 0x05, 0x09, 0x08, 0x08, 0x06, 0x04, 0x01, 0x02, 0x02, 0x14,
  0x17, 0x6e, 0x92, 0xec, 0x01, 0x29, 0x01, 0x9d, 0xd1, 0x09, 0x14, 0x12,
  0x12, 0x0e, 0x0b, 0x03, 0x02, 0x33, 0x2c, 0xd1, 0xfe, 0x63, 0xfe, 0xd7,
  0x00, 0x01, 0x00, 0x26, 0x00, 0x00, 0x02, 0x3b, 0x02, 0xc6, 0x00, 0x17,
  0x00, 0x00, 0x33, 0x35, 0x01, 0x3e, 0x01, 0x3f, 0x01, 0x35, 0x06, 0x23,
  0x21, 0x35, 0x21, 0x15, 0x01, 0x0e, 0x01, 0x0f, 0x01, 0x15, 0x36, 0x33,
  0x21, 0x15, 0x26, 0x01, 0x3b, 0x0c, 0x1a, 0x07, 0x07, 0x14, 0x21, 0xfe,
  0xd6, 0x02, 0x01, 0xfe, 0xc5, 0x0c, 0x1a, 0x07, 0x07, 0x14, 0x21, 0x01,
  0x3e, 0x53, 0x01, 0xc4, 0x12, 0x20, 0x07, 0x07, 0x02, 0x02, 0x6f, 0x52,
  0xfe, 0x3b, 0x12, 0x20, 0x07, 0x07, 0x02, 0x02, 0x6f, 0x00, 0x00, 0x00,
  0x00, 0x01, 0x00, 0x5d, 0xff, 0xa1, 0x01, 0x22, 0x02, 0xe5, 0x00, 0x07,
  0x00, 0x00, 0x17, 0x11, 0x33, 0x15, 0x23, 0x11, 0x33, 0x15, 0x5d, 0xc5,
  0x59, 0x59, 0x5f, 0x03, 0x44, 0x5c, 0xfd, 0x74, 0x5c, 0x00, 0x00, 0x00,
  0x00, 0x01, 0x00, 0x14, 0xff, 0xd6, 0x01, 0x80, 0x02, 0xea, 0x00, 0x03,
  0x00, 0x00, 0x05, 0x03, 0x33, 0x01, 0x01, 0x13, 0xff, 0x6d, 0x00, 0xff,
  0x2a, 0x03, 0x14, 0xfc, 0xec, 0x00, 0x00, 0x00, 0x00, 0x01, 0x00, 0x1b,
  0xff, 0xa1, 0x00, 0xe0, 0x02, 0xe5, 0x00, 0x07, 0x00, 0x00, 0x17, 0x33,
  0x11, 0x23, 0x35, 0x33, 0x11, 0x23, 0x1b, 0x59, 0x59, 0xc5, 0xc5, 0x03,
  0x02, 0x8c, 0x5c, 0xfc, 0xbc, 0x00, 0x00, 0x00, 0x00, 0x01, 0x00, 0x41,
  0x00, 0xf5, 0x02, 0x23, 0x02, 0xc6, 0x00, 0x06, 0x00, 0x00, 0x37, 0x13,
  0x33, 0x13, 0x23, 0x0b, 0x01, 0x41, 0xc9, 0x50, 0xc9, 0x6e, 0x83, 0x83,
  0xf5, 0x01, 0xd1, 0xfe, 0x2f, 0x01, 0x4b, 0xfe, 0xb5, 0x00, 0x00, 0x00,
  0x00, 0x01, 0x00, 0x14, 0xff, 0x9e, 0x02, 0x45, 0x00, 0x00, 0x00, 0x03,
  0x00, 0x00, 0x33, 0x21, 0x15, 0x21, 0x14, 0x02, 0x31, 0xfd, 0xcf, 0x62,
  0x00, 0x01, 0x00, 0x8f, 0x02, 0xf5, 0x01, 0x5e, 0x03, 0x7d, 0x00, 0x03,
  0x00, 0x00, 0x13, 0x27, 0x33, 0x17, 0xf7, 0x68, 0x83, 0x4c, 0x02, 0xf5,
  0x88, 0x88, 0x00, 0x00, 0x00, 0x02, 0x00, 0x1b, 0xff, 0xf4, 0x01, 0xd8,
  0x02, 0x0a, 0x00, 0x24, 0x00, 0x2e, 0x00, 0x00, 0x37, 0x34, 0x3e, 0x04,
  0x3b, 0x01, 0x35, 0x34, 0x23, 0x22, 0x06, 0x0f, 0x01, 0x27, 0x3e, 0x02,
  0x33, 0x32, 0x16, 0x15, 0x11, 0x23, 0x35, 0x37, 0x23, 0x32, 0x0e, 0x03,
  0x23, 0x22, 0x26, 0x37, 0x14, 0x16, 0x33, 0x32, 0x36, 0x3d, 0x01, 0x23,
  0x22, 0x1b, 0x20, 0x39, 0x3d, 0x4b, 0x32, 0x1b, 0x11, 0x62, 0x20, 0x46,
  0x13, 0x13, 0x30, 0x09, 0x21, 0x68, 0x36, 0x65, 0x6f, 0x75, 0x02, 0x02,
  0x01, 0x0a, 0x18, 0x22, 0x38, 0x20, 0x48, 0x65, 0x80, 0x28, 0x25, 0x30,
  0x43, 0x16, 0xaa, 0x93, 0x27, 0x3c, 0x24, 0x18, 0x0b, 0x03, 0x07, 0x5a,
  0x19, 0x0c, 0x0c, 0x5b, 0x07, 0x15, 0x23, 0x6a, 0x61, 0xfe, 0xc1, 0x2a,
  0x24, 0x13, 0x1a, 0x1a, 0x13, 0x56, 0x4f, 0x1b, 0x27, 0x55, 0x31, 0x0c,
  0x00, 0x02, 0x00, 0x46, 0xff, 0xf4, 0x02, 0x40, 0x02, 0xc6, 0x00, 0x1b,
  0x00, 0x27, 0x00, 0x00, 0x33, 0x11, 0x33, 0x15, 0x07, 0x33, 0x3e, 0x04,
  0x33, 0x32, 0x16, 0x15, 0x14, 0x06, 0x23, 0x22, 0x2e, 0x02, 0x2f, 0x01,
  0x23, 0x16, 0x1d, 0x01, 0x37, 0x14, 0x16, 0x33, 0x32, 0x36, 0x35, 0x34,
  0x26, 0x23, 0x22, 0x06, 0x46, 0x7f, 0x02, 0x02, 0x02, 0x07, 0x1b, 0x21,
  0x36, 0x1e, 0x67, 0x7b, 0x83, 0x67, 0x1e, 0x35, 0x21, 0x19, 0x05, 0x06,
  0x02, 0x02, 0x03, 0x43, 0x3c, 0x37, 0x49, 0x46, 0x39, 0x36, 0x4a, 0x02,
  0xc6, 0xdb, 0x2b, 0x03, 0x0a, 0x1a, 0x13, 0x10, 0x94, 0x77, 0x78, 0x93,
  0x10, 0x16, 0x16, 0x08, 0x08, 0x0f, 0x14, 0x1d, 0xfc, 0x40, 0x5d, 0x55,
  0x49, 0x48, 0x58, 0x51, 0x00, 0x01, 0x00, 0x21, 0xff, 0xf4, 0x02, 0x08,
  0x02, 0x0a, 0x00, 0x1e, 0x00, 0x00, 0x13, 0x34, 0x36, 0x33, 0x32, 0x16,
  0x1f, 0x01, 0x07, 0x2e, 0x02, 0x23, 0x22, 0x06, 0x14, 0x16, 0x33, 0x32,
  0x36, 0x3f, 0x01, 0x17, 0x0e, 0x04, 0x23, 0x22, 0x26, 0x21, 0x99, 0x7c,
  0x3b, 0x62, 0x13, 0x14, 0x38, 0x06, 0x16, 0x45, 0x24, 0x45, 0x56, 0x58,
  0x47, 0x26, 0x4b, 0x12, 0x13, 0x31, 0x03, 0x0b, 0x28, 0x2d, 0x49, 0x26,
  0x7c, 0x99, 0x00, 0xff, 0x70, 0x9b, 0x26, 0x13, 0x13, 0x57, 0x06, 0x12,
  0x1f, 0x5b, 0x86, 0x5d, 0x20, 0x10, 0x11, 0x5a, 0x03, 0x0c, 0x1c, 0x16,
  0x12, 0x99, 0x00, 0x00, 0x00, 0x02, 0x00, 0x23, 0xff, 0xf4, 0x02, 0x1d,
  0x02, 0xc6, 0x00, 0x1b, 0x00, 0x27, 0x00, 0x00, 0x13, 0x34, 0x36, 0x33,
  0x32, 0x1e, 0x02, 0x1f, 0x01, 0x33, 0x26, 0x3d, 0x01, 0x33, 0x11, 0x23,
  0x35, 0x37, 0x23, 0x0e, 0x04, 0x23, 0x22, 0x26, 0x37, 0x14, 0x16, 0x33,
  0x32, 0x36, 0x35, 0x34, 0x26, 0x23, 0x22, 0x06, 0x23, 0x81, 0x66, 0x1f,
  0x36, 0x1f, 0x16, 0x04, 0x05, 0x02, 0x01, 0x7f, 0x78, 0x02, 0x02, 0x02,
  0x07, 0x1b, 0x22, 0x39, 0x21, 0x67, 0x7b, 0x80, 0x46, 0x39, 0x36, 0x4a,
  0x43, 0x3c, 0x37, 0x49, 0x00, 0xff, 0x78, 0x93, 0x0d, 0x13, 0x14, 0x06,
  0x07, 0x0d, 0x10, 0xe0, 0xfd, 0x3a, 0x2a, 0x21, 0x04, 0x0b, 0x1e, 0x17,
  0x13, 0x94, 0x77, 0x48, 0x58, 0x51, 0x50, 0x40, 0x5d, 0x55, 0x00, 0x00,
  0x00, 0x02, 0x00, 0x22, 0xff, 0xf4, 0x02, 0x07, 0x02, 0x0a, 0x00, 0x18,
  0x00, 0x1f, 0x00, 0x00, 0x13, 0x34, 0x36, 0x33, 0x32, 0x16, 0x15, 0x07,
  0x21, 0x1e, 0x01, 0x33, 0x32, 0x36, 0x3f, 0x01, 0x17, 0x0e, 0x04, 0x23,
  0x22, 0x26, 0x37, 0x33, 0x2e, 0x01, 0x23, 0x22, 0x06, 0x22, 0x91, 0x72,
  0x6b, 0x77, 0x03, 0xfe, 0xa0, 0x06, 0x57, 0x3c, 0x24, 0x4a, 0x13, 0x12,
  0x31, 0x03, 0x0c, 0x29, 0x2c, 0x45, 0x24, 0x7b, 0x97, 0x86, 0xdf, 0x01,
  0x39, 0x2b, 0x31, 0x40, 0x00, 0xff, 0x76, 0x95, 0x89, 0x69, 0x31, 0x40,
  0x47, 0x1c, 0x0e, 0x0e, 0x5b, 0x03, 0x0a, 0x19, 0x13, 0x10, 0x9b, 0xaf,
  0x32, 0x38, 0x38, 0x00, 0x00, 0x01, 0x00, 0x21, 0x00, 0x00, 0x01, 0x5b,
  0x02, 0xca, 0x00, 0x16, 0x00, 0x00, 0x33, 0x11, 0x23, 0x35, 0x33, 0x35,
  0x34, 0x3e, 0x03, 0x33, 0x17, 0x15, 0x26, 0x23, 0x22, 0x1d, 0x01, 0x33,
  0x15, 0x23, 0x11, 0x60, 0x3f, 0x3f, 0x1e, 0x2c, 0x3d, 0x30, 0x19, 0x2b,
  0x0b, 0x0f, 0x62, 0x6d, 0x6d, 0x01, 0x91, 0x65, 0x17, 0x30, 0x47, 0x27,
  0x18, 0x07, 0x03, 0x6c, 0x02, 0x53, 0x14, 0x65, 0xfe, 0x6f, 0x00, 0x00,
  0x00, 0x02, 0x00, 0x24, 0xff, 0x2e, 0x02, 0x16, 0x02, 0x0a, 0x00, 0x23,
  0x00, 0x2e, 0x00, 0x00, 0x17, 0x16, 0x33, 0x32, 0x36, 0x3d, 0x01, 0x37,
  0x23, 0x06, 0x23, 0x22, 0x26, 0x35, 0x34, 0x36, 0x33, 0x32, 0x1e, 0x02,
  0x1f, 0x01, 0x33, 0x26, 0x3d, 0x01, 0x33, 0x11, 0x14, 0x0e, 0x02, 0x23,
  0x22, 0x27, 0x13, 0x32, 0x36, 0x35, 0x34, 0x23, 0x22, 0x06, 0x15, 0x14,
  0x16, 0x7a, 0x40, 0x4d, 0x40, 0x50, 0x02, 0x02, 0x2e, 0x60, 0x6a, 0x7b,
  0x78, 0x6a, 0x1f, 0x36, 0x21, 0x17, 0x05, 0x05, 0x03, 0x01, 0x77, 0x2e,
  0x4e, 0x5d, 0x34, 0x62, 0x53, 0xd0, 0x34, 0x42, 0x7e, 0x39, 0x3f, 0x44,
  0x45, 0x21, 0x3c, 0x40, 0x1e, 0x1b, 0x45, 0x95, 0x6d, 0x6e, 0x90, 0x0d,
  0x13, 0x14, 0x06, 0x07, 0x06, 0x08, 0x27, 0xfe, 0x21, 0x3f, 0x60, 0x37,
  0x1b, 0x2c, 0x01, 0x1b, 0x46, 0x50, 0x93, 0x4d, 0x41, 0x45, 0x56, 0x00,
  0x00, 0x01, 0x00, 0x46, 0x00, 0x00, 0x02, 0x26, 0x02, 0xc6, 0x00, 0x16,
  0x00, 0x00, 0x33, 0x11, 0x33, 0x15, 0x07, 0x33, 0x3e, 0x01, 0x33, 0x32,
  0x15, 0x11, 0x23, 0x11, 0x34, 0x26, 0x23, 0x22, 0x06, 0x07, 0x06, 0x1d,
  0x01, 0x46, 0x7f, 0x02, 0x02, 0x15, 0x5d, 0x3e, 0xb1, 0x7e, 0x23, 0x2e,
  0x31, 0x4a, 0x0f, 0x08, 0x02, 0xc6, 0xf6, 0x2b, 0x29, 0x3c, 0xc2, 0xfe,
  0xb8, 0x01, 0x2e, 0x33, 0x35, 0x3b, 0x2f, 0x1b, 0x27, 0xea, 0x00, 0x00,
  0x00, 0x02, 0x00, 0x46, 0x00, 0x00, 0x00, 0xc5, 0x02, 0xc6, 0x00, 0x03,
  0x00, 0x07, 0x00, 0x00, 0x13, 0x35, 0x33, 0x15, 0x03, 0x11, 0x33, 0x11,
  0x46, 0x7e, 0x7e, 0x7f, 0x02, 0x55, 0x71, 0x71, 0xfd, 0xab, 0x01, 0xfe,
  0xfe, 0x02, 0x00, 0x00, 0x00, 0x02, 0xff, 0xc9, 0xff, 0x31, 0x00, 0xc5,
  0x02, 0xc6, 0x00, 0x03, 0x00, 0x15, 0x00, 0x00, 0x13, 0x35, 0x33, 0x15,
  0x07, 0x33, 0x11, 0x14, 0x0e, 0x03, 0x23, 0x27, 0x35, 0x16, 0x33, 0x32,
  0x3e, 0x02, 0x35, 0x46, 0x7e, 0x7e, 0x7f, 0x20, 0x2d, 0x3e, 0x31, 0x19,
  0x27, 0x09, 0x0d, 0x11, 0x1e, 0x23, 0x15, 0x02, 0x55, 0x71, 0x71, 0x57,
  0xfd, 0xf3, 0x31, 0x49, 0x27, 0x18, 0x07, 0x03, 0x6b, 0x02, 0x07, 0x11,
  0x29, 0x1d, 0x00, 0x00, 0x00, 0x01, 0x00, 0x46, 0x00, 0x00, 0x02, 0x20,
  0x02, 0xc6, 0x00, 0x0d, 0x00, 0x00, 0x33, 0x11, 0x33, 0x11, 0x33, 0x37,
  0x33, 0x07, 0x15, 0x13, 0x23, 0x27, 0x23, 0x15, 0x46, 0x7f, 0x3f, 0x7b,
  0x8d, 0xa1, 0xb5, 0x92, 0x87, 0x42, 0x02, 0xc6, 0xfe, 0x84, 0xb4, 0xe4,
  0x02, 0xfe, 0xe8, 0xdf, 0xdf, 0x00, 0x00, 0x00, 0x00, 0x01, 0x00, 0x3f,
  0xff, 0xfb, 0x01, 0x04, 0x02, 0xc6, 0x00, 0x0e, 0x00, 0x00, 0x37, 0x11,
  0x33, 0x11, 0x14, 0x16, 0x33, 0x37, 0x15, 0x06, 0x23, 0x22, 0x2e, 0x02,
  0x3f, 0x7e, 0x19, 0x1b, 0x13, 0x13, 0x15, 0x1f, 0x30, 0x32, 0x1c, 0x9f,
  0x02, 0x27, 0xfd, 0xec, 0x28, 0x1e, 0x01, 0x6f, 0x03, 0x0b, 0x1f, 0x46,
  0x00, 0x01, 0x00, 0x46, 0x00, 0x00, 0x03, 0x52, 0x02, 0x0a, 0x00, 0x27,
  0x00, 0x00, 0x33, 0x11, 0x33, 0x15, 0x07, 0x33, 0x3e, 0x01, 0x33, 0x32,
  0x17, 0x33, 0x3e, 0x01, 0x33, 0x32, 0x15, 0x11, 0x23, 0x11, 0x34, 0x26,
  0x23, 0x22, 0x06, 0x07, 0x06, 0x1d, 0x01, 0x23, 0x11, 0x34, 0x26, 0x23,
  0x22, 0x06, 0x07, 0x06, 0x1d, 0x01, 0x46, 0x7a, 0x02, 0x02, 0x15, 0x59,
  0x38, 0x75, 0x20, 0x02, 0x16, 0x5f, 0x39, 0xa7, 0x7f, 0x1d, 0x29, 0x2f,
  0x40, 0x0c, 0x06, 0x7f, 0x1c, 0x29, 0x2f, 0x41, 0x0d, 0x06, 0x01, 0xfe,
  0x3b, 0x23, 0x2a, 0x40, 0x69, 0x2c, 0x3d, 0xc2, 0xfe, 0xb8, 0x01, 0x30,
  0x32, 0x34, 0x41, 0x33, 0x18, 0x2a, 0xe0, 0x01, 0x30, 0x31, 0x35, 0x41,
  0x34, 0x17, 0x2a, 0xe0, 0x00, 0x01, 0x00, 0x46, 0x00, 0x00, 0x02, 0x26,
  0x02, 0x0a, 0x00, 0x16, 0x00, 0x00, 0x33, 0x11, 0x33, 0x15, 0x07, 0x33,
  0x3e, 0x01, 0x33, 0x32, 0x15, 0x11, 0x23, 0x11, 0x34, 0x26, 0x23, 0x22,
  0x06, 0x07, 0x06, 0x1d, 0x01, 0x46, 0x7a, 0x02, 0x02, 0x15, 0x5b, 0x45,
  0xb1, 0x7e, 0x23, 0x2e, 0x32, 0x48, 0x0f, 0x09, 0x01, 0xfe, 0x3b, 0x23,
  0x29, 0x41, 0xc2, 0xfe, 0xb8, 0x01, 0x2e, 0x33, 0x35, 0x39, 0x2f, 0x1b,
  0x29, 0xea, 0x00, 0x00, 0x00, 0x02, 0x00, 0x20, 0xff, 0xf4, 0x02, 0x51,
  0x02, 0x0a, 0x00, 0x08, 0x00, 0x13, 0x00, 0x00, 0x36, 0x34, 0x36, 0x32,
  0x16, 0x14, 0x06, 0x23, 0x22, 0x03, 0x14, 0x16, 0x33, 0x32, 0x36, 0x35,
  0x34, 0x26, 0x22, 0x06, 0x20, 0xa2, 0xec, 0xa3, 0xa2, 0x76, 0x77, 0x21,
  0x58, 0x40, 0x3f, 0x58, 0x58, 0x7e, 0x59, 0x8b, 0xe8, 0x97, 0x97, 0xe8,
  0x97, 0x01, 0x0b, 0x46, 0x59, 0x59, 0x46, 0x45, 0x5a, 0x5a, 0x00, 0x00,
  0x00, 0x02, 0x00, 0x46, 0xff, 0x38, 0x02, 0x40, 0x02, 0x0a, 0x00, 0x1b,
  0x00, 0x27, 0x00, 0x00, 0x17, 0x11, 0x33, 0x15, 0x07, 0x33, 0x3e, 0x04,
  0x33, 0x32, 0x16, 0x15, 0x14, 0x06, 0x23, 0x22, 0x2e, 0x02, 0x2f, 0x01,
  0x23, 0x16, 0x1d, 0x01, 0x03, 0x14, 0x16, 0x33, 0x32, 0x36, 0x35, 0x34,
  0x26, 0x23, 0x22, 0x06, 0x46, 0x74, 0x02, 0x02, 0x02, 0x07, 0x1c, 0x22,
  0x3b, 0x22, 0x67, 0x7b, 0x83, 0x66, 0x1c, 0x33, 0x20, 0x19, 0x05, 0x05,
  0x02, 0x02, 0x04, 0x43, 0x3c, 0x37, 0x49, 0x46, 0x39, 0x36, 0x4a, 0xc8,
  0x02, 0xc6, 0x25, 0x23, 0x03, 0x0c, 0x1d, 0x16, 0x12, 0x94, 0x77, 0x78,
  0x93, 0x0e, 0x15, 0x15, 0x07, 0x07, 0x12, 0x1a, 0xd6, 0x01, 0xc4, 0x40,
  0x5d, 0x55, 0x49, 0x48, 0x58, 0x51, 0x00, 0x00, 0x00, 0x02, 0x00, 0x23,
  0xff, 0x38, 0x02, 0x1d, 0x02, 0x0a, 0x00, 0x19, 0x00, 0x25, 0x00, 0x00,
  0x13, 0x34, 0x36, 0x33, 0x32, 0x16, 0x1f, 0x01, 0x33, 0x26, 0x3d, 0x01,
  0x33, 0x11, 0x23, 0x35, 0x37, 0x23, 0x0e, 0x04, 0x23, 0x22, 0x26, 0x37,
  0x14, 0x16, 0x33, 0x32, 0x36, 0x35, 0x34, 0x26, 0x23, 0x22, 0x06, 0x23,
  0x81, 0x66, 0x32, 0x4d, 0x0e, 0x0e, 0x02, 0x02, 0x78, 0x7f, 0x02, 0x02,
  0x02, 0x07, 0x1b, 0x20, 0x36, 0x1f, 0x67, 0x7b, 0x80, 0x46, 0x39, 0x36,
  0x4a, 0x43, 0x3c, 0x37, 0x49, 0x00, 0xff, 0x78, 0x93, 0x25, 0x13, 0x12,
  0x0d, 0x14, 0x1d, 0xfd, 0x3a, 0xdc, 0x2c, 0x03, 0x0a, 0x1b, 0x14, 0x10,
  0x94, 0x77, 0x48, 0x58, 0x51, 0x50, 0x40, 0x5d, 0x55, 0x00, 0x00, 0x00,
  0x00, 0x01, 0x00, 0x46, 0x00, 0x00, 0x01, 0x79, 0x02, 0x05, 0x00, 0x12,
  0x00, 0x00, 0x33, 0x11, 0x33, 0x15, 0x07, 0x33, 0x3e, 0x01, 0x33, 0x17,
  0x15, 0x26, 0x23, 0x22, 0x06, 0x07, 0x06, 0x1d, 0x01, 0x46, 0x7a, 0x02,
  0x02, 0x12, 0x57, 0x39, 0x17, 0x0d, 0x11, 0x2d, 0x4d, 0x11, 0x0b, 0x01,
  0xfe, 0x58, 0x24, 0x39, 0x4a, 0x02, 0x7d, 0x02, 0x36, 0x35, 0x22, 0x31,
  0xca, 0x00, 0x00, 0x00, 0x00, 0x01, 0x00, 0x1b, 0xff, 0xf4, 0x01, 0xa4,
  0x02, 0x0a, 0x00, 0x29, 0x00, 0x00, 0x3f, 0x01, 0x1e, 0x02, 0x33, 0x32,
  0x36, 0x35, 0x34, 0x2e, 0x03, 0x35, 0x34, 0x36, 0x33, 0x32, 0x16, 0x1f,
  0x01, 0x07, 0x2e, 0x02, 0x23, 0x22, 0x06, 0x15, 0x14, 0x1e, 0x03, 0x15,
  0x14, 0x06, 0x23, 0x22, 0x26, 0x27, 0x1b, 0x3a, 0x06, 0x17, 0x49, 0x25,
  0x1c, 0x27, 0x33, 0x49, 0x49, 0x33, 0x6e, 0x55, 0x33, 0x56, 0x11, 0x11,
  0x2f, 0x05, 0x14, 0x41, 0x23, 0x1b, 0x26, 0x33, 0x49, 0x49, 0x33, 0x6a,
  0x59, 0x38, 0x63, 0x16, 0x3f, 0x59, 0x06, 0x13, 0x1f, 0x18, 0x16, 0x14,
  0x21, 0x1c, 0x25, 0x42, 0x2e, 0x45, 0x51, 0x1d, 0x0f, 0x0e, 0x5e, 0x05,
  0x0f, 0x18, 0x17, 0x17, 0x13, 0x1f, 0x1c, 0x24, 0x43, 0x2e, 0x42, 0x57,
  0x25, 0x13, 0x00, 0x00, 0x00, 0x01, 0x00, 0x1a, 0xff, 0xfb, 0x01, 0x57,
  0x02, 0x89, 0x00, 0x17, 0x00, 0x00, 0x37, 0x35, 0x23, 0x35, 0x33, 0x35,
  0x33, 0x15, 0x33, 0x15, 0x23, 0x15, 0x14, 0x16, 0x33, 0x37, 0x15, 0x06,
  0x23, 0x22, 0x2e, 0x03, 0x5c, 0x42, 0x45, 0x7c, 0x74, 0x74, 0x3f, 0x26,
  0x17, 0x0f, 0x18, 0x1a, 0x30, 0x3e, 0x2d, 0x1f, 0xbb, 0xd6, 0x65, 0x93,
  0x93, 0x65, 0xc6, 0x37, 0x29, 0x02, 0x6f, 0x03, 0x07, 0x18, 0x27, 0x49,
  0x00, 0x01, 0x00, 0x3f, 0xff, 0xf4, 0x02, 0x1b, 0x01, 0xfe, 0x00, 0x14,
  0x00, 0x00, 0x37, 0x11, 0x33, 0x11, 0x14, 0x16, 0x33, 0x32, 0x36, 0x3d,
  0x01, 0x33, 0x11, 0x23, 0x35, 0x37, 0x23, 0x0e, 0x01, 0x23, 0x22, 0x3f,
  0x7f, 0x23, 0x2c, 0x42, 0x4d, 0x7f, 0x7a, 0x02, 0x02, 0x15, 0x5f, 0x3d,
  0xb1, 0xb6, 0x01, 0x48, 0xfe, 0xd2, 0x33, 0x35, 0x64, 0x48, 0xea, 0xfe,
  0x02, 0x3a, 0x24, 0x2b, 0x3f, 0x00, 0x00, 0x00, 0x00, 0x01, 0x00, 0x00,
  0x00, 0x00, 0x02, 0x06, 0x01, 0xfe, 0x00, 0x0f, 0x00, 0x00, 0x33, 0x03,
  0x33, 0x13, 0x1e, 0x01, 0x1f, 0x01, 0x33, 0x37, 0x3e, 0x01, 0x37, 0x13,
  0x33, 0x03, 0xb9, 0xb9, 0x86, 0x6a, 0x04, 0x09, 0x03, 0x02, 0x02, 0x02,
  0x03, 0x09, 0x04, 0x6a, 0x86, 0xb7, 0x01, 0xfe, 0xfe, 0xc4, 0x0d, 0x27,
  0x0c, 0x0d, 0x0d, 0x0c, 0x27, 0x0d, 0x01, 0x3c, 0xfe, 0x02, 0x00, 0x00,
  0x00, 0x01, 0x00, 0x0e, 0x00, 0x00, 0x03, 0x27, 0x01, 0xfe, 0x00, 0x18,
  0x00, 0x00, 0x33, 0x03, 0x33, 0x13, 0x17, 0x33, 0x36, 0x37, 0x13, 0x33,
  0x13, 0x17, 0x33, 0x36, 0x37, 0x13, 0x33, 0x03, 0x23, 0x03, 0x27, 0x23,
  0x06, 0x07, 0x03, 0xaa, 0x9c, 0x86, 0x59, 0x0a, 0x02, 0x05, 0x07, 0x5e,
  0x71, 0x5e, 0x0b, 0x02, 0x04, 0x07, 0x59, 0x84, 0x9b, 0x8d, 0x56, 0x0d,
  0x02, 0x04, 0x08, 0x56, 0x01, 0xfe, 0xfe, 0xb1, 0x36, 0x1b, 0x1b, 0x01,
  0x4e, 0xfe, 0xb2, 0x36, 0x1b, 0x1b, 0x01, 0x4f, 0xfe, 0x02, 0x01, 0x23,
  0x37, 0x1c, 0x1b, 0xfe, 0xdd, 0x00, 0x00, 0x00, 0x00, 0x01, 0x00, 0x11,
  0x00, 0x00, 0x01, 0xfb, 0x01, 0xfe, 0x00, 0x13, 0x00, 0x00, 0x25, 0x23,
  0x06, 0x0f, 0x01, 0x23, 0x13, 0x27, 0x33, 0x1f, 0x01, 0x33, 0x36, 0x3f,
  0x01, 0x33, 0x07, 0x13, 0x23, 0x27, 0x01, 0x07, 0x02, 0x07, 0x07, 0x59,
  0x8d, 0xa8, 0xa4, 0x90, 0x4f, 0x11, 0x02, 0x09, 0x08, 0x4f, 0x90, 0xa4,
  0xa8, 0x8d, 0x59, 0xaf, 0x10, 0x0b, 0x94, 0x01, 0x02, 0xfc, 0x8b, 0x20,
  0x13, 0x0d, 0x8b, 0xfc, 0xfe, 0xfe, 0x94, 0x00, 0x00, 0x01, 0xff, 0xf8,
  0xff, 0x2e, 0x02, 0x07, 0x01, 0xfe, 0x00, 0x16, 0x00, 0x00, 0x17, 0x37,
  0x16, 0x33, 0x32, 0x3f, 0x01, 0x03, 0x33, 0x13, 0x17, 0x33, 0x36, 0x37,
  0x13, 0x33, 0x03, 0x0e, 0x01, 0x23, 0x22, 0x26, 0x27, 0x01, 0x2a, 0x1c,
  0x1d, 0x3c, 0x1c, 0x13, 0xd7, 0x8f, 0x6b, 0x13, 0x02, 0x08, 0x09, 0x64,
  0x8b, 0xe4, 0x1a, 0x61, 0x3d, 0x1b, 0x35, 0x0d, 0xb1, 0x5f, 0x15, 0x42,
  0x2d, 0x01, 0xf6, 0xfe, 0xda, 0x45, 0x28, 0x1b, 0x01, 0x28, 0xfd, 0xb5,
  0x43, 0x42, 0x10, 0x08, 0x00, 0x01, 0x00, 0x23, 0x00, 0x00, 0x01, 0xe6,
  0x01, 0xfe, 0x00, 0x17, 0x00, 0x00, 0x33, 0x35, 0x13, 0x3e, 0x01, 0x3f,
  0x01, 0x35, 0x06, 0x2b, 0x01, 0x35, 0x21, 0x15, 0x03, 0x0e, 0x01, 0x0f,
  0x01, 0x15, 0x36, 0x3b, 0x01, 0x15, 0x23, 0xe5, 0x0a, 0x16, 0x06, 0x05,
  0x0f, 0x20, 0xd7, 0x01, 0xb2, 0xe5, 0x0a, 0x16, 0x06, 0x06, 0x0f, 0x21,
  0xe8, 0x44, 0x01, 0x1f, 0x0d, 0x17, 0x05, 0x06, 0x02, 0x02, 0x6c, 0x45,
  0xfe, 0xe1, 0x0d, 0x17, 0x06, 0x05, 0x02, 0x03, 0x6c, 0x00, 0x00, 0x00,
  0x00, 0x01, 0x00, 0x2b, 0xff, 0x9d, 0x01, 0x50, 0x02, 0xe8, 0x00, 0x3a,
  0x00, 0x00, 0x37, 0x35, 0x34, 0x2e, 0x02, 0x2f, 0x01, 0x35, 0x32, 0x3e,
  0x03, 0x3d, 0x01, 0x34, 0x3e, 0x03, 0x33, 0x17, 0x15, 0x26, 0x23, 0x22,
  0x0e, 0x01, 0x1d, 0x01, 0x14, 0x0e, 0x02, 0x0f, 0x01, 0x15, 0x1e, 0x04,
  0x1d, 0x01, 0x14, 0x1e, 0x02, 0x33, 0x37, 0x15, 0x06, 0x23, 0x22, 0x2e,
  0x03, 0x80, 0x12, 0x18, 0x19, 0x09, 0x09, 0x03, 0x0c, 0x1d, 0x17, 0x12,
  0x1b, 0x25, 0x35, 0x27, 0x15, 0x1f, 0x08, 0x0a, 0x12, 0x20, 0x20, 0x11,
  0x18, 0x18, 0x09, 0x08, 0x03, 0x0b, 0x1d, 0x15, 0x12, 0x11, 0x1d, 0x17,
  0x0d, 0x12, 0x0d, 0x12, 0x15, 0x27, 0x35, 0x25, 0x1b, 0x47, 0x61, 0x1c,
  0x2a, 0x14, 0x0c, 0x01, 0x01, 0x6f, 0x02, 0x0c, 0x15, 0x2a, 0x1d, 0x56,
  0x2b, 0x41, 0x23, 0x14, 0x06, 0x01, 0x5e, 0x01, 0x09, 0x29, 0x23, 0x6d,
  0x1c, 0x2f, 0x1b, 0x12, 0x04, 0x03, 0x02, 0x01, 0x04, 0x13, 0x1a, 0x2f,
  0x1d, 0x78, 0x1b, 0x25, 0x0f, 0x06, 0x01, 0x5e, 0x02, 0x06, 0x14, 0x23,
  0x41, 0x00, 0x00, 0x00, 0x00, 0x01, 0x00, 0x5b, 0xff, 0x5f, 0x00, 0xc7,
  0x03, 0x1c, 0x00, 0x03, 0x00, 0x00, 0x17, 0x11, 0x33, 0x11, 0x5b, 0x6c,
  0xa1, 0x03, 0xbd, 0xfc, 0x43, 0x00, 0x00, 0x00, 0x00, 0x01, 0x00, 0x1d,
  0xff, 0x9d, 0x01, 0x42, 0x02, 0xe8, 0x00, 0x36, 0x00, 0x00, 0x17, 0x16,
  0x33, 0x32, 0x3d, 0x01, 0x34, 0x3e, 0x02, 0x3f, 0x01, 0x35, 0x2e, 0x04,
  0x3d, 0x01, 0x34, 0x2e, 0x02, 0x23, 0x07, 0x35, 0x36, 0x33, 0x32, 0x1e,
  0x03, 0x1d, 0x01, 0x14, 0x16, 0x1f, 0x01, 0x15, 0x22, 0x0e, 0x03, 0x1d,
  0x01, 0x14, 0x0e, 0x03, 0x23, 0x27, 0x1d, 0x08, 0x0a, 0x51, 0x11, 0x19,
  0x18, 0x08, 0x09, 0x03, 0x0c, 0x1c, 0x16, 0x12, 0x11, 0x1c, 0x17, 0x0d,
  0x12, 0x0d, 0x12, 0x15, 0x27, 0x35, 0x25, 0x1b, 0x2b, 0x15, 0x15, 0x03,
  0x0c, 0x1d, 0x17, 0x12, 0x1b, 0x25, 0x35, 0x27, 0x15, 0x1f, 0x03, 0x01,
  0x55, 0x78, 0x1d, 0x2f, 0x1a, 0x12, 0x03, 0x03, 0x02, 0x01, 0x05, 0x14,
  0x1a, 0x2f, 0x1c, 0x6d, 0x1b, 0x24, 0x10, 0x06, 0x01, 0x5e, 0x01, 0x06,
  0x14, 0x23, 0x41, 0x2b, 0x56, 0x2d, 0x35, 0x04, 0x04, 0x6f, 0x02, 0x0c,
  0x14, 0x2a, 0x1c, 0x61, 0x2c, 0x41, 0x23, 0x14, 0x06, 0x02, 0x00, 0x00,
  0x00, 0x01, 0x00, 0x38, 0x00, 0xc3, 0x02, 0x2c, 0x01, 0x7d, 0x00, 0x15,
  0x00, 0x00, 0x37, 0x34, 0x33, 0x32, 0x1e, 0x02, 0x33, 0x32, 0x36, 0x35,
  0x33, 0x14, 0x23, 0x22, 0x2e, 0x02, 0x23, 0x22, 0x06, 0x15, 0x38, 0x9a,
  0x22, 0x37, 0x1f, 0x2a, 0x16, 0x1f, 0x1f, 0x64, 0x99, 0x22, 0x37, 0x1f,
  0x2a, 0x16, 0x1f, 0x1f, 0xc7, 0xb6, 0x1c, 0x23, 0x1c, 0x32, 0x25, 0xb6,
  0x1c, 0x22, 0x1c, 0x31, 0x25, 0x00, 0x00, 0x00, 0x00, 0x02, 0x00, 0x56,
  0xff, 0x38, 0x00, 0xda, 0x01, 0xfd, 0x00, 0x03, 0x00, 0x07, 0x00, 0x00,
  0x13, 0x35, 0x33, 0x15, 0x03, 0x13, 0x33, 0x13, 0x5b, 0x7a, 0x7f, 0x0b,
  0x6f, 0x0a, 0x01, 0x87, 0x76, 0x76, 0xfd, 0xb1, 0x01, 0xf8, 0xfe, 0x08,
  0x00, 0x01, 0x00, 0x2d, 0xff, 0xf4, 0x02, 0x15, 0x02, 0xd1, 0x00, 0x1c,
  0x00, 0x00, 0x05, 0x35, 0x2e, 0x01, 0x34, 0x36, 0x37, 0x35, 0x33, 0x15,
  0x1e, 0x01, 0x17, 0x07, 0x26, 0x23, 0x22, 0x06, 0x15, 0x14, 0x16, 0x33,
  0x32, 0x37, 0x17, 0x0e, 0x01, 0x07, 0x15, 0x01, 0x01, 0x5f, 0x75, 0x75,
  0x5f, 0x56, 0x42, 0x64, 0x18, 0x72, 0x24, 0x50, 0x3a, 0x48, 0x46, 0x3c,
  0x50, 0x24, 0x72, 0x19, 0x61, 0x44, 0x0c, 0x56, 0x10, 0x9c, 0xda, 0x9d,
  0x10, 0x54, 0x54, 0x0c, 0x56, 0x40, 0x2c, 0x59, 0x5d, 0x48, 0x4b, 0x5a,
  0x59, 0x2c, 0x3d, 0x5c, 0x08, 0x56, 0x00, 0x00, 0x00, 0x01, 0x00, 0x33,
  0x00, 0x00, 0x02, 0x28, 0x02, 0xd2, 0x00, 0x1b, 0x00, 0x00, 0x13, 0x35,
  0x33, 0x35, 0x34, 0x36, 0x33, 0x32, 0x16, 0x1f, 0x01, 0x07, 0x26, 0x23,
  0x22, 0x06, 0x1d, 0x01, 0x33, 0x15, 0x23, 0x15, 0x21, 0x15, 0x21, 0x35,
  0x33, 0x35, 0x42, 0x2b, 0x81, 0x63, 0x30, 0x59, 0x15, 0x15, 0x49, 0x2f,
  0x38, 0x2c, 0x38, 0xb1, 0xb1, 0x01, 0x38, 0xfe, 0x0b, 0x3a, 0x01, 0x37,
  0x57, 0x79, 0x58, 0x73, 0x24, 0x12, 0x12, 0x58, 0x2b, 0x33, 0x27, 0x75,
  0x57, 0xc8, 0x6f, 0x6f, 0xc8, 0x00, 0x00, 0x00, 0x00, 0x01, 0x00, 0x17,
  0x00, 0x00, 0x02, 0x4f, 0x02, 0xc6, 0x00, 0x1f, 0x00, 0x00, 0x13, 0x35,
  0x33, 0x03, 0x33, 0x17, 0x1e, 0x01, 0x1f, 0x01, 0x33, 0x36, 0x3f, 0x01,
  0x33, 0x03, 0x33, 0x15, 0x23, 0x07, 0x15, 0x33, 0x15, 0x23, 0x15, 0x23,
  0x35, 0x23, 0x35, 0x33, 0x35, 0x27, 0x4f, 0x62, 0x9a, 0x93, 0x5d, 0x0c,
  0x15, 0x05, 0x05, 0x02, 0x11, 0x1a, 0x5d, 0x93, 0x9a, 0x62, 0x89, 0x19,
  0xa2, 0xa2, 0x83, 0xa3, 0xa3, 0x1a, 0x01, 0x59, 0x4c, 0x01, 0x21, 0xbd,
  0x18, 0x39, 0x10, 0x11, 0x3d, 0x35, 0xbd, 0xfe, 0xdf, 0x4c, 0x31, 0x21,
  0x4c, 0xbb, 0xbb, 0x4c, 0x21, 0x31, 0x00, 0x00, 0x00, 0x02, 0x00, 0x26,
  0xff, 0xc2, 0x01, 0xad, 0x02, 0xd2, 0x00, 0x13, 0x00, 0x29, 0x00, 0x00,
  0x37, 0x03, 0x26, 0x35, 0x34, 0x36, 0x33, 0x32, 0x16, 0x1f, 0x01, 0x07,
  0x26, 0x23, 0x22, 0x06, 0x15, 0x14, 0x17, 0x13, 0x07, 0x37, 0x1e, 0x02,
  0x33, 0x32, 0x36, 0x35, 0x34, 0x27, 0x03, 0x33, 0x13, 0x16, 0x15, 0x14,
  0x06, 0x23, 0x22, 0x26, 0x27, 0x89, 0x49, 0x07, 0x6d, 0x60, 0x2f, 0x53,
  0x12, 0x13, 0x39, 0x2e, 0x3f, 0x2e, 0x39, 0x07, 0x45, 0xc6, 0x36, 0x06,
  0x13, 0x3c, 0x1c, 0x2d, 0x3a, 0x09, 0x43, 0x64, 0x47, 0x07, 0x6a, 0x63,
  0x2f, 0x53, 0x13, 0x8a, 0x01, 0x58, 0x21, 0x18, 0x51, 0x66, 0x1f, 0x0f,
  0x10, 0x51, 0x27, 0x2e, 0x30, 0x11, 0x21, 0xfe, 0xb0, 0x8b, 0x56, 0x05,
  0x0f, 0x18, 0x33, 0x32, 0x11, 0x28, 0x01, 0x43, 0xfe, 0xa8, 0x20, 0x13,
  0x54, 0x69, 0x1e, 0x10, 0x00, 0x02, 0x00, 0x6a, 0x03, 0x09, 0x01, 0x83,
  0x03, 0x7d, 0x00, 0x03, 0x00, 0x07, 0x00, 0x00, 0x01, 0x35, 0x33, 0x15,
  0x21, 0x35, 0x33, 0x15, 0x01, 0x22, 0x61, 0xfe, 0xe7, 0x62, 0x03, 0x09,
  0x74, 0x74, 0x74, 0x74, 0x00, 0x03, 0x00, 0x2e, 0xff, 0xf4, 0x02, 0xfb,
  0x02, 0xd1, 0x00, 0x09, 0x00, 0x13, 0x00, 0x36, 0x00, 0x00, 0x36, 0x10,
  0x36, 0x33, 0x32, 0x16, 0x10, 0x06, 0x23, 0x22, 0x02, 0x14, 0x16, 0x33,
  0x32, 0x36, 0x34, 0x26, 0x23, 0x22, 0x02, 0x34, 0x36, 0x33, 0x32, 0x1e,
  0x02, 0x1f, 0x01, 0x07, 0x2e, 0x04, 0x23, 0x22, 0x06, 0x15, 0x14, 0x16,
  0x33, 0x32, 0x36, 0x3f, 0x01, 0x17, 0x0e, 0x04, 0x23, 0x22, 0x2e, 0xd1,
  0x94, 0x96, 0xd2, 0xd2, 0x96, 0x94, 0x78, 0x9b, 0x71, 0x73, 0x9d, 0x9d,
  0x73, 0x71, 0x45, 0x6a, 0x51, 0x22, 0x3a, 0x23, 0x19, 0x05, 0x05, 0x4c,
  0x01, 0x04, 0x0f, 0x12, 0x1d, 0x10, 0x2c, 0x36, 0x35, 0x2d, 0x1a, 0x29,
  0x08, 0x08, 0x4c, 0x02, 0x07, 0x1b, 0x21, 0x3b, 0x22, 0x51, 0xcb, 0x01,
  0x30, 0xd6, 0xd6, 0xfe, 0xd0, 0xd7, 0x01, 0xe7, 0xf0, 0xa6, 0xa6, 0xf0,
  0xa5, 0xfe, 0x90, 0xa2, 0x72, 0x16, 0x1e, 0x1f, 0x0b, 0x0b, 0x24, 0x02,
  0x08, 0x14, 0x0f, 0x0d, 0x40, 0x30, 0x31, 0x3f, 0x1d, 0x0e, 0x0f, 0x23,
  0x04, 0x0f, 0x24, 0x1c, 0x17, 0x00, 0x00, 0x00, 0x00, 0x03, 0x00, 0x3e,
  0x01, 0x0a, 0x01, 0x5d, 0x02, 0xd0, 0x00, 0x1c, 0x00, 0x26, 0x00, 0x2a,
  0x00, 0x00, 0x13, 0x22, 0x26, 0x35, 0x34, 0x3b, 0x01, 0x35, 0x34, 0x23,
  0x22, 0x06, 0x0f, 0x01, 0x27, 0x3e, 0x02, 0x33, 0x32, 0x16, 0x1d, 0x01,
  0x23, 0x35, 0x23, 0x0e, 0x02, 0x27, 0x32, 0x36, 0x3d, 0x01, 0x23, 0x22,
  0x15, 0x14, 0x16, 0x07, 0x35, 0x21, 0x15, 0xa9, 0x2b, 0x40, 0xb9, 0x09,
  0x3a, 0x12, 0x29, 0x0b, 0x0c, 0x20, 0x05, 0x14, 0x43, 0x24, 0x41, 0x45,
  0x54, 0x02, 0x03, 0x0c, 0x2f, 0x06, 0x1b, 0x24, 0x0b, 0x5c, 0x16, 0x6f,
  0x01, 0x1e, 0x01, 0x7f, 0x35, 0x2d, 0x6e, 0x07, 0x34, 0x0e, 0x06, 0x07,
  0x3b, 0x04, 0x0d, 0x15, 0x45, 0x3d, 0xc9, 0x2c, 0x06, 0x10, 0x1c, 0x46,
  0x2c, 0x1c, 0x07, 0x2d, 0x0f, 0x13, 0xbb, 0x44, 0x44, 0x00, 0x00, 0x00,
  0x00, 0x02, 0x00, 0x23, 0x00, 0x4d, 0x02, 0x20, 0x01, 0xe8, 0x00, 0x05,
  0x00, 0x0b, 0x00, 0x00, 0x01, 0x37, 0x33, 0x07, 0x17, 0x2b, 0x01, 0x27,
  0x37, 0x33, 0x07, 0x17, 0x01, 0x03, 0xa4, 0x79, 0xa4, 0xa4, 0x79, 0xe0,
  0xa4, 0xa4, 0x79, 0xa4, 0xa4, 0x01, 0x1a, 0xce, 0xce, 0xcd, 0xcd, 0xce,
  0xce, 0xcd, 0x00, 0x00, 0x00, 0x01, 0x00, 0x2f, 0x00, 0x8f, 0x02, 0x17,
  0x01, 0xb5, 0x00, 0x05, 0x00, 0x00, 0x13, 0x35, 0x21, 0x11, 0x23, 0x35,
  0x2f, 0x01, 0xe8, 0x66, 0x01, 0x53, 0x62, 0xfe, 0xda, 0xc4, 0x00, 0x00,
  0x00, 0x01, 0x00, 0x41, 0x00, 0xe6, 0x01, 0x6e, 0x01, 0x55, 0x00, 0x03,
  0x00, 0x00, 0x37, 0x35, 0x21, 0x15, 0x41, 0x01, 0x2d, 0xe6, 0x6f, 0x6f,
  0x00, 0x04, 0x00, 0x2e, 0xff, 0xf4, 0x02, 0xfb, 0x02, 0xd1, 0x00, 0x09,
  0x00, 0x13, 0x00, 0x24, 0x00, 0x2c, 0x00, 0x00, 0x36, 0x10, 0x36, 0x33,
  0x32, 0x16, 0x10, 0x06, 0x23, 0x22, 0x02, 0x14, 0x16, 0x33, 0x32, 0x36,
  0x34, 0x26, 0x23, 0x22, 0x03, 0x11, 0x33, 0x32, 0x16, 0x15, 0x14, 0x06,
  0x07, 0x15, 0x16, 0x1f, 0x01, 0x23, 0x27, 0x23, 0x15, 0x35, 0x33, 0x32,
  0x36, 0x34, 0x26, 0x2b, 0x01, 0x2e, 0xd1, 0x94, 0x96, 0xd2, 0xd2, 0x96,
  0x94, 0x78, 0x9b, 0x71, 0x73, 0x9d, 0x9d, 0x73, 0x71, 0x0c, 0x98, 0x36,
  0x42, 0x29, 0x18, 0x04, 0x09, 0x45, 0x5e, 0x3e, 0x30, 0x2f, 0x19, 0x1c,
  0x1c, 0x18, 0x30, 0xcb, 0x01, 0x30, 0xd6, 0xd6, 0xfe, 0xd0, 0xd7, 0x01,
  0xe7, 0xf0, 0xa6, 0xa6, 0xf0, 0xa5, 0xfe, 0x2e, 0x01, 0x6e, 0x40, 0x34,
  0x27, 0x32, 0x06, 0x02, 0x04, 0x11, 0x84, 0x87, 0x87, 0xc3, 0x1d, 0x34,
  0x1c, 0x00, 0x00, 0x00, 0x00, 0x01, 0x00, 0x74, 0x03, 0x0f, 0x01, 0x7a,
  0x03, 0x66, 0x00, 0x03, 0x00, 0x00, 0x13, 0x35, 0x21, 0x15, 0x74, 0x01,
  0x06, 0x03, 0x0f, 0x57, 0x57, 0x00, 0x00, 0x00, 0x00, 0x02, 0x00, 0x23,
  0x01, 0x98, 0x01, 0x69, 0x02, 0xd3, 0x00, 0x0a, 0x00, 0x14, 0x00, 0x00,
  0x00, 0x22, 0x26, 0x35, 0x34, 0x36, 0x33, 0x32, 0x16, 0x15, 0x14, 0x22,
  0x32, 0x36, 0x35, 0x34, 0x26, 0x22, 0x06, 0x15, 0x14, 0x01, 0x0a, 0x88,
  0x5f, 0x5f, 0x44, 0x43, 0x60, 0xbf, 0x38, 0x27, 0x27, 0x38, 0x26, 0x01,
  0x98, 0x5b, 0x42, 0x41, 0x5d, 0x5d, 0x41, 0x42, 0x26, 0x1c, 0x1b, 0x27,
  0x27, 0x1b, 0x1c, 0x00, 0x00, 0x02, 0x00, 0x31, 0xff, 0x49, 0x02, 0x48,
  0x02, 0x3c, 0x00, 0x0b, 0x00, 0x0f, 0x00, 0x00, 0x37, 0x35, 0x33, 0x35,
  0x33, 0x15, 0x33, 0x15, 0x23, 0x15, 0x23, 0x35, 0x03, 0x21, 0x15, 0x21,
  0x31, 0xd8, 0x67, 0xd8, 0xd8, 0x67, 0xca, 0x01, 0xfc, 0xfe, 0x04, 0xec,
  0x63, 0xed, 0xed, 0x63, 0xec, 0xec, 0xfe, 0xbf, 0x62, 0x00, 0x00, 0x00,
  0x00, 0x01, 0x00, 0x2c, 0x01, 0xa7, 0x01, 0x61, 0x03, 0x68, 0x00, 0x20,
  0x00, 0x00, 0x13, 0x26, 0x35, 0x34, 0x3e, 0x03, 0x34, 0x26, 0x23, 0x22,
  0x06, 0x0f, 0x01, 0x27, 0x3e, 0x04, 0x33, 0x32, 0x16, 0x15, 0x14, 0x0e,
  0x03, 0x07, 0x33, 0x15, 0x30, 0x04, 0x2b, 0x3d, 0x3c, 0x2b, 0x23, 0x1b,
  0x14, 0x28, 0x09, 0x0a, 0x3e, 0x02, 0x07, 0x1b, 0x20, 0x33, 0x1c, 0x3f,
  0x59, 0x27, 0x39, 0x39, 0x2b, 0x02, 0xcc, 0x01, 0xa7, 0x1c, 0x0d, 0x30,
  0x4b, 0x2c, 0x25, 0x29, 0x2e, 0x1d, 0x17, 0x0b, 0x0c, 0x37, 0x03, 0x0b,
  0x1b, 0x15, 0x11, 0x49, 0x3f, 0x28, 0x3f, 0x27, 0x20, 0x24, 0x14, 0x53,
  0x00, 0x01, 0x00, 0x24, 0x01, 0x9d, 0x01, 0x5f, 0x03, 0x5e, 0x00, 0x1f,
  0x00, 0x00, 0x13, 0x22, 0x26, 0x2f, 0x01, 0x37, 0x1e, 0x02, 0x33, 0x32,
  0x36, 0x34, 0x26, 0x2b, 0x01, 0x27, 0x3f, 0x01, 0x35, 0x06, 0x2b, 0x01,
  0x35, 0x21, 0x15, 0x07, 0x1e, 0x01, 0x15, 0x14, 0x06, 0xb9, 0x2d, 0x4a,
  0x0f, 0x0f, 0x32, 0x04, 0x0f, 0x32, 0x1c, 0x1e, 0x2a, 0x2e, 0x20, 0x23,
  0x14, 0x4f, 0x18, 0x14, 0x0f, 0x81, 0x01, 0x18, 0x63, 0x31, 0x3c, 0x5c,
  0x01, 0x9d, 0x21, 0x11, 0x11, 0x43, 0x05, 0x10, 0x1a, 0x24, 0x36, 0x1e,
  0x2d, 0x5a, 0x18, 0x02, 0x03, 0x54, 0x3d, 0x70, 0x09, 0x42, 0x34, 0x3d,
  0x58, 0x00, 0x00, 0x00, 0x00, 0x01, 0x00, 0x8f, 0x02, 0xf5, 0x01, 0x5e,
  0x03, 0x7d, 0x00, 0x03, 0x00, 0x00, 0x13, 0x37, 0x33, 0x07, 0x8f, 0x4c,
  0x83, 0x69, 0x02, 0xf5, 0x88, 0x88, 0x00, 0x00, 0x00, 0x01, 0x00, 0x4d,
  0xff, 0x38, 0x02, 0x28, 0x01, 0xfe, 0x00, 0x1e, 0x00, 0x00, 0x17, 0x11,
  0x33, 0x11, 0x14, 0x16, 0x33, 0x32, 0x36, 0x3d, 0x01, 0x33, 0x11, 0x23,
  0x35, 0x37, 0x23, 0x0e, 0x04, 0x23, 0x22, 0x26, 0x2f, 0x01, 0x23, 0x16,
  0x1d, 0x01, 0x4d, 0x7e, 0x23, 0x2c, 0x42, 0x4d, 0x7f, 0x7a, 0x02, 0x03,
  0x02, 0x07, 0x1e, 0x25, 0x3f, 0x25, 0x17, 0x24, 0x06, 0x07, 0x02, 0x07,
  0xc8, 0x02, 0xc6, 0xfe, 0xd2, 0x33, 0x35, 0x64, 0x48, 0xea, 0xfe, 0x02,
  0x3e, 0x20, 0x04, 0x0f, 0x24, 0x1c, 0x17, 0x0a, 0x06, 0x05, 0x31, 0x22,
  0x7e, 0x00, 0x00, 0x00, 0x00, 0x02, 0x00, 0x24, 0xff, 0xce, 0x02, 0x40,
  0x02, 0xc6, 0x00, 0x0a, 0x00, 0x0e, 0x00, 0x00, 0x05, 0x11, 0x22, 0x26,
  0x34, 0x36, 0x33, 0x21, 0x15, 0x23, 0x11, 0x33, 0x11, 0x33, 0x11, 0x01,
  0x0f, 0x61, 0x8a, 0x8a, 0x61, 0x01, 0x31, 0xd5, 0x3e, 0x5d, 0x32, 0x01,
  0x23, 0x89, 0xc4, 0x88, 0x6f, 0xfd, 0x77, 0x02, 0x52, 0xfd, 0xae, 0x00,
  0x00, 0x01, 0x00, 0x4d, 0x00, 0xe5, 0x00, 0xc8, 0x01, 0x63, 0x00, 0x03,
  0x00, 0x00, 0x37, 0x35, 0x33, 0x15, 0x4d, 0x7b, 0xe5, 0x7e, 0x7e, 0x00,
  0x00, 0x01, 0x00, 0xa2, 0xff, 0x30, 0x01, 0x4b, 0x00, 0x19, 0x00, 0x15,
  0x00, 0x00, 0x37, 0x17, 0x15, 0x07, 0x1e, 0x01, 0x15, 0x14, 0x06, 0x23,
  0x22, 0x26, 0x2f, 0x01, 0x35, 0x16, 0x33, 0x32, 0x35, 0x34, 0x23, 0x07,
  0xd3, 0x3a, 0x0b, 0x21, 0x28, 0x3e, 0x2e, 0x0f, 0x1f, 0x07, 0x08, 0x15,
  0x16, 0x2c, 0x30, 0x15, 0x19, 0x0d, 0x07, 0x31, 0x04, 0x26, 0x22, 0x2e,
  0x2a, 0x04, 0x02, 0x01, 0x46, 0x08, 0x1c, 0x1b, 0x02, 0x00, 0x00, 0x00,
  0x00, 0x01, 0x00, 0x39, 0x01, 0xa7, 0x01, 0x59, 0x03, 0x5e, 0x00, 0x0e,
  0x00, 0x00, 0x13, 0x35, 0x33, 0x35, 0x37, 0x23, 0x06, 0x0f, 0x01, 0x27,
  0x37, 0x33, 0x11, 0x33, 0x15, 0x43, 0x5c, 0x02, 0x02, 0x04, 0x0b, 0x1f,
  0x38, 0x71, 0x54, 0x5b, 0x01, 0xa7, 0x53, 0xcf, 0x1c, 0x09, 0x0a, 0x1d,
  0x3c, 0x6d, 0xfe, 0x9c, 0x53, 0x00, 0x00, 0x00, 0x00, 0x03, 0x00, 0x35,
  0x01, 0x0a, 0x01, 0x94, 0x02, 0xd0, 0x00, 0x0b, 0x00, 0x17, 0x00, 0x1b,
  0x00, 0x00, 0x13, 0x22, 0x26, 0x35, 0x34, 0x36, 0x33, 0x32, 0x16, 0x15,
  0x14, 0x06, 0x27, 0x32, 0x36, 0x35, 0x34, 0x26, 0x23, 0x22, 0x06, 0x15,
  0x14, 0x16, 0x07, 0x35, 0x21, 0x15, 0xe4, 0x49, 0x66, 0x66, 0x49, 0x4a,
  0x66, 0x66, 0x4a, 0x24, 0x31, 0x31, 0x24, 0x23, 0x31, 0x31, 0x7d, 0x01,
  0x42, 0x01, 0x80, 0x60, 0x49, 0x48, 0x5f, 0x5f, 0x48, 0x49, 0x60, 0x50,
  0x32, 0x27, 0x26, 0x32, 0x32, 0x26, 0x27, 0x32, 0xc6, 0x44, 0x44, 0x00,
  0x00, 0x02, 0x00, 0x28, 0x00, 0x4d, 0x02, 0x26, 0x01, 0xe8, 0x00, 0x05,
  0x00, 0x0b, 0x00, 0x00, 0x25, 0x37, 0x27, 0x33, 0x17, 0x07, 0x21, 0x37,
  0x27, 0x33, 0x17, 0x07, 0x01, 0x09, 0xa4, 0xa4, 0x79, 0xa4, 0xa4, 0xfe,
  0xa6, 0xa4, 0xa4, 0x79, 0xa4, 0xa4, 0x4d, 0xcd, 0xce, 0xce, 0xcd, 0xcd,
  0xce, 0xce, 0xcd, 0x00, 0x00, 0x04, 0x00, 0x38, 0x00, 0x00, 0x03, 0xb4,
  0x02, 0xc6, 0x00, 0x03, 0x00, 0x12, 0x00, 0x1d, 0x00, 0x25, 0x00, 0x00,
  0x21, 0x23, 0x01, 0x33, 0x01, 0x35, 0x33, 0x35, 0x37, 0x23, 0x06, 0x0f,
  0x01, 0x27, 0x37, 0x33, 0x11, 0x33, 0x15, 0x01, 0x35, 0x23, 0x35, 0x13,
  0x33, 0x11, 0x33, 0x15, 0x23, 0x15, 0x27, 0x33, 0x35, 0x37, 0x23, 0x06,
  0x0f, 0x01, 0x01, 0x70, 0x5d, 0x01, 0x50, 0x5c, 0xfd, 0x83, 0x5c, 0x02,
  0x02, 0x04, 0x0b, 0x1f, 0x38, 0x71, 0x54, 0x5b, 0x01, 0xc5, 0xcc, 0xbd,
  0x6c, 0x3a, 0x3a, 0xc8, 0x6b, 0x03, 0x02, 0x0c, 0x0e, 0x52, 0x02, 0xc6,
  0xfe, 0x49, 0x53, 0xcf, 0x1c, 0x09, 0x0a, 0x1d, 0x3c, 0x6d, 0xfe, 0x9c,
  0x53, 0xfe, 0xf1, 0x63, 0x40, 0x01, 0x14, 0xfe, 0xfe, 0x52, 0x63, 0xb5,
  0x6e, 0x37, 0x1b, 0x14, 0x74, 0x00, 0x00, 0x00, 0x00, 0x03, 0x00, 0x2b,
  0x00, 0x00, 0x03, 0x98, 0x02, 0xc6, 0x00, 0x03, 0x00, 0x12, 0x00, 0x35,
  0x00, 0x00, 0x21, 0x23, 0x01, 0x33, 0x01, 0x35, 0x33, 0x35, 0x37, 0x23,
  0x06, 0x0f, 0x01, 0x27, 0x37, 0x33, 0x11, 0x33, 0x15, 0x01, 0x26, 0x35,
  0x34, 0x3e, 0x04, 0x35, 0x34, 0x26, 0x23, 0x22, 0x06, 0x0f, 0x01, 0x27,
  0x3e, 0x04, 0x33, 0x32, 0x16, 0x15, 0x14, 0x0e, 0x03, 0x07, 0x33, 0x15,
  0x01, 0x66, 0x5d, 0x01, 0x50, 0x5c, 0xfd, 0x80, 0x5c, 0x02, 0x02, 0x04,
  0x0b, 0x1f, 0x38, 0x71, 0x54, 0x5b, 0x01, 0x1c, 0x04, 0x1f, 0x2e, 0x35,
  0x2e, 0x1f, 0x23, 0x1b, 0x14, 0x28, 0x0a, 0x09, 0x3e, 0x02, 0x07, 0x1b,
  0x20, 0x33, 0x1c, 0x3f, 0x59, 0x27, 0x39, 0x39, 0x2b, 0x02, 0xcc, 0x02,
  0xc6, 0xfe, 0x49, 0x53, 0xcf, 0x1c, 0x09, 0x0a, 0x1d, 0x3c, 0x6d, 0xfe,
  0x9c, 0x53, 0xfe, 0xf1, 0x1c, 0x0d, 0x29, 0x42, 0x28, 0x26, 0x1b, 0x24,
  0x14, 0x17, 0x1d, 0x17, 0x0c, 0x0b, 0x37, 0x03, 0x0b, 0x1b, 0x15, 0x11,
  0x49, 0x3f, 0x28, 0x3f, 0x27, 0x20, 0x24, 0x14, 0x53, 0x00, 0x00, 0x00,
  0x00, 0x04, 0x00, 0x21, 0x00, 0x00, 0x03, 0xb0, 0x02, 0xc6, 0x00, 0x03,
  0x00, 0x0e, 0x00, 0x16, 0x00, 0x36, 0x00, 0x00, 0x21, 0x23, 0x01, 0x33,
  0x13, 0x35, 0x23, 0x35, 0x13, 0x33, 0x11, 0x33, 0x15, 0x23, 0x15, 0x27,
  0x33, 0x35, 0x37, 0x23, 0x06, 0x0f, 0x01, 0x25, 0x22, 0x26, 0x2f, 0x01,
  0x37, 0x1e, 0x02, 0x33, 0x32, 0x36, 0x34, 0x26, 0x2b, 0x01, 0x27, 0x3f,
  0x01, 0x35, 0x06, 0x2b, 0x01, 0x35, 0x21, 0x15, 0x07, 0x1e, 0x01, 0x15,
  0x14, 0x06, 0x01, 0x6c, 0x5d, 0x01, 0x50, 0x5c, 0x5e, 0xcc, 0xbd, 0x6c,
  0x3a, 0x3a, 0xc8, 0x6b, 0x03, 0x02, 0x0c, 0x0e, 0x52, 0xfe, 0x08, 0x2d,
  0x4a, 0x0f, 0x0f, 0x32, 0x04, 0x0f, 0x32, 0x1c, 0x1e, 0x2a, 0x2e, 0x20,
  0x23, 0x14, 0x4f, 0x18, 0x14, 0x0f, 0x81, 0x01, 0x18, 0x63, 0x31, 0x3c,
  0x5c, 0x02, 0xc6, 0xfd, 0x3a, 0x63, 0x40, 0x01, 0x14, 0xfe, 0xfe, 0x52,
  0x63, 0xb5, 0x6e, 0x37, 0x1b, 0x14, 0x74, 0x4e, 0x21, 0x11, 0x11, 0x43,
  0x05, 0x10, 0x1a, 0x24, 0x36, 0x1e, 0x2d, 0x5a, 0x18, 0x02, 0x03, 0x54,
  0x3d, 0x70, 0x09, 0x42, 0x34, 0x3d, 0x58, 0x00, 0x00, 0x02, 0x00, 0x20,
  0xff, 0x2e, 0x01, 0xb7, 0x01, 0xfe, 0x00, 0x03, 0x00, 0x21, 0x00, 0x00,
  0x13, 0x35, 0x33, 0x15, 0x01, 0x34, 0x3e, 0x03, 0x3d, 0x01, 0x33, 0x15,
  0x14, 0x0e, 0x03, 0x15, 0x14, 0x16, 0x33, 0x32, 0x36, 0x3f, 0x01, 0x17,
  0x0e, 0x02, 0x23, 0x22, 0x26, 0xcf, 0x7a, 0xfe, 0xd7, 0x24, 0x33, 0x34,
  0x24, 0x7a, 0x22, 0x30, 0x30, 0x22, 0x38, 0x29, 0x19, 0x35, 0x0e, 0x0e,
  0x47, 0x08, 0x1e, 0x62, 0x34, 0x59, 0x82, 0x01, 0x88, 0x76, 0x76, 0xfe,
  0x62, 0x2d, 0x4a, 0x30, 0x2c, 0x34, 0x1d, 0x23, 0x2c, 0x28, 0x43, 0x2d,
  0x29, 0x32, 0x1c, 0x23, 0x31, 0x16, 0x0a, 0x0b, 0x58, 0x08, 0x18, 0x27,
  0x66, 0x00, 0x00, 0x00, 0x00, 0x03, 0x00, 0x01, 0x00, 0x00, 0x02, 0x7c,
  0x03, 0x7d, 0x00, 0x07, 0x00, 0x0e, 0x00, 0x12, 0x00, 0x00, 0x21, 0x27,
  0x23, 0x07, 0x23, 0x13, 0x33, 0x13, 0x01, 0x23, 0x06, 0x0f, 0x01, 0x33,
  0x27, 0x03, 0x27, 0x33, 0x17, 0x01, 0xf7, 0x3c, 0xf9, 0x3c, 0x85, 0xfa,
  0x87, 0xfa, 0xfe, 0xc4, 0x02, 0x10, 0x0e, 0x3f, 0xba, 0x3f, 0x4e, 0x68,
  0x83, 0x4c, 0xb6, 0xb6, 0x02, 0xc6, 0xfd, 0x3a, 0x02, 0x4b, 0x46, 0x28,
  0xbe, 0xbe, 0x01, 0x18, 0x88, 0x88, 0x00, 0x00, 0x00, 0x03, 0x00, 0x01,
  0x00, 0x00, 0x02, 0x7c, 0x03, 0x7d, 0x00, 0x07, 0x00, 0x0e, 0x00, 0x12,
  0x00, 0x00, 0x21, 0x27, 0x23, 0x07, 0x23, 0x13, 0x33, 0x13, 0x01, 0x23,
  0x06, 0x0f, 0x01, 0x33, 0x27, 0x03, 0x37, 0x33, 0x07, 0x01, 0xf7, 0x3c,
  0xf9, 0x3c, 0x85, 0xfa, 0x87, 0xfa, 0xfe, 0xc4, 0x02, 0x10, 0x0e, 0x3f,
  0xba, 0x3f, 0x54, 0x4c, 0x83, 0x69, 0xb6, 0xb6, 0x02, 0xc6, 0xfd, 0x3a,
  0x02, 0x4b, 0x46, 0x28, 0xbe, 0xbe, 0x01, 0x18, 0x88, 0x88, 0x00, 0x00,
  0x00, 0x03, 0x00, 0x01, 0x00, 0x00, 0x02, 0x7c, 0x03, 0x7d, 0x00, 0x07,
  0x00, 0x0e, 0x00, 0x16, 0x00, 0x00, 0x21, 0x27, 0x23, 0x07, 0x23, 0x13,
  0x33, 0x13, 0x01, 0x23, 0x06, 0x0f, 0x01, 0x33, 0x27, 0x03, 0x37, 0x33,
  0x17, 0x23, 0x27, 0x23, 0x07, 0x01, 0xf7, 0x3c, 0xf9, 0x3c, 0x85, 0xfa,
  0x87, 0xfa, 0xfe, 0xc4, 0x02, 0x10, 0x0e, 0x3f, 0xba, 0x3f, 0xb9, 0x5c,
  0x7f, 0x5d, 0x69, 0x32, 0x02, 0x32, 0xb6, 0xb6, 0x02, 0xc6, 0xfd, 0x3a,
  0x02, 0x4b, 0x46, 0x28, 0xbe, 0xbe, 0x01, 0x18, 0x88, 0x88, 0x51, 0x51,
  0x00, 0x03, 0x00, 0x01, 0x00, 0x00, 0x02, 0x7c, 0x03, 0x7f, 0x00, 0x07,
  0x00, 0x0e, 0x00, 0x20, 0x00, 0x00, 0x21, 0x27, 0x23, 0x07, 0x23, 0x13,
  0x33, 0x13, 0x01, 0x23, 0x06, 0x0f, 0x01, 0x33, 0x27, 0x03, 0x34, 0x33,
  0x32, 0x1e, 0x01, 0x33, 0x32, 0x35, 0x33, 0x14, 0x23, 0x22, 0x2e, 0x01,
  0x23, 0x22, 0x15, 0x01, 0xf7, 0x3c, 0xf9, 0x3c, 0x85, 0xfa, 0x87, 0xfa,
  0xfe, 0xc4, 0x02, 0x10, 0x0e, 0x3f, 0xba, 0x3f, 0xd3, 0x70, 0x1d, 0x2d,
  0x24, 0x10, 0x27, 0x56, 0x70, 0x1d, 0x2d, 0x24, 0x10, 0x26, 0xb6, 0xb6,
  0x02, 0xc6, 0xfd, 0x3a, 0x02, 0x4b, 0x46, 0x28, 0xbe, 0xbe, 0x01, 0x19,
  0x89, 0x21, 0x20, 0x3e, 0x89, 0x21, 0x20, 0x3e, 0x00, 0x04, 0x00, 0x01,
  0x00, 0x00, 0x02, 0x7c, 0x03, 0x7d, 0x00, 0x07, 0x00, 0x0e, 0x00, 0x12,
  0x00, 0x16, 0x00, 0x00, 0x21, 0x27, 0x23, 0x07, 0x23, 0x13, 0x33, 0x13,
  0x01, 0x23, 0x06, 0x0f, 0x01, 0x33, 0x27, 0x13, 0x35, 0x33, 0x15, 0x21,
  0x35, 0x33, 0x15, 0x01, 0xf7, 0x3c, 0xf9, 0x3c, 0x85, 0xfa, 0x87, 0xfa,
  0xfe, 0xc4, 0x02, 0x10, 0x0e, 0x3f, 0xba, 0x3f, 0x0e, 0x61, 0xfe, 0xe7,
  0x62, 0xb6, 0xb6, 0x02, 0xc6, 0xfd, 0x3a, 0x02, 0x4b, 0x46, 0x28, 0xbe,
  0xbe, 0x01, 0x2c, 0x74, 0x74, 0x74, 0x74, 0x00, 0x00, 0x04, 0x00, 0x01,
  0x00, 0x00, 0x02, 0x7c, 0x03, 0x86, 0x00, 0x07, 0x00, 0x0e, 0x00, 0x1a,
  0x00, 0x25, 0x00, 0x00, 0x21, 0x27, 0x23, 0x07, 0x23, 0x13, 0x33, 0x13,
  0x01, 0x23, 0x06, 0x0f, 0x01, 0x33, 0x27, 0x03, 0x22, 0x26, 0x35, 0x34,
  0x36, 0x33, 0x32, 0x16, 0x15, 0x14, 0x06, 0x27, 0x32, 0x36, 0x35, 0x34,
  0x26, 0x22, 0x06, 0x15, 0x14, 0x16, 0x01, 0xf7, 0x3c, 0xf9, 0x3c, 0x85,
  0xfa, 0x87, 0xfa, 0xfe, 0xc4, 0x02, 0x10, 0x0e, 0x3f, 0xba, 0x3f, 0x1d,
  0x27, 0x38, 0x38, 0x27, 0x26, 0x38, 0x38, 0x26, 0x0f, 0x13, 0x13, 0x1e,
  0x13, 0x12, 0xb6, 0xb6, 0x02, 0xc6, 0xfd, 0x3a, 0x02, 0x4b, 0x46, 0x28,
  0xbe, 0xbe, 0x01, 0x0c, 0x2a, 0x24, 0x25, 0x2a, 0x2a, 0x25, 0x24, 0x2a,
  0x2c, 0x13, 0x0f, 0x10, 0x13, 0x13, 0x10, 0x0f, 0x13, 0x00, 0x00, 0x00,
  0x00, 0x02, 0xff, 0xfc, 0x00, 0x00, 0x03, 0x5b, 0x02, 0xc6, 0x00, 0x0f,
  0x00, 0x13, 0x00, 0x00, 0x23, 0x01, 0x21, 0x15, 0x21, 0x15, 0x33, 0x15,
  0x23, 0x15, 0x21, 0x15, 0x21, 0x11, 0x23, 0x03, 0x13, 0x07, 0x33, 0x35,
  0x04, 0x01, 0x27, 0x02, 0x29, 0xfe, 0xd7, 0xf0, 0xf0, 0x01, 0x38, 0xfe,
  0x48, 0xa9, 0x78, 0xec, 0x4b, 0x80, 0x02, 0xc6, 0x6f, 0xba, 0x6f, 0xbf,
  0x6f, 0x01, 0x30, 0xfe, 0xd0, 0x02, 0x57, 0xbe, 0xbe, 0x00, 0x00, 0x00,
  0x00, 0x01, 0x00, 0x2b, 0xff, 0x30, 0x02, 0xb1, 0x02, 0xd2, 0x00, 0x37,
  0x00, 0x00, 0x13, 0x34, 0x36, 0x33, 0x32, 0x1e, 0x02, 0x1f, 0x01, 0x07,
  0x2e, 0x02, 0x23, 0x22, 0x06, 0x15, 0x14, 0x16, 0x33, 0x32, 0x3e, 0x02,
  0x3f, 0x01, 0x17, 0x0e, 0x04, 0x0f, 0x01, 0x1e, 0x01, 0x15, 0x14, 0x06,
  0x23, 0x22, 0x26, 0x2f, 0x01, 0x35, 0x16, 0x33, 0x32, 0x35, 0x34, 0x23,
  0x07, 0x37, 0x2e, 0x01, 0x2b, 0xd1, 0x9c, 0x30, 0x5a, 0x3b, 0x2d, 0x0a,
  0x0a, 0x3e, 0x09, 0x21, 0x66, 0x32, 0x6d, 0x81, 0x84, 0x6b, 0x22, 0x44,
  0x30, 0x25, 0x0a, 0x09, 0x44, 0x04, 0x0e, 0x32, 0x38, 0x5a, 0x2f, 0x07,
  0x21, 0x28, 0x3e, 0x2e, 0x0f, 0x1f, 0x08, 0x07, 0x15, 0x16, 0x2c, 0x30,
  0x15, 0x15, 0x8f, 0xb2, 0x01, 0x66, 0x9b, 0xd1, 0x14, 0x1c, 0x1d, 0x0a,
  0x0a, 0x60, 0x08, 0x19, 0x2a, 0x8d, 0x67, 0x69, 0x95, 0x13, 0x1a, 0x1a,
  0x09, 0x0a, 0x5d, 0x04, 0x0f, 0x26, 0x1d, 0x1a, 0x02, 0x21, 0x04, 0x26,
  0x22, 0x2e, 0x2a, 0x04, 0x02, 0x01, 0x46, 0x08, 0x1c, 0x1b, 0x02, 0x4d,
  0x0f, 0xce, 0x00, 0x00, 0x00, 0x02, 0x00, 0x5a, 0x00, 0x00, 0x02, 0x13,
  0x03, 0x7d, 0x00, 0x0b, 0x00, 0x0f, 0x00, 0x00, 0x33, 0x11, 0x21, 0x15,
  0x21, 0x15, 0x33, 0x15, 0x23, 0x15, 0x21, 0x15, 0x01, 0x27, 0x33, 0x17,
  0x5a, 0x01, 0xa9, 0xfe, 0xd8, 0xef, 0xef, 0x01, 0x38, 0xfe, 0xf5, 0x68,
  0x83, 0x4c, 0x02, 0xc6, 0x6f, 0xba, 0x6f, 0xbf, 0x6f, 0x02, 0xf5, 0x88,
  0x88, 0x00, 0x00, 0x00, 0x00, 0x02, 0x00, 0x5a, 0x00, 0x00, 0x02, 0x13,
  0x03, 0x7d, 0x00, 0x0b, 0x00, 0x0f, 0x00, 0x00, 0x33, 0x11, 0x21, 0x15,
  0x21, 0x15, 0x33, 0x15, 0x23, 0x15, 0x21, 0x15, 0x01, 0x37, 0x33, 0x07,
  0x5a, 0x01, 0xa9, 0xfe, 0xd8, 0xef, 0xef, 0x01, 0x38, 0xfe, 0xef, 0x4c,
  0x83, 0x69, 0x02, 0xc6, 0x6f, 0xba, 0x6f, 0xbf, 0x6f, 0x02, 0xf5, 0x88,
  0x88, 0x00, 0x00, 0x00, 0x00, 0x02, 0x00, 0x5a, 0x00, 0x00, 0x02, 0x13,
  0x03, 0x7d, 0x00, 0x0b, 0x00, 0x13, 0x00, 0x00, 0x33, 0x11, 0x21, 0x15,
  0x21, 0x15, 0x33, 0x15, 0x23, 0x15, 0x21, 0x15, 0x01, 0x37, 0x33, 0x17,
  0x23, 0x27, 0x23, 0x07, 0x5a, 0x01, 0xa9, 0xfe, 0xd8, 0xef, 0xef, 0x01,
  0x38, 0xfe, 0x8a, 0x5c, 0x7f, 0x5d, 0x69, 0x32, 0x02, 0x32, 0x02, 0xc6,
  0x6f, 0xba, 0x6f, 0xbf, 0x6f, 0x02, 0xf5, 0x88, 0x88, 0x51, 0x51, 0x00,
  0x00, 0x03, 0x00, 0x5a, 0x00, 0x00, 0x02, 0x13, 0x03, 0x7d, 0x00, 0x0b,
  0x00, 0x0f, 0x00, 0x13, 0x00, 0x00, 0x33, 0x11, 0x21, 0x15, 0x21, 0x15,
  0x33, 0x15, 0x23, 0x15, 0x21, 0x15, 0x03, 0x35, 0x33, 0x15, 0x21, 0x35,
  0x33, 0x15, 0x5a, 0x01, 0xa9, 0xfe, 0xd8, 0xef, 0xef, 0x01, 0x38, 0xaf,
  0x61, 0xfe, 0xe7, 0x62, 0x02, 0xc6, 0x6f, 0xba, 0x6f, 0xbf, 0x6f, 0x03,
  0x09, 0x74, 0x74, 0x74, 0x74, 0x00, 0x00, 0x00, 0x00, 0x02, 0x00, 0x03,
  0x00, 0x00, 0x00, 0xdb, 0x03, 0x7d, 0x00, 0x03, 0x00, 0x07, 0x00, 0x00,
  0x33, 0x11, 0x33, 0x11, 0x03, 0x27, 0x33, 0x17, 0x5a, 0x81, 0x70, 0x68,
  0x83, 0x4c, 0x02, 0xc6, 0xfd, 0x3a, 0x02, 0xf5, 0x88, 0x88, 0x00, 0x00,
  0x00, 0x02, 0x00, 0x5a, 0x00, 0x00, 0x01, 0x33, 0x03, 0x7d, 0x00, 0x03,
  0x00, 0x07, 0x00, 0x00, 0x33, 0x11, 0x33, 0x11, 0x03, 0x37, 0x33, 0x07,
  0x5a, 0x81, 0x77, 0x4c, 0x83, 0x69, 0x02, 0xc6, 0xfd, 0x3a, 0x02, 0xf5,
  0x88, 0x88, 0x00, 0x00, 0x00, 0x02, 0xff, 0xff, 0x00, 0x00, 0x01, 0x37,
  0x03, 0x7d, 0x00, 0x03, 0x00, 0x0b, 0x00, 0x00, 0x33, 0x11, 0x33, 0x11,
  0x03, 0x37, 0x33, 0x17, 0x23, 0x27, 0x23, 0x07, 0x5a, 0x81, 0xdc, 0x5c,
  0x7f, 0x5d, 0x69, 0x32, 0x02, 0x32, 0x02, 0xc6, 0xfd, 0x3a, 0x02, 0xf5,
  0x88, 0x88, 0x51, 0x51, 0x00, 0x03, 0x00, 0x0f, 0x00, 0x00, 0x01, 0x28,
  0x03, 0x7d, 0x00, 0x03, 0x00, 0x07, 0x00, 0x0b, 0x00, 0x00, 0x33, 0x11,
  0x33, 0x11, 0x03, 0x35, 0x33, 0x15, 0x21, 0x35, 0x33, 0x15, 0x5a, 0x81,
  0x14, 0x61, 0xfe, 0xe7, 0x62, 0x02, 0xc6, 0xfd, 0x3a, 0x03, 0x09, 0x74,
  0x74, 0x74, 0x74, 0x00, 0x00, 0x02, 0x00, 0x33, 0x00, 0x00, 0x02, 0xc9,
  0x02, 0xc6, 0x00, 0x0b, 0x00, 0x18, 0x00, 0x00, 0x13, 0x35, 0x33, 0x11,
  0x33, 0x32, 0x16, 0x10, 0x06, 0x2b, 0x01, 0x11, 0x17, 0x33, 0x32, 0x36,
  0x35, 0x34, 0x26, 0x2b, 0x01, 0x15, 0x33, 0x15, 0x23, 0x33, 0x3a, 0xf2,
  0xa6, 0xc4, 0xc4, 0xa6, 0xf2, 0x81, 0x6a, 0x6e, 0x7e, 0x7f, 0x6d, 0x6a,
  0x84, 0x84, 0x01, 0x2d, 0x69, 0x01, 0x30, 0xbc, 0xfe, 0xb4, 0xbe, 0x01,
  0x2d, 0xbe, 0x7f, 0x76, 0x74, 0x7f, 0xc1, 0x69, 0x00, 0x02, 0x00, 0x5a,
  0x00, 0x00, 0x02, 0x9e, 0x03, 0x7f, 0x00, 0x17, 0x00, 0x29, 0x00, 0x00,
  0x33, 0x11, 0x33, 0x01, 0x1e, 0x01, 0x1f, 0x01, 0x33, 0x26, 0x35, 0x11,
  0x33, 0x11, 0x23, 0x01, 0x2e, 0x01, 0x2f, 0x01, 0x23, 0x16, 0x15, 0x11,
  0x03, 0x34, 0x33, 0x32, 0x1e, 0x01, 0x33, 0x32, 0x35, 0x33, 0x14, 0x23,
  0x22, 0x2e, 0x01, 0x23, 0x22, 0x15, 0x5a, 0x81, 0x01, 0x0d, 0x0c, 0x1d,
  0x09, 0x09, 0x02, 0x07, 0x80, 0x80, 0xfe, 0xf3, 0x0c, 0x1d, 0x09, 0x09,
  0x02, 0x07, 0x14, 0x70, 0x1d, 0x2d, 0x24, 0x10, 0x27, 0x56, 0x70, 0x1d,
  0x2d, 0x24, 0x10, 0x26, 0x02, 0xc6, 0xfe, 0x66, 0x12, 0x37, 0x13, 0x12,
  0x44, 0x2a, 0x01, 0x9a, 0xfd, 0x3a, 0x01, 0x99, 0x12, 0x37, 0x12, 0x13,
  0x44, 0x2a, 0xfe, 0x67, 0x02, 0xf6, 0x89, 0x21, 0x20, 0x3e, 0x89, 0x21,
  0x20, 0x3e, 0x00, 0x00, 0x00, 0x03, 0x00, 0x29, 0xff, 0xf4, 0x03, 0x07,
  0x03, 0x7d, 0x00, 0x09, 0x00, 0x13, 0x00, 0x17, 0x00, 0x00, 0x13, 0x34,
  0x36, 0x20, 0x16, 0x15, 0x14, 0x06, 0x20, 0x26, 0x37, 0x14, 0x16, 0x32,
  0x36, 0x35, 0x34, 0x26, 0x22, 0x06, 0x13, 0x27, 0x33, 0x17, 0x29, 0xd3,
  0x01, 0x38, 0xd3, 0xd3, 0xfe, 0xc8, 0xd3, 0x85, 0x88, 0xc4, 0x88, 0x88,
  0xc4, 0x88, 0xba, 0x68, 0x83, 0x4c, 0x01, 0x68, 0x99, 0xd1, 0xd1, 0x99,
  0x9d, 0xd7, 0xd7, 0x9d, 0x6d, 0x91, 0x91, 0x6d, 0x68, 0x8c, 0x8c, 0x01,
  0x25, 0x88, 0x88, 0x00, 0x00, 0x03, 0x00, 0x29, 0xff, 0xf4, 0x03, 0x07,
  0x03, 0x7d, 0x00, 0x09, 0x00, 0x13, 0x00, 0x17, 0x00, 0x00, 0x13, 0x34,
  0x36, 0x20, 0x16, 0x15, 0x14, 0x06, 0x20, 0x26, 0x37, 0x14, 0x16, 0x32,
  0x36, 0x35, 0x34, 0x26, 0x22, 0x06, 0x13, 0x37, 0x33, 0x07, 0x29, 0xd3,
  0x01, 0x38, 0xd3, 0xd3, 0xfe, 0xc8, 0xd3, 0x85, 0x88, 0xc4, 0x88, 0x88,
  0xc4, 0x88, 0xb3, 0x4c, 0x83, 0x69, 0x01, 0x68, 0x99, 0xd1, 0xd1, 0x99,
  0x9d, 0xd7, 0xd7, 0x9d, 0x6d, 0x91, 0x91, 0x6d, 0x68, 0x8c, 0x8c, 0x01,
  0x25, 0x88, 0x88, 0x00, 0x00, 0x03, 0x00, 0x29, 0xff, 0xf4, 0x03, 0x07,
  0x03, 0x7d, 0x00, 0x09, 0x00, 0x13, 0x00, 0x1b, 0x00, 0x00, 0x13, 0x34,
  0x36, 0x20, 0x16, 0x15, 0x14, 0x06, 0x20, 0x26, 0x37, 0x14, 0x16, 0x32,
  0x36, 0x35, 0x34, 0x26, 0x22, 0x06, 0x13, 0x37, 0x33, 0x17, 0x23, 0x27,
  0x23, 0x07, 0x29, 0xd3, 0x01, 0x38, 0xd3, 0xd3, 0xfe, 0xc8, 0xd3, 0x85,
  0x88, 0xc4, 0x88, 0x88, 0xc4, 0x88, 0x4e, 0x5c, 0x7f, 0x5d, 0x69, 0x32,
  0x02, 0x32, 0x01, 0x68, 0x99, 0xd1, 0xd1, 0x99, 0x9d, 0xd7, 0xd7, 0x9d,
  0x6d, 0x91, 0x91, 0x6d, 0x68, 0x8c, 0x8c, 0x01, 0x25, 0x88, 0x88, 0x51,
  0x51, 0x00, 0x00, 0x00, 0x00, 0x03, 0x00, 0x29, 0xff, 0xf4, 0x03, 0x07,
  0x03, 0x7f, 0x00, 0x09, 0x00, 0x13, 0x00, 0x25, 0x00, 0x00, 0x13, 0x34,
  0x36, 0x20, 0x16, 0x15, 0x14, 0x06, 0x20, 0x26, 0x37, 0x14, 0x16, 0x32,
  0x36, 0x35, 0x34, 0x26, 0x22, 0x06, 0x13, 0x34, 0x33, 0x32, 0x1e, 0x01,
  0x33, 0x32, 0x35, 0x33, 0x14, 0x23, 0x22, 0x2e, 0x01, 0x23, 0x22, 0x15,
  0x29, 0xd3, 0x01, 0x38, 0xd3, 0xd3, 0xfe, 0xc8, 0xd3, 0x85, 0x88, 0xc4,
  0x88, 0x88, 0xc4, 0x88, 0x35, 0x70, 0x1d, 0x2d, 0x24, 0x10, 0x27, 0x56,
  0x70, 0x1d, 0x2d, 0x24, 0x10, 0x26, 0x01, 0x68, 0x99, 0xd1, 0xd1, 0x99,
  0x9d, 0xd7, 0xd7, 0x9d, 0x6d, 0x91, 0x91, 0x6d, 0x68, 0x8c, 0x8c, 0x01,
  0x26, 0x89, 0x21, 0x20, 0x3e, 0x89, 0x21, 0x20, 0x3e, 0x00, 0x00, 0x00,
  0x00, 0x04, 0x00, 0x29, 0xff, 0xf4, 0x03, 0x07, 0x03, 0x7d, 0x00, 0x09,
  0x00, 0x13, 0x00, 0x17, 0x00, 0x1b, 0x00, 0x00, 0x13, 0x34, 0x36, 0x20,
  0x16, 0x15, 0x14, 0x06, 0x20, 0x26, 0x37, 0x14, 0x16, 0x32, 0x36, 0x35,
  0x34, 0x26, 0x22, 0x06, 0x01, 0x35, 0x33, 0x15, 0x21, 0x35, 0x33, 0x15,
  0x29, 0xd3, 0x01, 0x38, 0xd3, 0xd3, 0xfe, 0xc8, 0xd3, 0x85, 0x88, 0xc4,
  0x88, 0x88, 0xc4, 0x88, 0x01, 0x16, 0x61, 0xfe, 0xe7, 0x62, 0x01, 0x68,
  0x99, 0xd1, 0xd1, 0x99, 0x9d, 0xd7, 0xd7, 0x9d, 0x6d, 0x91, 0x91, 0x6d,
  0x68, 0x8c, 0x8c, 0x01, 0x39, 0x74, 0x74, 0x74, 0x74, 0x00, 0x00, 0x00,
  0x00, 0x01, 0x00, 0x2f, 0x00, 0x00, 0x02, 0x3f, 0x02, 0x3c, 0x00, 0x0b,
  0x00, 0x00, 0x3f, 0x01, 0x27, 0x37, 0x17, 0x37, 0x17, 0x07, 0x17, 0x07,
  0x27, 0x07, 0x2f, 0xc5, 0xc5, 0x45, 0xc3, 0xc3, 0x45, 0xc6, 0xc6, 0x45,
  0xc3, 0xc3, 0x45, 0xd9, 0xd8, 0x46, 0xd6, 0xd6, 0x46, 0xd8, 0xd9, 0x45,
  0xd6, 0xd6, 0x00, 0x00, 0x00, 0x03, 0x00, 0x2c, 0xff, 0xe6, 0x03, 0x0a,
  0x02, 0xe0, 0x00, 0x14, 0x00, 0x1c, 0x00, 0x23, 0x00, 0x00, 0x13, 0x34,
  0x36, 0x33, 0x32, 0x17, 0x37, 0x17, 0x07, 0x1e, 0x01, 0x15, 0x14, 0x06,
  0x23, 0x22, 0x27, 0x07, 0x27, 0x37, 0x26, 0x25, 0x34, 0x27, 0x01, 0x16,
  0x33, 0x32, 0x36, 0x24, 0x14, 0x17, 0x01, 0x26, 0x23, 0x22, 0x2c, 0xd3,
  0x9c, 0x61, 0x56, 0x2b, 0x39, 0x2b, 0x3c, 0x43, 0xd3, 0x9c, 0x6a, 0x55,
  0x2f, 0x39, 0x31, 0x79, 0x02, 0x59, 0x44, 0xfe, 0xe3, 0x37, 0x40, 0x62,
  0x88, 0xfe, 0x2c, 0x3e, 0x01, 0x1b, 0x33, 0x3c, 0x62, 0x01, 0x68, 0x99,
  0xd1, 0x2e, 0x3c, 0x27, 0x3c, 0x32, 0x90, 0x53, 0x9d, 0xd7, 0x33, 0x41,
  0x27, 0x43, 0x6e, 0xaa, 0x68, 0x46, 0xfe, 0x75, 0x21, 0x91, 0xd5, 0xd0,
  0x48, 0x01, 0x88, 0x1c, 0x00, 0x02, 0x00, 0x50, 0xff, 0xf4, 0x02, 0x8d,
  0x03, 0x7d, 0x00, 0x10, 0x00, 0x14, 0x00, 0x00, 0x13, 0x11, 0x33, 0x11,
  0x14, 0x16, 0x32, 0x36, 0x35, 0x11, 0x33, 0x11, 0x14, 0x06, 0x23, 0x22,
  0x26, 0x13, 0x27, 0x33, 0x17, 0x50, 0x81, 0x55, 0x90, 0x56, 0x81, 0x9e,
  0x80, 0x81, 0x9e, 0xee, 0x68, 0x83, 0x4c, 0x00, 0xff, 0x01, 0xc7, 0xfe,
  0x39, 0x46, 0x4f, 0x4f, 0x47, 0x01, 0xc6, 0xfe, 0x39, 0x77, 0x94, 0x94,
  0x02, 0x6d, 0x88, 0x88, 0x00, 0x02, 0x00, 0x50, 0xff, 0xf4, 0x02, 0x8d,
  0x03, 0x7d, 0x00, 0x10, 0x00, 0x14, 0x00, 0x00, 0x13, 0x11, 0x33, 0x11,
  0x14, 0x16, 0x32, 0x36, 0x35, 0x11, 0x33, 0x11, 0x14, 0x06, 0x23, 0x22,
  0x26, 0x13, 0x37, 0x33, 0x07, 0x50, 0x81, 0x55, 0x90, 0x56, 0x81, 0x9e,
  0x80, 0x81, 0x9e, 0xe7, 0x4c, 0x83, 0x69, 0x00, 0xff, 0x01, 0xc7, 0xfe,
  0x39, 0x46, 0x4f, 0x4f, 0x47, 0x01, 0xc6, 0xfe, 0x39, 0x77, 0x94, 0x94,
  0x02, 0x6d, 0x88, 0x88, 0x00, 0x02, 0x00, 0x50, 0xff, 0xf4, 0x02, 0x8d,
  0x03, 0x7d, 0x00, 0x10, 0x00, 0x18, 0x00, 0x00, 0x13, 0x11, 0x33, 0x11,
  0x14, 0x16, 0x32, 0x36, 0x35, 0x11, 0x33, 0x11, 0x14, 0x06, 0x23, 0x22,
  0x26, 0x13, 0x37, 0x33, 0x17, 0x23, 0x27, 0x23, 0x07, 0x50, 0x81, 0x55,
  0x90, 0x56, 0x81, 0x9e, 0x80, 0x81, 0x9e, 0x82, 0x5c, 0x7f, 0x5d, 0x69,
  0x32, 0x02, 0x32, 0x00, 0xff, 0x01, 0xc7, 0xfe, 0x39, 0x46, 0x4f, 0x4f,
  0x47, 0x01, 0xc6, 0xfe, 0x39, 0x77, 0x94, 0x94, 0x02, 0x6d, 0x88, 0x88,
  0x51, 0x51, 0x00, 0x00, 0x00, 0x03, 0x00, 0x50, 0xff, 0xf4, 0x02, 0x8d,
  0x03, 0x7d, 0x00, 0x10, 0x00, 0x14, 0x00, 0x18, 0x00, 0x00, 0x13, 0x11,
  0x33, 0x11, 0x14, 0x16, 0x32, 0x36, 0x35, 0x11, 0x33, 0x11, 0x14, 0x06,
  0x23, 0x22, 0x26, 0x01, 0x35, 0x33, 0x15, 0x21, 0x35, 0x33, 0x15, 0x50,
  0x81, 0x55, 0x90, 0x56, 0x81, 0x9e, 0x80, 0x81, 0x9e, 0x01, 0x4a, 0x61,
  0xfe, 0xe7, 0x62, 0x00, 0xff, 0x01, 0xc7, 0xfe, 0x39, 0x46, 0x4f, 0x4f,
  0x47, 0x01, 0xc6, 0xfe, 0x39, 0x77, 0x94, 0x94, 0x02, 0x81, 0x74, 0x74,
  0x74, 0x74, 0x00, 0x00, 0x00, 0x02, 0x00, 0x02, 0x00, 0x00, 0x02, 0x5b,
  0x03, 0x7d, 0x00, 0x13, 0x00, 0x17, 0x00, 0x00, 0x33, 0x11, 0x03, 0x33,
  0x17, 0x1e, 0x05, 0x1f, 0x01, 0x33, 0x36, 0x3f, 0x01, 0x33, 0x03, 0x11,
  0x03, 0x37, 0x33, 0x07, 0xee, 0xec, 0x92, 0x6f, 0x05, 0x09, 0x08, 0x08,
  0x06, 0x04, 0x01, 0x02, 0x02, 0x14, 0x17, 0x6e, 0x92, 0xec, 0x77, 0x4c,
  0x83, 0x69, 0x01, 0x29, 0x01, 0x9d, 0xd1, 0x09, 0x14, 0x12, 0x12, 0x0e,
  0x0b, 0x03, 0x02, 0x33, 0x2c, 0xd1, 0xfe, 0x63, 0xfe, 0xd7, 0x02, 0xf5,
  0x88, 0x88, 0x00, 0x00, 0x00, 0x02, 0x00, 0x5a, 0x00, 0x00, 0x02, 0x4d,
  0x02, 0xc6, 0x00, 0x0b, 0x00, 0x13, 0x00, 0x00, 0x33, 0x11, 0x33, 0x15,
  0x33, 0x32, 0x16, 0x14, 0x06, 0x2b, 0x01, 0x15, 0x35, 0x33, 0x32, 0x36,
  0x34, 0x26, 0x2b, 0x01, 0x5a, 0x80, 0x91, 0x64, 0x7e, 0x7e, 0x64, 0x91,
  0x79, 0x38, 0x3f, 0x3e, 0x37, 0x7b, 0x02, 0xc6, 0x73, 0x80, 0xce, 0x82,
  0x83, 0xf2, 0x42, 0x70, 0x40, 0x00, 0x00, 0x00, 0x00, 0x01, 0x00, 0x46,
  0xff, 0xf9, 0x02, 0x44, 0x02, 0xd2, 0x00, 0x2e, 0x00, 0x00, 0x33, 0x11,
  0x34, 0x36, 0x33, 0x32, 0x16, 0x15, 0x14, 0x0e, 0x02, 0x14, 0x1e, 0x02,
  0x15, 0x14, 0x06, 0x23, 0x22, 0x26, 0x2f, 0x01, 0x35, 0x16, 0x33, 0x32,
  0x36, 0x35, 0x34, 0x2e, 0x02, 0x35, 0x34, 0x3e, 0x02, 0x35, 0x34, 0x26,
  0x23, 0x22, 0x06, 0x15, 0x11, 0x46, 0x89, 0x5e, 0x57, 0x78, 0x1c, 0x22,
  0x1c, 0x33, 0x3c, 0x33, 0x68, 0x4c, 0x29, 0x43, 0x0e, 0x0d, 0x34, 0x40,
  0x1f, 0x28, 0x33, 0x3c, 0x33, 0x1c, 0x22, 0x1c, 0x2c, 0x27, 0x2a, 0x3a,
  0x02, 0x11, 0x5a, 0x67, 0x64, 0x4a, 0x1f, 0x36, 0x1f, 0x29, 0x26, 0x2c,
  0x28, 0x48, 0x2b, 0x4d, 0x54, 0x0d, 0x06, 0x07, 0x6c, 0x1a, 0x1d, 0x1f,
  0x16, 0x2f, 0x26, 0x40, 0x25, 0x1a, 0x33, 0x21, 0x2d, 0x16, 0x1c, 0x28,
  0x30, 0x2e, 0xfd, 0xf8, 0x00, 0x03, 0x00, 0x1b, 0xff, 0xf4, 0x01, 0xd8,
  0x02, 0xc5, 0x00, 0x24, 0x00, 0x2e, 0x00, 0x32, 0x00, 0x00, 0x37, 0x34,
  0x3e, 0x04, 0x3b, 0x01, 0x35, 0x34, 0x23, 0x22, 0x06, 0x0f, 0x01, 0x27,
  0x3e, 0x02, 0x33, 0x32, 0x16, 0x15, 0x11, 0x23, 0x35, 0x37, 0x23, 0x32,
  0x0e, 0x03, 0x23, 0x22, 0x26, 0x37, 0x14, 0x16, 0x33, 0x32, 0x36, 0x3d,
  0x01, 0x23, 0x22, 0x13, 0x27, 0x33, 0x17, 0x1b, 0x20, 0x39, 0x3d, 0x4b,
  0x32, 0x1b, 0x11, 0x62, 0x20, 0x46, 0x13, 0x13, 0x30, 0x09, 0x21, 0x68,
  0x36, 0x65, 0x6f, 0x75, 0x02, 0x02, 0x01, 0x0a, 0x18, 0x22, 0x38, 0x20,
  0x48, 0x65, 0x80, 0x28, 0x25, 0x30, 0x43, 0x16, 0xaa, 0x3e, 0x68, 0x83,
  0x4c, 0x93, 0x27, 0x3c, 0x24, 0x18, 0x0b, 0x03, 0x07, 0x5a, 0x19, 0x0c,
  0x0c, 0x5b, 0x07, 0x15, 0x23, 0x6a, 0x61, 0xfe, 0xc1, 0x2a, 0x24, 0x13,
  0x1a, 0x1a, 0x13, 0x56, 0x4f, 0x1b, 0x27, 0x55, 0x31, 0x0c, 0x01, 0x54,
  0x88, 0x88, 0x00, 0x00, 0x00, 0x03, 0x00, 0x1b, 0xff, 0xf4, 0x01, 0xd8,
  0x02, 0xc5, 0x00, 0x24, 0x00, 0x2e, 0x00, 0x32, 0x00, 0x00, 0x37, 0x34,
  0x3e, 0x04, 0x3b, 0x01, 0x35, 0x34, 0x23, 0x22, 0x06, 0x0f, 0x01, 0x27,
  0x3e, 0x02, 0x33, 0x32, 0x16, 0x15, 0x11, 0x23, 0x35, 0x37, 0x23, 0x32,
  0x0e, 0x03, 0x23, 0x22, 0x26, 0x37, 0x14, 0x16, 0x33, 0x32, 0x36, 0x3d,
  0x01, 0x23, 0x22, 0x13, 0x37, 0x33, 0x07, 0x1b, 0x20, 0x39, 0x3d, 0x4b,
  0x32, 0x1b, 0x11, 0x62, 0x20, 0x46, 0x13, 0x13, 0x30, 0x09, 0x21, 0x68,
  0x36, 0x65, 0x6f, 0x75, 0x02, 0x02, 0x01, 0x0a, 0x18, 0x22, 0x38, 0x20,
  0x48, 0x65, 0x80, 0x28, 0x25, 0x30, 0x43, 0x16, 0xaa, 0x36, 0x4c, 0x83,
  0x69, 0x93, 0x27, 0x3c, 0x24, 0x18, 0x0b, 0x03, 0x07, 0x5a, 0x19, 0x0c,
  0x0c, 0x5b, 0x07, 0x15, 0x23, 0x6a, 0x61, 0xfe, 0xc1, 0x2a, 0x24, 0x13,
  0x1a, 0x1a, 0x13, 0x56, 0x4f, 0x1b, 0x27, 0x55, 0x31, 0x0c, 0x01, 0x54,
  0x88, 0x88, 0x00, 0x00, 0x00, 0x03, 0x00, 0x1b, 0xff, 0xf4, 0x01, 0xd8,
  0x02, 0xc5, 0x00, 0x24, 0x00, 0x2e, 0x00, 0x36, 0x00, 0x00, 0x37, 0x34,
  0x3e, 0x04, 0x3b, 0x01, 0x35, 0x34, 0x23, 0x22, 0x06, 0x0f, 0x01, 0x27,
  0x3e, 0x02, 0x33, 0x32, 0x16, 0x15, 0x11, 0x23, 0x35, 0x37, 0x23, 0x32,
  0x0e, 0x03, 0x23, 0x22, 0x26, 0x37, 0x14, 0x16, 0x33, 0x32, 0x36, 0x3d,
  0x01, 0x23, 0x22, 0x03, 0x37, 0x33, 0x17, 0x23, 0x27, 0x23, 0x07, 0x1b,
  0x20, 0x39, 0x3d, 0x4b, 0x32, 0x1b, 0x11, 0x62, 0x20, 0x46, 0x13, 0x13,
  0x30, 0x09, 0x21, 0x68, 0x36, 0x65, 0x6f, 0x75, 0x02, 0x02, 0x01, 0x0a,
  0x18, 0x22, 0x38, 0x20, 0x48, 0x65, 0x80, 0x28, 0x25, 0x30, 0x43, 0x16,
  0xaa, 0x2f, 0x5c, 0x7f, 0x5d, 0x69, 0x32, 0x02, 0x32, 0x93, 0x27, 0x3c,
  0x24, 0x18, 0x0b, 0x03, 0x07, 0x5a, 0x19, 0x0c, 0x0c, 0x5b, 0x07, 0x15,
  0x23, 0x6a, 0x61, 0xfe, 0xc1, 0x2a, 0x24, 0x13, 0x1a, 0x1a, 0x13, 0x56,
  0x4f, 0x1b, 0x27, 0x55, 0x31, 0x0c, 0x01, 0x54, 0x88, 0x88, 0x51, 0x51,
  0x00, 0x03, 0x00, 0x1b, 0xff, 0xf4, 0x01, 0xd8, 0x02, 0xc7, 0x00, 0x24,
  0x00, 0x2e, 0x00, 0x40, 0x00, 0x00, 0x37, 0x34, 0x3e, 0x04, 0x3b, 0x01,
  0x35, 0x34, 0x23, 0x22, 0x06, 0x0f, 0x01, 0x27, 0x3e, 0x02, 0x33, 0x32,
  0x16, 0x15, 0x11, 0x23, 0x35, 0x37, 0x23, 0x32, 0x0e, 0x03, 0x23, 0x22,
  0x26, 0x37, 0x14, 0x16, 0x33, 0x32, 0x36, 0x3d, 0x01, 0x23, 0x22, 0x03,
  0x34, 0x33, 0x32, 0x1e, 0x01, 0x33, 0x32, 0x35, 0x33, 0x14, 0x23, 0x22,
  0x2e, 0x01, 0x23, 0x22, 0x15, 0x1b, 0x20, 0x39, 0x3d, 0x4b, 0x32, 0x1b,
  0x11, 0x62, 0x20, 0x46, 0x13, 0x13, 0x30, 0x09, 0x21, 0x68, 0x36, 0x65,
  0x6f, 0x75, 0x02, 0x02, 0x01, 0x0a, 0x18, 0x22, 0x38, 0x20, 0x48, 0x65,
  0x80, 0x28, 0x25, 0x30, 0x43, 0x16, 0xaa, 0x48, 0x70, 0x1d, 0x2d, 0x24,
  0x10, 0x27, 0x56, 0x70, 0x1d, 0x2d, 0x24, 0x10, 0x26, 0x93, 0x27, 0x3c,
  0x24, 0x18, 0x0b, 0x03, 0x07, 0x5a, 0x19, 0x0c, 0x0c, 0x5b, 0x07, 0x15,
  0x23, 0x6a, 0x61, 0xfe, 0xc1, 0x2a, 0x24, 0x13, 0x1a, 0x1a, 0x13, 0x56,
  0x4f, 0x1b, 0x27, 0x55, 0x31, 0x0c, 0x01, 0x55, 0x89, 0x21, 0x20, 0x3e,
  0x89, 0x21, 0x20, 0x3e, 0x00, 0x04, 0x00, 0x1b, 0xff, 0xf4, 0x01, 0xd8,
  0x02, 0xc5, 0x00, 0x24, 0x00, 0x2e, 0x00, 0x32, 0x00, 0x36, 0x00, 0x00,
  0x37, 0x34, 0x3e, 0x04, 0x3b, 0x01, 0x35, 0x34, 0x23, 0x22, 0x06, 0x0f,
  0x01, 0x27, 0x3e, 0x02, 0x33, 0x32, 0x16, 0x15, 0x11, 0x23, 0x35, 0x37,
  0x23, 0x32, 0x0e, 0x03, 0x23, 0x22, 0x26, 0x37, 0x14, 0x16, 0x33, 0x32,
  0x36, 0x3d, 0x01, 0x23, 0x22, 0x13, 0x35, 0x33, 0x15, 0x21, 0x35, 0x33,
  0x15, 0x1b, 0x20, 0x39, 0x3d, 0x4b, 0x32, 0x1b, 0x11, 0x62, 0x20, 0x46,
  0x13, 0x13, 0x30, 0x09, 0x21, 0x68, 0x36, 0x65, 0x6f, 0x75, 0x02, 0x02,
  0x01, 0x0a, 0x18, 0x22, 0x38, 0x20, 0x48, 0x65, 0x80, 0x28, 0x25, 0x30,
  0x43, 0x16, 0xaa, 0x99, 0x61, 0xfe, 0xe7, 0x62, 0x93, 0x27, 0x3c, 0x24,
  0x18, 0x0b, 0x03, 0x07, 0x5a, 0x19, 0x0c, 0x0c, 0x5b, 0x07, 0x15, 0x23,
  0x6a, 0x61, 0xfe, 0xc1, 0x2a, 0x24, 0x13, 0x1a, 0x1a, 0x13, 0x56, 0x4f,
  0x1b, 0x27, 0x55, 0x31, 0x0c, 0x01, 0x68, 0x74, 0x74, 0x74, 0x74, 0x00,
  0x00, 0x04, 0x00, 0x1b, 0xff, 0xf4, 0x01, 0xd8, 0x02, 0xce, 0x00, 0x24,
  0x00, 0x2e, 0x00, 0x3a, 0x00, 0x45, 0x00, 0x00, 0x37, 0x34, 0x3e, 0x04,
  0x3b, 0x01, 0x35, 0x34, 0x23, 0x22, 0x06, 0x0f, 0x01, 0x27, 0x3e, 0x02,
  0x33, 0x32, 0x16, 0x15, 0x11, 0x23, 0x35, 0x37, 0x23, 0x32, 0x0e, 0x03,
  0x23, 0x22, 0x26, 0x37, 0x14, 0x16, 0x33, 0x32, 0x36, 0x3d, 0x01, 0x23,
  0x22, 0x13, 0x22, 0x26, 0x35, 0x34, 0x36, 0x33, 0x32, 0x16, 0x15, 0x14,
  0x06, 0x27, 0x32, 0x36, 0x35, 0x34, 0x26, 0x22, 0x06, 0x15, 0x14, 0x16,
  0x1b, 0x20, 0x39, 0x3d, 0x4b, 0x32, 0x1b, 0x11, 0x62, 0x20, 0x46, 0x13,
  0x13, 0x30, 0x09, 0x21, 0x68, 0x36, 0x65, 0x6f, 0x75, 0x02, 0x02, 0x01,
  0x0a, 0x18, 0x22, 0x38, 0x20, 0x48, 0x65, 0x80, 0x28, 0x25, 0x30, 0x43,
  0x16, 0xaa, 0x6d, 0x27, 0x38, 0x38, 0x27, 0x26, 0x38, 0x38, 0x26, 0x0f,
  0x13, 0x13, 0x1e, 0x13, 0x12, 0x93, 0x27, 0x3c, 0x24, 0x18, 0x0b, 0x03,
  0x07, 0x5a, 0x19, 0x0c, 0x0c, 0x5b, 0x07, 0x15, 0x23, 0x6a, 0x61, 0xfe,
  0xc1, 0x2a, 0x24, 0x13, 0x1a, 0x1a, 0x13, 0x56, 0x4f, 0x1b, 0x27, 0x55,
  0x31, 0x0c, 0x01, 0x48, 0x2a, 0x24, 0x25, 0x2a, 0x2a, 0x25, 0x24, 0x2a,
  0x2c, 0x13, 0x0f, 0x10, 0x13, 0x13, 0x10, 0x0f, 0x13, 0x00, 0x00, 0x00,
  0x00, 0x03, 0x00, 0x1b, 0xff, 0xf4, 0x03, 0x32, 0x02, 0x0a, 0x00, 0x36,
  0x00, 0x3c, 0x00, 0x46, 0x00, 0x00, 0x37, 0x34, 0x3e, 0x04, 0x3b, 0x01,
  0x35, 0x34, 0x23, 0x22, 0x06, 0x0f, 0x01, 0x27, 0x3e, 0x02, 0x33, 0x32,
  0x17, 0x33, 0x36, 0x33, 0x32, 0x16, 0x15, 0x07, 0x21, 0x1e, 0x01, 0x33,
  0x32, 0x36, 0x3f, 0x01, 0x17, 0x0e, 0x04, 0x23, 0x22, 0x27, 0x23, 0x0e,
  0x03, 0x23, 0x22, 0x26, 0x25, 0x33, 0x2e, 0x01, 0x23, 0x22, 0x01, 0x14,
  0x16, 0x33, 0x32, 0x36, 0x3d, 0x01, 0x23, 0x22, 0x1b, 0x1e, 0x36, 0x3d,
  0x49, 0x37, 0x1d, 0x11, 0x63, 0x20, 0x46, 0x13, 0x13, 0x2f, 0x09, 0x1f,
  0x67, 0x35, 0x77, 0x2f, 0x02, 0x3d, 0x6d, 0x69, 0x77, 0x02, 0xfe, 0xa3,
  0x06, 0x53, 0x3d, 0x24, 0x49, 0x12, 0x13, 0x32, 0x03, 0x0c, 0x29, 0x2c,
  0x45, 0x24, 0x92, 0x44, 0x02, 0x05, 0x18, 0x2c, 0x4a, 0x2c, 0x49, 0x65,
  0x01, 0xbc, 0xdc, 0x01, 0x39, 0x29, 0x65, 0xfe, 0xb0, 0x28, 0x26, 0x31,
  0x42, 0x24, 0x9d, 0x93, 0x26, 0x3b, 0x24, 0x19, 0x0b, 0x04, 0x07, 0x5a,
  0x19, 0x0c, 0x0c, 0x5a, 0x07, 0x15, 0x24, 0x4b, 0x4b, 0x8e, 0x6c, 0x27,
  0x44, 0x45, 0x1c, 0x0e, 0x0d, 0x5a, 0x03, 0x0a, 0x19, 0x13, 0x10, 0x70,
  0x0c, 0x20, 0x28, 0x1b, 0x56, 0xf5, 0x31, 0x36, 0xfe, 0xf2, 0x1c, 0x26,
  0x55, 0x32, 0x0b, 0x00, 0x00, 0x01, 0x00, 0x22, 0xff, 0x30, 0x02, 0x09,
  0x02, 0x0a, 0x00, 0x32, 0x00, 0x00, 0x13, 0x34, 0x36, 0x33, 0x32, 0x16,
  0x1f, 0x01, 0x07, 0x2e, 0x02, 0x23, 0x22, 0x06, 0x14, 0x16, 0x33, 0x32,
  0x36, 0x3f, 0x01, 0x17, 0x0e, 0x04, 0x0f, 0x01, 0x1e, 0x01, 0x15, 0x14,
  0x06, 0x23, 0x22, 0x26, 0x2f, 0x01, 0x35, 0x16, 0x33, 0x32, 0x35, 0x34,
  0x23, 0x07, 0x37, 0x2e, 0x01, 0x22, 0x99, 0x7c, 0x3b, 0x62, 0x14, 0x13,
  0x38, 0x06, 0x16, 0x45, 0x24, 0x45, 0x56, 0x58, 0x47, 0x26, 0x4b, 0x13,
  0x12, 0x31, 0x03, 0x0a, 0x26, 0x29, 0x43, 0x23, 0x07, 0x21, 0x28, 0x3e,
  0x2e, 0x0f, 0x1f, 0x07, 0x08, 0x15, 0x16, 0x2c, 0x30, 0x15, 0x15, 0x68,
  0x7d, 0x00, 0xff, 0x70, 0x9b, 0x26, 0x13, 0x13, 0x57, 0x06, 0x12, 0x1f,
  0x5b, 0x86, 0x5d, 0x20, 0x10, 0x11, 0x5a, 0x03, 0x0a, 0x1b, 0x15, 0x13,
  0x02, 0x21, 0x04, 0x26, 0x22, 0x2e, 0x2a, 0x04, 0x02, 0x01, 0x46, 0x08,
  0x1c, 0x1b, 0x02, 0x4e, 0x0e, 0x93, 0x00, 0x00, 0x00, 0x03, 0x00, 0x22,
  0xff, 0xf4, 0x02, 0x07, 0x02, 0xc5, 0x00, 0x18, 0x00, 0x1f, 0x00, 0x23,
  0x00, 0x00, 0x13, 0x34, 0x36, 0x33, 0x32, 0x16, 0x15, 0x07, 0x21, 0x1e,
  0x01, 0x33, 0x32, 0x36, 0x3f, 0x01, 0x17, 0x0e, 0x04, 0x23, 0x22, 0x26,
  0x37, 0x33, 0x2e, 0x01, 0x23, 0x22, 0x06, 0x37, 0x27, 0x33, 0x17, 0x22,
  0x91, 0x72, 0x6b, 0x77, 0x03, 0xfe, 0xa0, 0x06, 0x57, 0x3c, 0x24, 0x4a,
  0x13, 0x12, 0x31, 0x03, 0x0c, 0x29, 0x2c, 0x45, 0x24, 0x7b, 0x97, 0x86,
  0xdf, 0x01, 0x39, 0x2b, 0x31, 0x40, 0x42, 0x68, 0x83, 0x4c, 0x00, 0xff,
  0x76, 0x95, 0x89, 0x69, 0x31, 0x40, 0x47, 0x1c, 0x0e, 0x0e, 0x5b, 0x03,
  0x0a, 0x19, 0x13, 0x10, 0x9b, 0xaf, 0x32, 0x38, 0x38, 0xcd, 0x88, 0x88,
  0x00, 0x03, 0x00, 0x22, 0xff, 0xf4, 0x02, 0x07, 0x02, 0xc5, 0x00, 0x18,
  0x00, 0x1f, 0x00, 0x23, 0x00, 0x00, 0x13, 0x34, 0x36, 0x33, 0x32, 0x16,
  0x15, 0x07, 0x21, 0x1e, 0x01, 0x33, 0x32, 0x36, 0x3f, 0x01, 0x17, 0x0e,
  0x04, 0x23, 0x22, 0x26, 0x37, 0x33, 0x2e, 0x01, 0x23, 0x22, 0x06, 0x3f,
  0x01, 0x33, 0x07, 0x22, 0x91, 0x72, 0x6b, 0x77, 0x03, 0xfe, 0xa0, 0x06,
  0x57, 0x3c, 0x24, 0x4a, 0x13, 0x12, 0x31, 0x03, 0x0c, 0x29, 0x2c, 0x45,
  0x24, 0x7b, 0x97, 0x86, 0xdf, 0x01, 0x39, 0x2b, 0x31, 0x40, 0x3a, 0x4c,
  0x83, 0x69, 0x00, 0xff, 0x76, 0x95, 0x89, 0x69, 0x31, 0x40, 0x47, 0x1c,
  0x0e, 0x0e, 0x5b, 0x03, 0x0a, 0x19, 0x13, 0x10, 0x9b, 0xaf, 0x32, 0x38,
  0x38, 0xcd, 0x88, 0x88, 0x00, 0x03, 0x00, 0x22, 0xff, 0xf4, 0x02, 0x07,
  0x02, 0xc5, 0x00, 0x18, 0x00, 0x1f, 0x00, 0x27, 0x00, 0x00, 0x13, 0x34,
  0x36, 0x33, 0x32, 0x16, 0x15, 0x07, 0x21, 0x1e, 0x01, 0x33, 0x32, 0x36,
  0x3f, 0x01, 0x17, 0x0e, 0x04, 0x23, 0x22, 0x26, 0x37, 0x33, 0x2e, 0x01,
  0x23, 0x22, 0x06, 0x27, 0x37, 0x33, 0x17, 0x23, 0x27, 0x23, 0x07, 0x22,
  0x91, 0x72, 0x6b, 0x77, 0x03, 0xfe, 0xa0, 0x06, 0x57, 0x3c, 0x24, 0x4a,
  0x13, 0x12, 0x31, 0x03, 0x0c, 0x29, 0x2c, 0x45, 0x24, 0x7b, 0x97, 0x86,
  0xdf, 0x01, 0x39, 0x2b, 0x31, 0x40, 0x2b, 0x5c, 0x7f, 0x5d, 0x69, 0x32,
  0x02, 0x32, 0x00, 0xff, 0x76, 0x95, 0x89, 0x69, 0x31, 0x40, 0x47, 0x1c,
  0x0e, 0x0e, 0x5b, 0x03, 0x0a, 0x19, 0x13, 0x10, 0x9b, 0xaf, 0x32, 0x38,
  0x38, 0xcd, 0x88, 0x88, 0x51, 0x51, 0x00, 0x00, 0x00, 0x04, 0x00, 0x22,
  0xff, 0xf4, 0x02, 0x07, 0x02, 0xc5, 0x00, 0x18, 0x00, 0x1f, 0x00, 0x23,
  0x00, 0x27, 0x00, 0x00, 0x13, 0x34, 0x36, 0x33, 0x32, 0x16, 0x15, 0x07,
  0x21, 0x1e, 0x01, 0x33, 0x32, 0x36, 0x3f, 0x01, 0x17, 0x0e, 0x04, 0x23,
  0x22, 0x26, 0x37, 0x33, 0x2e, 0x01, 0x23, 0x22, 0x06, 0x37, 0x35, 0x33,
  0x15, 0x21, 0x35, 0x33, 0x15, 0x22, 0x91, 0x72, 0x6b, 0x77, 0x03, 0xfe,
  0xa0, 0x06, 0x57, 0x3c, 0x24, 0x4a, 0x13, 0x12, 0x31, 0x03, 0x0c, 0x29,
  0x2c, 0x45, 0x24, 0x7b, 0x97, 0x86, 0xdf, 0x01, 0x39, 0x2b, 0x31, 0x40,
  0x9d, 0x61, 0xfe, 0xe7, 0x62, 0x00, 0xff, 0x76, 0x95, 0x89, 0x69, 0x31,
  0x40, 0x47, 0x1c, 0x0e, 0x0e, 0x5b, 0x03, 0x0a, 0x19, 0x13, 0x10, 0x9b,
  0xaf, 0x32, 0x38, 0x38, 0xe1, 0x74, 0x74, 0x74, 0x74, 0x00, 0x00, 0x00,
  0x00, 0x02, 0xff, 0xed, 0x00, 0x00, 0x00, 0xc5, 0x02, 0xc5, 0x00, 0x03,
  0x00, 0x07, 0x00, 0x00, 0x13, 0x27, 0x33, 0x17, 0x03, 0x11, 0x33, 0x11,
  0x55, 0x68, 0x83, 0x4c, 0x76, 0x7f, 0x02, 0x3d, 0x88, 0x88, 0xfd, 0xc3,
  0x01, 0xfe, 0xfe, 0x02, 0x00, 0x02, 0x00, 0x46, 0x00, 0x00, 0x01, 0x1d,
  0x02, 0xc5, 0x00, 0x03, 0x00, 0x07, 0x00, 0x00, 0x13, 0x37, 0x33, 0x07,
  0x03, 0x11, 0x33, 0x11, 0x4e, 0x4c, 0x83, 0x69, 0x6e, 0x7f, 0x02, 0x3d,
  0x88, 0x88, 0xfd, 0xc3, 0x01, 0xfe, 0xfe, 0x02, 0x00, 0x02, 0xff, 0xe9,
  0x00, 0x00, 0x01, 0x21, 0x02, 0xc5, 0x00, 0x03, 0x00, 0x0b, 0x00, 0x00,
  0x33, 0x11, 0x33, 0x11, 0x03, 0x37, 0x33, 0x17, 0x23, 0x27, 0x23, 0x07,
  0x46, 0x7f, 0xdc, 0x5c, 0x7f, 0x5d, 0x69, 0x32, 0x02, 0x32, 0x01, 0xfe,
  0xfe, 0x02, 0x02, 0x3d, 0x88, 0x88, 0x51, 0x51, 0x00, 0x03, 0xff, 0xf9,
  0x00, 0x00, 0x01, 0x12, 0x02, 0xc5, 0x00, 0x03, 0x00, 0x07, 0x00, 0x0b,
  0x00, 0x00, 0x13, 0x35, 0x33, 0x15, 0x21, 0x35, 0x33, 0x15, 0x03, 0x11,
  0x33, 0x11, 0xb1, 0x61, 0xfe, 0xe7, 0x62, 0x15, 0x7f, 0x02, 0x51, 0x74,
  0x74, 0x74, 0x74, 0xfd, 0xaf, 0x01, 0xfe, 0xfe, 0x02, 0x00, 0x00, 0x00,
  0x00, 0x02, 0x00, 0x21, 0xff, 0xf4, 0x02, 0x19, 0x02, 0xd6, 0x00, 0x1f,
  0x00, 0x2b, 0x00, 0x00, 0x37, 0x34, 0x36, 0x33, 0x32, 0x16, 0x1f, 0x01,
  0x33, 0x26, 0x27, 0x07, 0x27, 0x37, 0x26, 0x27, 0x37, 0x16, 0x17, 0x37,
  0x17, 0x07, 0x16, 0x15, 0x14, 0x0e, 0x03, 0x23, 0x22, 0x26, 0x37, 0x14,
  0x16, 0x33, 0x32, 0x36, 0x35, 0x34, 0x26, 0x23, 0x22, 0x06, 0x21, 0x7f,
  0x6c, 0x1c, 0x33, 0x0b, 0x0c, 0x02, 0x1d, 0x41, 0xb9, 0x06, 0x6f, 0x31,
  0x42, 0x23, 0x7e, 0x5a, 0x94, 0x06, 0x58, 0x89, 0x11, 0x28, 0x3b, 0x59,
  0x37, 0x70, 0x84, 0x80, 0x3e, 0x39, 0x40, 0x41, 0x40, 0x36, 0x3e, 0x44,
  0xed, 0x5e, 0x86, 0x0f, 0x07, 0x07, 0x40, 0x2a, 0x50, 0x4b, 0x31, 0x18,
  0x10, 0x64, 0x1c, 0x37, 0x3f, 0x4a, 0x27, 0x78, 0xc3, 0x2a, 0x51, 0x4c,
  0x39, 0x22, 0x94, 0x62, 0x39, 0x52, 0x60, 0x40, 0x31, 0x3e, 0x4e, 0x00,
  0x00, 0x02, 0x00, 0x46, 0x00, 0x00, 0x02, 0x26, 0x02, 0xc7, 0x00, 0x16,
  0x00, 0x28, 0x00, 0x00, 0x33, 0x11, 0x33, 0x15, 0x07, 0x33, 0x3e, 0x01,
  0x33, 0x32, 0x15, 0x11, 0x23, 0x11, 0x34, 0x26, 0x23, 0x22, 0x06, 0x07,
  0x06, 0x1d, 0x01, 0x03, 0x34, 0x33, 0x32, 0x1e, 0x01, 0x33, 0x32, 0x35,
  0x33, 0x14, 0x23, 0x22, 0x2e, 0x01, 0x23, 0x22, 0x15, 0x46, 0x7a, 0x02,
  0x02, 0x15, 0x5b, 0x45, 0xb1, 0x7e, 0x23, 0x2e, 0x32, 0x48, 0x0f, 0x09,
  0x3e, 0x70, 0x1d, 0x2d, 0x24, 0x10, 0x27, 0x56, 0x70, 0x1d, 0x2d, 0x24,
  0x10, 0x26, 0x01, 0xfe, 0x3b, 0x23, 0x29, 0x41, 0xc2, 0xfe, 0xb8, 0x01,
  0x2e, 0x33, 0x35, 0x39, 0x2f, 0x1b, 0x29, 0xea, 0x02, 0x3e, 0x89, 0x21,
  0x20, 0x3e, 0x89, 0x21, 0x20, 0x3e, 0x00, 0x00, 0x00, 0x03, 0x00, 0x20,
  0xff, 0xf4, 0x02, 0x51, 0x02, 0xc5, 0x00, 0x08, 0x00, 0x13, 0x00, 0x17,
  0x00, 0x00, 0x36, 0x34, 0x36, 0x32, 0x16, 0x14, 0x06, 0x23, 0x22, 0x03,
  0x14, 0x16, 0x33, 0x32, 0x36, 0x35, 0x34, 0x26, 0x22, 0x06, 0x37, 0x27,
  0x33, 0x17, 0x20, 0xa2, 0xec, 0xa3, 0xa2, 0x76, 0x77, 0x21, 0x58, 0x40,
  0x3f, 0x58, 0x58, 0x7e, 0x59, 0x67, 0x68, 0x83, 0x4c, 0x8b, 0xe8, 0x97,
  0x97, 0xe8, 0x97, 0x01, 0x0b, 0x46, 0x59, 0x59, 0x46, 0x45, 0x5a, 0x5a,
  0xf9, 0x88, 0x88, 0x00, 0x00, 0x03, 0x00, 0x20, 0xff, 0xf4, 0x02, 0x51,
  0x02, 0xc5, 0x00, 0x08, 0x00, 0x13, 0x00, 0x17, 0x00, 0x00, 0x36, 0x34,
  0x36, 0x32, 0x16, 0x14, 0x06, 0x23, 0x22, 0x03, 0x14, 0x16, 0x33, 0x32,
  0x36, 0x35, 0x34, 0x26, 0x22, 0x06, 0x3f, 0x01, 0x33, 0x07, 0x20, 0xa2,
  0xec, 0xa3, 0xa2, 0x76, 0x77, 0x21, 0x58, 0x40, 0x3f, 0x58, 0x58, 0x7e,
  0x59, 0x61, 0x4c, 0x83, 0x69, 0x8b, 0xe8, 0x97, 0x97, 0xe8, 0x97, 0x01,
  0x0b, 0x46, 0x59, 0x59, 0x46, 0x45, 0x5a, 0x5a, 0xf9, 0x88, 0x88, 0x00,
  0x00, 0x03, 0x00, 0x20, 0xff, 0xf4, 0x02, 0x51, 0x02, 0xc5, 0x00, 0x08,
  0x00, 0x13, 0x00, 0x1b, 0x00, 0x00, 0x36, 0x34, 0x36, 0x32, 0x16, 0x14,
  0x06, 0x23, 0x22, 0x03, 0x14, 0x16, 0x33, 0x32, 0x36, 0x35, 0x34, 0x26,
  0x22, 0x06, 0x27, 0x37, 0x33, 0x17, 0x23, 0x27, 0x23, 0x07, 0x20, 0xa2,
  0xec, 0xa3, 0xa2, 0x76, 0x77, 0x21, 0x58, 0x40, 0x3f, 0x58, 0x58, 0x7e,
  0x59, 0x04, 0x5c, 0x7f, 0x5d, 0x69, 0x32, 0x02, 0x32, 0x8b, 0xe8, 0x97,
  0x97, 0xe8, 0x97, 0x01, 0x0b, 0x46, 0x59, 0x59, 0x46, 0x45, 0x5a, 0x5a,
  0xf9, 0x88, 0x88, 0x51, 0x51, 0x00, 0x00, 0x00, 0x00, 0x03, 0x00, 0x20,
  0xff, 0xf4, 0x02, 0x51, 0x02, 0xc7, 0x00, 0x08, 0x00, 0x13, 0x00, 0x25,
  0x00, 0x00, 0x36, 0x34, 0x36, 0x32, 0x16, 0x14, 0x06, 0x23, 0x22, 0x03,
  0x14, 0x16, 0x33, 0x32, 0x36, 0x35, 0x34, 0x26, 0x22, 0x06, 0x27, 0x34,
  0x33, 0x32, 0x1e, 0x01, 0x33, 0x32, 0x35, 0x33, 0x14, 0x23, 0x22, 0x2e,
  0x01, 0x23, 0x22, 0x15, 0x20, 0xa2, 0xec, 0xa3, 0xa2, 0x76, 0x77, 0x21,
  0x58, 0x40, 0x3f, 0x58, 0x58, 0x7e, 0x59, 0x1e, 0x70, 0x1d, 0x2d, 0x24,
  0x10, 0x27, 0x56, 0x70, 0x1d, 0x2d, 0x24, 0x10, 0x26, 0x8b, 0xe8, 0x97,
  0x97, 0xe8, 0x97, 0x01, 0x0b, 0x46, 0x59, 0x59, 0x46, 0x45, 0x5a, 0x5a,
  0xfa, 0x89, 0x21, 0x20, 0x3e, 0x89, 0x21, 0x20, 0x3e, 0x00, 0x00, 0x00,
  0x00, 0x04, 0x00, 0x20, 0xff, 0xf4, 0x02, 0x51, 0x02, 0xc5, 0x00, 0x08,
  0x00, 0x13, 0x00, 0x17, 0x00, 0x1b, 0x00, 0x00, 0x36, 0x34, 0x36, 0x32,
  0x16, 0x14, 0x06, 0x23, 0x22, 0x03, 0x14, 0x16, 0x33, 0x32, 0x36, 0x35,
  0x34, 0x26, 0x22, 0x06, 0x13, 0x35, 0x33, 0x15, 0x21, 0x35, 0x33, 0x15,
  0x20, 0xa2, 0xec, 0xa3, 0xa2, 0x76, 0x77, 0x21, 0x58, 0x40, 0x3f, 0x58,
  0x58, 0x7e, 0x59, 0xc3, 0x61, 0xfe, 0xe7, 0x62, 0x8b, 0xe8, 0x97, 0x97,
  0xe8, 0x97, 0x01, 0x0b, 0x46, 0x59, 0x59, 0x46, 0x45, 0x5a, 0x5a, 0x01,
  0x0d, 0x74, 0x74, 0x74, 0x74, 0x00, 0x00, 0x00, 0x00, 0x03, 0x00, 0x34,
  0x00, 0x1b, 0x02, 0x3d, 0x02, 0x21, 0x00, 0x03, 0x00, 0x07, 0x00, 0x0b,
  0x00, 0x00, 0x01, 0x35, 0x33, 0x15, 0x05, 0x35, 0x21, 0x15, 0x05, 0x35,
  0x33, 0x15, 0x00, 0xff, 0x72, 0xfe, 0xc3, 0x02, 0x09, 0xfe, 0xc2, 0x72,
  0x01, 0xb5, 0x6c, 0x6c, 0xc9, 0x63, 0x63, 0xd1, 0x6c, 0x6c, 0x00, 0x00,
  0x00, 0x03, 0x00, 0x20, 0xff, 0xd5, 0x02, 0x51, 0x02, 0x23, 0x00, 0x13,
  0x00, 0x1b, 0x00, 0x23, 0x00, 0x00, 0x13, 0x34, 0x36, 0x33, 0x32, 0x17,
  0x37, 0x17, 0x07, 0x16, 0x15, 0x14, 0x06, 0x23, 0x22, 0x27, 0x07, 0x27,
  0x37, 0x26, 0x37, 0x14, 0x17, 0x37, 0x26, 0x23, 0x22, 0x06, 0x05, 0x34,
  0x27, 0x07, 0x16, 0x33, 0x32, 0x36, 0x20, 0xa2, 0x76, 0x48, 0x3e, 0x28,
  0x37, 0x27, 0x5b, 0xa2, 0x76, 0x41, 0x3e, 0x29, 0x37, 0x27, 0x61, 0x81,
  0x26, 0xb4, 0x20, 0x22, 0x3f, 0x59, 0x01, 0x2f, 0x21, 0xb2, 0x1d, 0x1f,
  0x3f, 0x58, 0x00, 0xff, 0x74, 0x97, 0x1f, 0x38, 0x26, 0x37, 0x4c, 0x7b,
  0x74, 0x97, 0x1a, 0x39, 0x27, 0x36, 0x4c, 0x81, 0x40, 0x2c, 0xfb, 0x10,
  0x5a, 0x45, 0x3b, 0x2a, 0xf8, 0x0c, 0x59, 0x00, 0x00, 0x02, 0x00, 0x3f,
  0xff, 0xf4, 0x02, 0x1b, 0x02, 0xc5, 0x00, 0x14, 0x00, 0x18, 0x00, 0x00,
  0x37, 0x11, 0x33, 0x11, 0x14, 0x16, 0x33, 0x32, 0x36, 0x3d, 0x01, 0x33,
  0x11, 0x23, 0x35, 0x37, 0x23, 0x0e, 0x01, 0x23, 0x22, 0x13, 0x27, 0x33,
  0x17, 0x3f, 0x7f, 0x23, 0x2c, 0x42, 0x4d, 0x7f, 0x7a, 0x02, 0x02, 0x15,
  0x5f, 0x3d, 0xb1, 0xbe, 0x68, 0x83, 0x4c, 0xb6, 0x01, 0x48, 0xfe, 0xd2,
  0x33, 0x35, 0x64, 0x48, 0xea, 0xfe, 0x02, 0x3a, 0x24, 0x2b, 0x3f, 0x02,
  0x49, 0x88, 0x88, 0x00, 0x00, 0x02, 0x00, 0x3f, 0xff, 0xf4, 0x02, 0x1b,
  0x02, 0xc5, 0x00, 0x14, 0x00, 0x18, 0x00, 0x00, 0x37, 0x11, 0x33, 0x11,
  0x14, 0x16, 0x33, 0x32, 0x36, 0x3d, 0x01, 0x33, 0x11, 0x23, 0x35, 0x37,
  0x23, 0x0e, 0x01, 0x23, 0x22, 0x13, 0x37, 0x33, 0x07, 0x3f, 0x7f, 0x23,
  0x2c, 0x42, 0x4d, 0x7f, 0x7a, 0x02, 0x02, 0x15, 0x5f, 0x3d, 0xb1, 0xb7,
  0x4c, 0x83, 0x69, 0xb6, 0x01, 0x48, 0xfe, 0xd2, 0x33, 0x35, 0x64, 0x48,
  0xea, 0xfe, 0x02, 0x3a, 0x24, 0x2b, 0x3f, 0x02, 0x49, 0x88, 0x88, 0x00,
  0x00, 0x02, 0x00, 0x3f, 0xff, 0xf4, 0x02, 0x1b, 0x02, 0xc5, 0x00, 0x14,
  0x00, 0x1c, 0x00, 0x00, 0x37, 0x11, 0x33, 0x11, 0x14, 0x16, 0x33, 0x32,
  0x36, 0x3d, 0x01, 0x33, 0x11, 0x23, 0x35, 0x37, 0x23, 0x0e, 0x01, 0x23,
  0x22, 0x13, 0x37, 0x33, 0x17, 0x23, 0x27, 0x23, 0x07, 0x3f, 0x7f, 0x23,
  0x2c, 0x42, 0x4d, 0x7f, 0x7a, 0x02, 0x02, 0x15, 0x5f, 0x3d, 0xb1, 0x52,
  0x5c, 0x7f, 0x5d, 0x69, 0x32, 0x02, 0x32, 0xb6, 0x01, 0x48, 0xfe, 0xd2,
  0x33, 0x35, 0x64, 0x48, 0xea, 0xfe, 0x02, 0x3a, 0x24, 0x2b, 0x3f, 0x02,
  0x49, 0x88, 0x88, 0x51, 0x51, 0x00, 0x00, 0x00, 0x00, 0x03, 0x00, 0x3f,
  0xff, 0xf4, 0x02, 0x1b, 0x02, 0xc5, 0x00, 0x14, 0x00, 0x18, 0x00, 0x1c,
  0x00, 0x00, 0x37, 0x11, 0x33, 0x11, 0x14, 0x16, 0x33, 0x32, 0x36, 0x3d,
  0x01, 0x33, 0x11, 0x23, 0x35, 0x37, 0x23, 0x0e, 0x01, 0x23, 0x22, 0x01,
  0x35, 0x33, 0x15, 0x21, 0x35, 0x33, 0x15, 0x3f, 0x7f, 0x23, 0x2c, 0x42,
  0x4d, 0x7f, 0x7a, 0x02, 0x02, 0x15, 0x5f, 0x3d, 0xb1, 0x01, 0x1a, 0x61,
  0xfe, 0xe7, 0x62, 0xb6, 0x01, 0x48, 0xfe, 0xd2, 0x33, 0x35, 0x64, 0x48,
  0xea, 0xfe, 0x02, 0x3a, 0x24, 0x2b, 0x3f, 0x02, 0x5d, 0x74, 0x74, 0x74,
  0x74, 0x00, 0x00, 0x00, 0x00, 0x02, 0xff, 0xf8, 0xff, 0x2e, 0x02, 0x07,
  0x02, 0xc5, 0x00, 0x16, 0x00, 0x1a, 0x00, 0x00, 0x17, 0x37, 0x16, 0x33,
  0x32, 0x3f, 0x01, 0x03, 0x33, 0x13, 0x17, 0x33, 0x36, 0x37, 0x13, 0x33,
  0x03, 0x0e, 0x01, 0x23, 0x22, 0x26, 0x27, 0x13, 0x37, 0x33, 0x07, 0x01,
  0x2a, 0x1c, 0x1d, 0x3c, 0x1c, 0x13, 0xd7, 0x8f, 0x6b, 0x13, 0x02, 0x08,
  0x09, 0x64, 0x8b, 0xe4, 0x1a, 0x61, 0x3d, 0x1b, 0x35, 0x0d, 0xc1, 0x4c,
  0x83, 0x69, 0xb1, 0x5f, 0x15, 0x42, 0x2d, 0x01, 0xf6, 0xfe, 0xda, 0x45,
  0x28, 0x1b, 0x01, 0x28, 0xfd, 0xb5, 0x43, 0x42, 0x10, 0x08, 0x02, 0xf7,
  0x88, 0x88, 0x00, 0x00, 0x00, 0x02, 0x00, 0x46, 0xff, 0x38, 0x02, 0x40,
  0x02, 0xc6, 0x00, 0x16, 0x00, 0x21, 0x00, 0x00, 0x17, 0x11, 0x33, 0x15,
  0x07, 0x33, 0x36, 0x33, 0x32, 0x16, 0x14, 0x06, 0x23, 0x22, 0x2e, 0x02,
  0x2f, 0x01, 0x23, 0x16, 0x1d, 0x01, 0x03, 0x14, 0x16, 0x33, 0x32, 0x36,
  0x34, 0x26, 0x23, 0x22, 0x06, 0x46, 0x7f, 0x02, 0x02, 0x36, 0x60, 0x67,
  0x7e, 0x81, 0x66, 0x1f, 0x34, 0x20, 0x18, 0x04, 0x05, 0x02, 0x02, 0x04,
  0x46, 0x3b, 0x37, 0x47, 0x45, 0x38, 0x39, 0x49, 0xc8, 0x03, 0x8e, 0xda,
  0x2a, 0x48, 0x97, 0xe8, 0x97, 0x0e, 0x14, 0x15, 0x07, 0x07, 0x12, 0x1a,
  0xd5, 0x01, 0xc6, 0x4a, 0x55, 0x5a, 0x8c, 0x59, 0x4e, 0x00, 0x00, 0x00,
  0x00, 0x03, 0xff, 0xf8, 0xff, 0x2e, 0x02, 0x07, 0x02, 0xc5, 0x00, 0x16,
  0x00, 0x1a, 0x00, 0x1e, 0x00, 0x00, 0x17, 0x37, 0x16, 0x33, 0x32, 0x3f,
  0x01, 0x03, 0x33, 0x13, 0x17, 0x33, 0x36, 0x37, 0x13, 0x33, 0x03, 0x0e,
  0x01, 0x23, 0x22, 0x26, 0x27, 0x01, 0x35, 0x33, 0x15, 0x21, 0x35, 0x33,
  0x15, 0x01, 0x2a, 0x1c, 0x1d, 0x3c, 0x1c, 0x13, 0xd7, 0x8f, 0x6b, 0x13,
  0x02, 0x08, 0x09, 0x64, 0x8b, 0xe4, 0x1a, 0x61, 0x3d, 0x1b, 0x35, 0x0d,
  0x01, 0x24, 0x61, 0xfe, 0xe7, 0x62, 0xb1, 0x5f, 0x15, 0x42, 0x2d, 0x01,
  0xf6, 0xfe, 0xda, 0x45, 0x28, 0x1b, 0x01, 0x28, 0xfd, 0xb5, 0x43, 0x42,
  0x10, 0x08, 0x03, 0x0b, 0x74, 0x74, 0x74, 0x74, 0x00, 0x03, 0x00, 0x01,
  0x00, 0x00, 0x02, 0x7c, 0x03, 0x66, 0x00, 0x07, 0x00, 0x0e, 0x00, 0x12,
  0x00, 0x00, 0x21, 0x27, 0x23, 0x07, 0x23, 0x13, 0x33, 0x13, 0x01, 0x23,
  0x06, 0x0f, 0x01, 0x33, 0x27, 0x03, 0x35, 0x21, 0x15, 0x01, 0xf7, 0x3c,
  0xf9, 0x3c, 0x85, 0xfa, 0x87, 0xfa, 0xfe, 0xc4, 0x02, 0x10, 0x0e, 0x3f,
  0xba, 0x3f, 0xa0, 0x01, 0x06, 0xb6, 0xb6, 0x02, 0xc6, 0xfd, 0x3a, 0x02,
  0x4b, 0x46, 0x28, 0xbe, 0xbe, 0x01, 0x32, 0x57, 0x57, 0x00, 0x00, 0x00,
  0x00, 0x03, 0x00, 0x1b, 0xff, 0xf4, 0x01, 0xd8, 0x02, 0xae, 0x00, 0x24,
  0x00, 0x2e, 0x00, 0x32, 0x00, 0x00, 0x37, 0x34, 0x3e, 0x04, 0x3b, 0x01,
  0x35, 0x34, 0x23, 0x22, 0x06, 0x0f, 0x01, 0x27, 0x3e, 0x02, 0x33, 0x32,
  0x16, 0x15, 0x11, 0x23, 0x35, 0x37, 0x23, 0x32, 0x0e, 0x03, 0x23, 0x22,
  0x26, 0x37, 0x14, 0x16, 0x33, 0x32, 0x36, 0x3d, 0x01, 0x23, 0x22, 0x03,
  0x35, 0x21, 0x15, 0x1b, 0x20, 0x39, 0x3d, 0x4b, 0x32, 0x1b, 0x11, 0x62,
  0x20, 0x46, 0x13, 0x13, 0x30, 0x09, 0x21, 0x68, 0x36, 0x65, 0x6f, 0x75,
  0x02, 0x02, 0x01, 0x0a, 0x18, 0x22, 0x38, 0x20, 0x48, 0x65, 0x80, 0x28,
  0x25, 0x30, 0x43, 0x16, 0xaa, 0x15, 0x01, 0x06, 0x93, 0x27, 0x3c, 0x24,
  0x18, 0x0b, 0x03, 0x07, 0x5a, 0x19, 0x0c, 0x0c, 0x5b, 0x07, 0x15, 0x23,
  0x6a, 0x61, 0xfe, 0xc1, 0x2a, 0x24, 0x13, 0x1a, 0x1a, 0x13, 0x56, 0x4f,
  0x1b, 0x27, 0x55, 0x31, 0x0c, 0x01, 0x6e, 0x57, 0x57, 0x00, 0x00, 0x00,
  0x00, 0x03, 0x00, 0x01, 0x00, 0x00, 0x02, 0x7c, 0x03, 0x7d, 0x00, 0x07,
  0x00, 0x0e, 0x00, 0x20, 0x00, 0x00, 0x21, 0x27, 0x23, 0x07, 0x23, 0x13,
  0x33, 0x13, 0x01, 0x23, 0x06, 0x0f, 0x01, 0x33, 0x27, 0x03, 0x22, 0x26,
  0x3d, 0x01, 0x33, 0x15, 0x14, 0x16, 0x33, 0x32, 0x36, 0x3d, 0x01, 0x33,
  0x15, 0x14, 0x06, 0x01, 0xf7, 0x3c, 0xf9, 0x3c, 0x85, 0xfa, 0x87, 0xfa,
  0xfe, 0xc4, 0x02, 0x10, 0x0e, 0x3f, 0xba, 0x3f, 0x1d, 0x3f, 0x56, 0x5a,
  0x22, 0x19, 0x17, 0x23, 0x5a, 0x56, 0xb6, 0xb6, 0x02, 0xc6, 0xfd, 0x3a,
  0x02, 0x4b, 0x46, 0x28, 0xbe, 0xbe, 0x01, 0x14, 0x44, 0x3c, 0x0c, 0x0c,
  0x1d, 0x1e, 0x1f, 0x1d, 0x0b, 0x0c, 0x3c, 0x44, 0x00, 0x03, 0x00, 0x1b,
  0xff, 0xf4, 0x01, 0xd8, 0x02, 0xc5, 0x00, 0x24, 0x00, 0x2e, 0x00, 0x40,
  0x00, 0x00, 0x37, 0x34, 0x3e, 0x04, 0x3b, 0x01, 0x35, 0x34, 0x23, 0x22,
  0x06, 0x0f, 0x01, 0x27, 0x3e, 0x02, 0x33, 0x32, 0x16, 0x15, 0x11, 0x23,
  0x35, 0x37, 0x23, 0x32, 0x0e, 0x03, 0x23, 0x22, 0x26, 0x37, 0x14, 0x16,
  0x33, 0x32, 0x36, 0x3d, 0x01, 0x23, 0x22, 0x13, 0x22, 0x26, 0x3d, 0x01,
  0x33, 0x15, 0x14, 0x16, 0x33, 0x32, 0x36, 0x3d, 0x01, 0x33, 0x15, 0x14,
  0x06, 0x1b, 0x20, 0x39, 0x3d, 0x4b, 0x32, 0x1b, 0x11, 0x62, 0x20, 0x46,
  0x13, 0x13, 0x30, 0x09, 0x21, 0x68, 0x36, 0x65, 0x6f, 0x75, 0x02, 0x02,
  0x01, 0x0a, 0x18, 0x22, 0x38, 0x20, 0x48, 0x65, 0x80, 0x28, 0x25, 0x30,
  0x43, 0x16, 0xaa, 0x6d, 0x3f, 0x56, 0x5a, 0x22, 0x19, 0x17, 0x23, 0x5a,
  0x56, 0x93, 0x27, 0x3c, 0x24, 0x18, 0x0b, 0x03, 0x07, 0x5a, 0x19, 0x0c,
  0x0c, 0x5b, 0x07, 0x15, 0x23, 0x6a, 0x61, 0xfe, 0xc1, 0x2a, 0x24, 0x13,
  0x1a, 0x1a, 0x13, 0x56, 0x4f, 0x1b, 0x27, 0x55, 0x31, 0x0c, 0x01, 0x50,
  0x44, 0x3c, 0x0c, 0x0c, 0x1d, 0x1e, 0x1f, 0x1d, 0x0b, 0x0c, 0x3c, 0x44,
  0x00, 0x02, 0x00, 0x01, 0xff, 0x30, 0x02, 0x7c, 0x02, 0xc6, 0x00, 0x17,
  0x00, 0x1e, 0x00, 0x00, 0x21, 0x27, 0x23, 0x07, 0x23, 0x13, 0x33, 0x13,
  0x06, 0x15, 0x14, 0x16, 0x1f, 0x01, 0x07, 0x22, 0x2e, 0x03, 0x35, 0x34,
  0x37, 0x35, 0x03, 0x23, 0x06, 0x0f, 0x01, 0x33, 0x27, 0x01, 0xf7, 0x3c,
  0xf9, 0x3c, 0x85, 0xfa, 0x87, 0xfa, 0x38, 0x18, 0x0c, 0x0d, 0x1f, 0x05,
  0x11, 0x2a, 0x20, 0x1b, 0x41, 0xdc, 0x02, 0x11, 0x0d, 0x3f, 0xba, 0x3f,
  0xb6, 0xb6, 0x02, 0xc6, 0xfd, 0x3a, 0x2f, 0x1f, 0x0e, 0x12, 0x02, 0x02,
  0x5e, 0x03, 0x0d, 0x13, 0x25, 0x18, 0x38, 0x36, 0x02, 0x02, 0x4b, 0x46,
  0x28, 0xbe, 0xbe, 0x00, 0x00, 0x02, 0x00, 0x1b, 0xff, 0x30, 0x01, 0xd8,
  0x02, 0x0a, 0x00, 0x34, 0x00, 0x3e, 0x00, 0x00, 0x37, 0x34, 0x3e, 0x04,
  0x3b, 0x01, 0x35, 0x34, 0x23, 0x22, 0x06, 0x0f, 0x01, 0x27, 0x3e, 0x02,
  0x33, 0x32, 0x16, 0x15, 0x11, 0x06, 0x15, 0x14, 0x16, 0x1f, 0x01, 0x07,
  0x22, 0x2e, 0x03, 0x35, 0x34, 0x37, 0x35, 0x23, 0x35, 0x37, 0x23, 0x32,
  0x0e, 0x03, 0x23, 0x22, 0x26, 0x37, 0x14, 0x16, 0x33, 0x32, 0x36, 0x3d,
  0x01, 0x23, 0x22, 0x1b, 0x20, 0x39, 0x3d, 0x4b, 0x32, 0x1b, 0x11, 0x62,
  0x20, 0x46, 0x13, 0x13, 0x30, 0x09, 0x21, 0x68, 0x36, 0x65, 0x6f, 0x38,
  0x18, 0x0c, 0x0d, 0x1e, 0x05, 0x11, 0x2a, 0x20, 0x1b, 0x41, 0x16, 0x02,
  0x02, 0x01, 0x0a, 0x18, 0x22, 0x38, 0x20, 0x48, 0x65, 0x80, 0x28, 0x25,
  0x30, 0x43, 0x16, 0xaa, 0x93, 0x27, 0x3c, 0x24, 0x18, 0x0b, 0x03, 0x07,
  0x5a, 0x19, 0x0c, 0x0c, 0x5b, 0x07, 0x15, 0x23, 0x6a, 0x61, 0xfe, 0xc1,
  0x2f, 0x1f, 0x0e, 0x12, 0x02, 0x02, 0x5e, 0x03, 0x0d, 0x13, 0x25, 0x18,
  0x36, 0x38, 0x02, 0x2a, 0x24, 0x13, 0x1a, 0x1a, 0x13, 0x56, 0x4f, 0x1b,
  0x27, 0x55, 0x31, 0x0c, 0x00, 0x02, 0x00, 0x29, 0xff, 0xf4, 0x02, 0xaf,
  0x03, 0x7d, 0x00, 0x23, 0x00, 0x27, 0x00, 0x00, 0x13, 0x34, 0x36, 0x33,
  0x32, 0x1e, 0x02, 0x1f, 0x01, 0x07, 0x2e, 0x02, 0x23, 0x22, 0x06, 0x15,
  0x14, 0x16, 0x33, 0x32, 0x3e, 0x02, 0x3f, 0x01, 0x17, 0x0e, 0x04, 0x23,
  0x22, 0x26, 0x01, 0x37, 0x33, 0x07, 0x29, 0xd1, 0x9c, 0x30, 0x5a, 0x3b,
  0x2d, 0x0a, 0x0a, 0x3e, 0x09, 0x21, 0x66, 0x32, 0x6d, 0x81, 0x84, 0x6b,
  0x22, 0x44, 0x30, 0x25, 0x0a, 0x09, 0x44, 0x04, 0x0f, 0x36, 0x3c, 0x5f,
  0x33, 0xa1, 0xce, 0x01, 0x2e, 0x4c, 0x83, 0x69, 0x01, 0x66, 0x9b, 0xd1,
  0x14, 0x1c, 0x1d, 0x0a, 0x0a, 0x60, 0x08, 0x19, 0x2a, 0x8d, 0x67, 0x69,
  0x95, 0x13, 0x1a, 0x1a, 0x09, 0x0a, 0x5d, 0x05, 0x0f, 0x28, 0x1e, 0x19,
  0xd4, 0x02, 0x2d, 0x88, 0x88, 0x00, 0x00, 0x00, 0x00, 0x02, 0x00, 0x21,
  0xff, 0xf4, 0x02, 0x08, 0x02, 0xc5, 0x00, 0x1e, 0x00, 0x22, 0x00, 0x00,
  0x13, 0x34, 0x36, 0x33, 0x32, 0x16, 0x1f, 0x01, 0x07, 0x2e, 0x02, 0x23,
  0x22, 0x06, 0x14, 0x16, 0x33, 0x32, 0x36, 0x3f, 0x01, 0x17, 0x0e, 0x04,
  0x23, 0x22, 0x26, 0x13, 0x37, 0x33, 0x07, 0x21, 0x99, 0x7c, 0x3b, 0x62,
  0x13, 0x14, 0x38, 0x06, 0x16, 0x45, 0x24, 0x45, 0x56, 0x58, 0x47, 0x26,
  0x4b, 0x12, 0x13, 0x31, 0x03, 0x0b, 0x28, 0x2d, 0x49, 0x26, 0x7c, 0x99,
  0xcb, 0x4c, 0x83, 0x69, 0x00, 0xff, 0x70, 0x9b, 0x26, 0x13, 0x13, 0x57,
  0x06, 0x12, 0x1f, 0x5b, 0x86, 0x5d, 0x20, 0x10, 0x11, 0x5a, 0x03, 0x0c,
  0x1c, 0x16, 0x12, 0x99, 0x01, 0xb0, 0x88, 0x88, 0x00, 0x02, 0x00, 0x29,
  0xff, 0xf4, 0x02, 0xaf, 0x03, 0x7d, 0x00, 0x23, 0x00, 0x2b, 0x00, 0x00,
  0x13, 0x34, 0x36, 0x33, 0x32, 0x1e, 0x02, 0x1f, 0x01, 0x07, 0x2e, 0x02,
  0x23, 0x22, 0x06, 0x15, 0x14, 0x16, 0x33, 0x32, 0x3e, 0x02, 0x3f, 0x01,
  0x17, 0x0e, 0x04, 0x23, 0x22, 0x26, 0x13, 0x37, 0x33, 0x17, 0x23, 0x27,
  0x23, 0x07, 0x29, 0xd1, 0x9c, 0x30, 0x5a, 0x3b, 0x2d, 0x0a, 0x0a, 0x3e,
  0x09, 0x21, 0x66, 0x32, 0x6d, 0x81, 0x84, 0x6b, 0x22, 0x44, 0x30, 0x25,
  0x0a, 0x09, 0x44, 0x04, 0x0f, 0x36, 0x3c, 0x5f, 0x33, 0xa1, 0xce, 0xc9,
  0x5c, 0x7f, 0x5d, 0x69, 0x32, 0x02, 0x32, 0x01, 0x66, 0x9b, 0xd1, 0x14,
  0x1c, 0x1d, 0x0a, 0x0a, 0x60, 0x08, 0x19, 0x2a, 0x8d, 0x67, 0x69, 0x95,
  0x13, 0x1a, 0x1a, 0x09, 0x0a, 0x5d, 0x05, 0x0f, 0x28, 0x1e, 0x19, 0xd4,
  0x02, 0x2d, 0x88, 0x88, 0x51, 0x51, 0x00, 0x00, 0x00, 0x02, 0x00, 0x21,
  0xff, 0xf4, 0x02, 0x08, 0x02, 0xc5, 0x00, 0x1e, 0x00, 0x26, 0x00, 0x00,
  0x13, 0x34, 0x36, 0x33, 0x32, 0x16, 0x1f, 0x01, 0x07, 0x2e, 0x02, 0x23,
  0x22, 0x06, 0x14, 0x16, 0x33, 0x32, 0x36, 0x3f, 0x01, 0x17, 0x0e, 0x04,
  0x23, 0x22, 0x26, 0x13, 0x37, 0x33, 0x17, 0x23, 0x27, 0x23, 0x07, 0x21,
  0x99, 0x7c, 0x3b, 0x62, 0x13, 0x14, 0x38, 0x06, 0x16, 0x45, 0x24, 0x45,
  0x56, 0x58, 0x47, 0x26, 0x4b, 0x12, 0x13, 0x31, 0x03, 0x0b, 0x28, 0x2d,
  0x49, 0x26, 0x7c, 0x99, 0x66, 0x5c, 0x7f, 0x5d, 0x69, 0x32, 0x02, 0x32,
  0x00, 0xff, 0x70, 0x9b, 0x26, 0x13, 0x13, 0x57, 0x06, 0x12, 0x1f, 0x5b,
  0x86, 0x5d, 0x20, 0x10, 0x11, 0x5a, 0x03, 0x0c, 0x1c, 0x16, 0x12, 0x99,
  0x01, 0xb0, 0x88, 0x88, 0x51, 0x51, 0x00, 0x00, 0x00, 0x02, 0x00, 0x29,
  0xff, 0xf4, 0x02, 0xaf, 0x03, 0x7d, 0x00, 0x23, 0x00, 0x27, 0x00, 0x00,
  0x13, 0x34, 0x36, 0x33, 0x32, 0x1e, 0x02, 0x1f, 0x01, 0x07, 0x2e, 0x02,
  0x23, 0x22, 0x06, 0x15, 0x14, 0x16, 0x33, 0x32, 0x3e, 0x02, 0x3f, 0x01,
  0x17, 0x0e, 0x04, 0x23, 0x22, 0x26, 0x01, 0x35, 0x33, 0x15, 0x29, 0xd1,
  0x9c, 0x30, 0x5a, 0x3b, 0x2d, 0x0a, 0x0a, 0x3e, 0x09, 0x21, 0x66, 0x32,
  0x6d, 0x81, 0x84, 0x6b, 0x22, 0x44, 0x30, 0x25, 0x0a, 0x09, 0x44, 0x04,
  0x0f, 0x36, 0x3c, 0x5f, 0x33, 0xa1, 0xce, 0x01, 0x2f, 0x6c, 0x01, 0x66,
  0x9b, 0xd1, 0x14, 0x1c, 0x1d, 0x0a, 0x0a, 0x60, 0x08, 0x19, 0x2a, 0x8d,
  0x67, 0x69, 0x95, 0x13, 0x1a, 0x1a, 0x09, 0x0a, 0x5d, 0x05, 0x0f, 0x28,
  0x1e, 0x19, 0xd4, 0x02, 0x46, 0x6f, 0x6f, 0x00, 0x00, 0x02, 0x00, 0x21,
  0xff, 0xf4, 0x02, 0x08, 0x02, 0xc5, 0x00, 0x1e, 0x00, 0x22, 0x00, 0x00,
  0x13, 0x34, 0x36, 0x33, 0x32, 0x16, 0x1f, 0x01, 0x07, 0x2e, 0x02, 0x23,
  0x22, 0x06, 0x14, 0x16, 0x33, 0x32, 0x36, 0x3f, 0x01, 0x17, 0x0e, 0x04,
  0x23, 0x22, 0x26, 0x13, 0x35, 0x33, 0x15, 0x21, 0x99, 0x7c, 0x3b, 0x62,
  0x13, 0x14, 0x38, 0x06, 0x16, 0x45, 0x24, 0x45, 0x56, 0x58, 0x47, 0x26,
  0x4b, 0x12, 0x13, 0x31, 0x03, 0x0b, 0x28, 0x2d, 0x49, 0x26, 0x7c, 0x99,
  0xcd, 0x6c, 0x00, 0xff, 0x70, 0x9b, 0x26, 0x13, 0x13, 0x57, 0x06, 0x12,
  0x1f, 0x5b, 0x86, 0x5d, 0x20, 0x10, 0x11, 0x5a, 0x03, 0x0c, 0x1c, 0x16,
  0x12, 0x99, 0x01, 0xc9, 0x6f, 0x6f, 0x00, 0x00, 0x00, 0x02, 0x00, 0x29,
  0xff, 0xf4, 0x02, 0xaf, 0x03, 0x7d, 0x00, 0x23, 0x00, 0x2b, 0x00, 0x00,
  0x13, 0x34, 0x36, 0x33, 0x32, 0x1e, 0x02, 0x1f, 0x01, 0x07, 0x2e, 0x02,
  0x23, 0x22, 0x06, 0x15, 0x14, 0x16, 0x33, 0x32, 0x3e, 0x02, 0x3f, 0x01,
  0x17, 0x0e, 0x04, 0x23, 0x22, 0x26, 0x01, 0x27, 0x33, 0x17, 0x33, 0x37,
  0x33, 0x07, 0x29, 0xd1, 0x9c, 0x30, 0x5a, 0x3b, 0x2d, 0x0a, 0x0a, 0x3e,
  0x09, 0x21, 0x66, 0x32, 0x6d, 0x81, 0x84, 0x6b, 0x22, 0x44, 0x30, 0x25,
  0x0a, 0x09, 0x44, 0x04, 0x0f, 0x36, 0x3c, 0x5f, 0x33, 0xa1, 0xce, 0x01,
  0x25, 0x5c, 0x69, 0x32, 0x02, 0x32, 0x69, 0x5d, 0x01, 0x66, 0x9b, 0xd1,
  0x14, 0x1c, 0x1d, 0x0a, 0x0a, 0x60, 0x08, 0x19, 0x2a, 0x8d, 0x67, 0x69,
  0x95, 0x13, 0x1a, 0x1a, 0x09, 0x0a, 0x5d, 0x05, 0x0f, 0x28, 0x1e, 0x19,
  0xd4, 0x02, 0x2d, 0x88, 0x51, 0x51, 0x88, 0x00, 0x00, 0x02, 0x00, 0x21,
  0xff, 0xf4, 0x02, 0x08, 0x02, 0xc5, 0x00, 0x1e, 0x00, 0x26, 0x00, 0x00,
  0x13, 0x34, 0x36, 0x33, 0x32, 0x16, 0x1f, 0x01, 0x07, 0x2e, 0x02, 0x23,
  0x22, 0x06, 0x14, 0x16, 0x33, 0x32, 0x36, 0x3f, 0x01, 0x17, 0x0e, 0x04,
  0x23, 0x22, 0x26, 0x13, 0x27, 0x33, 0x17, 0x33, 0x37, 0x33, 0x07, 0x21,
  0x99, 0x7c, 0x3b, 0x62, 0x13, 0x14, 0x38, 0x06, 0x16, 0x45, 0x24, 0x45,
  0x56, 0x58, 0x47, 0x26, 0x4b, 0x12, 0x13, 0x31, 0x03, 0x0b, 0x28, 0x2d,
  0x49, 0x26, 0x7c, 0x99, 0xc2, 0x5c, 0x69, 0x32, 0x02, 0x32, 0x69, 0x5d,
  0x00, 0xff, 0x70, 0x9b, 0x26, 0x13, 0x13, 0x57, 0x06, 0x12, 0x1f, 0x5b,
  0x86, 0x5d, 0x20, 0x10, 0x11, 0x5a, 0x03, 0x0c, 0x1c, 0x16, 0x12, 0x99,
  0x01, 0xb0, 0x88, 0x51, 0x51, 0x88, 0x00, 0x00, 0x00, 0x03, 0x00, 0x5a,
  0x00, 0x00, 0x02, 0xb6, 0x03, 0x7d, 0x00, 0x07, 0x00, 0x10, 0x00, 0x18,
  0x00, 0x00, 0x33, 0x11, 0x33, 0x32, 0x16, 0x10, 0x06, 0x23, 0x27, 0x33,
  0x32, 0x36, 0x35, 0x34, 0x26, 0x2b, 0x01, 0x37, 0x27, 0x33, 0x17, 0x33,
  0x37, 0x33, 0x07, 0x5a, 0xf2, 0xa6, 0xc4, 0xc4, 0xa6, 0x71, 0x6a, 0x6e,
  0x7e, 0x7f, 0x6d, 0x6a, 0x40, 0x5c, 0x69, 0x32, 0x02, 0x32, 0x69, 0x5d,
  0x02, 0xc6, 0xbc, 0xfe, 0xb4, 0xbe, 0x6f, 0x7f, 0x76, 0x74, 0x7f, 0x9e,
  0x88, 0x51, 0x51, 0x88, 0x00, 0x03, 0x00, 0x23, 0xff, 0xf4, 0x02, 0xc3,
  0x02, 0xc6, 0x00, 0x1b, 0x00, 0x27, 0x00, 0x31, 0x00, 0x00, 0x13, 0x34,
  0x36, 0x33, 0x32, 0x1e, 0x02, 0x1f, 0x01, 0x33, 0x26, 0x3d, 0x01, 0x33,
  0x11, 0x23, 0x35, 0x37, 0x23, 0x0e, 0x04, 0x23, 0x22, 0x26, 0x37, 0x14,
  0x16, 0x33, 0x32, 0x36, 0x35, 0x34, 0x26, 0x23, 0x22, 0x06, 0x01, 0x33,
  0x16, 0x15, 0x14, 0x07, 0x23, 0x36, 0x35, 0x34, 0x23, 0x81, 0x66, 0x1f,
  0x36, 0x1f, 0x16, 0x04, 0x05, 0x02, 0x01, 0x7f, 0x78, 0x02, 0x02, 0x02,
  0x07, 0x1b, 0x22, 0x39, 0x21, 0x67, 0x7b, 0x80, 0x46, 0x39, 0x36, 0x4a,
  0x43, 0x3c, 0x37, 0x49, 0x01, 0xb0, 0x69, 0x07, 0x1a, 0x5e, 0x14, 0x00,
  0xff, 0x78, 0x93, 0x0d, 0x13, 0x14, 0x06, 0x07, 0x0d, 0x10, 0xe0, 0xfd,
  0x3a, 0x2a, 0x21, 0x04, 0x0b, 0x1e, 0x17, 0x13, 0x94, 0x77, 0x48, 0x58,
  0x51, 0x50, 0x40, 0x5d, 0x55, 0x01, 0x7e, 0x1c, 0x1a, 0x2b, 0x36, 0x35,
  0x22, 0x20, 0x00, 0x00, 0x00, 0x02, 0x00, 0x33, 0x00, 0x00, 0x02, 0xc9,
  0x02, 0xc6, 0x00, 0x0b, 0x00, 0x18, 0x00, 0x00, 0x13, 0x35, 0x33, 0x11,
  0x33, 0x32, 0x16, 0x10, 0x06, 0x2b, 0x01, 0x11, 0x17, 0x33, 0x32, 0x36,
  0x35, 0x34, 0x26, 0x2b, 0x01, 0x15, 0x33, 0x15, 0x23, 0x33, 0x3a, 0xf2,
  0xa6, 0xc4, 0xc4, 0xa6, 0xf2, 0x81, 0x6a, 0x6e, 0x7e, 0x7f, 0x6d, 0x6a,
  0x84, 0x84, 0x01, 0x2d, 0x69, 0x01, 0x30, 0xbc, 0xfe, 0xb4, 0xbe, 0x01,
  0x2d, 0xbe, 0x7f, 0x76, 0x74, 0x7f, 0xc1, 0x69, 0x00, 0x02, 0x00, 0x23,
  0xff, 0xf4, 0x02, 0x65, 0x02, 0xc6, 0x00, 0x23, 0x00, 0x2f, 0x00, 0x00,
  0x01, 0x35, 0x33, 0x35, 0x33, 0x15, 0x33, 0x15, 0x23, 0x11, 0x23, 0x35,
  0x37, 0x23, 0x0e, 0x04, 0x23, 0x22, 0x26, 0x35, 0x34, 0x36, 0x33, 0x32,
  0x1e, 0x02, 0x1f, 0x01, 0x33, 0x26, 0x3d, 0x01, 0x03, 0x14, 0x16, 0x33,
  0x32, 0x36, 0x35, 0x34, 0x26, 0x23, 0x22, 0x06, 0x01, 0x1e, 0x80, 0x7f,
  0x48, 0x48, 0x78, 0x02, 0x02, 0x02, 0x07, 0x1b, 0x22, 0x39, 0x21, 0x67,
  0x7b, 0x81, 0x66, 0x1f, 0x36, 0x1f, 0x16, 0x04, 0x05, 0x02, 0x01, 0xfb,
  0x46, 0x39, 0x36, 0x4a, 0x43, 0x3c, 0x37, 0x49, 0x02, 0x2f, 0x4c, 0x4b,
  0x4b, 0x4c, 0xfd, 0xd1, 0x2a, 0x21, 0x04, 0x0b, 0x1e, 0x17, 0x13, 0x94,
  0x77, 0x78, 0x93, 0x0d, 0x13, 0x14, 0x06, 0x07, 0x0d, 0x10, 0x49, 0xfe,
  0xd0, 0x48, 0x58, 0x51, 0x50, 0x40, 0x5d, 0x55, 0x00, 0x02, 0x00, 0x5a,
  0x00, 0x00, 0x02, 0x13, 0x03, 0x66, 0x00, 0x0b, 0x00, 0x0f, 0x00, 0x00,
  0x33, 0x11, 0x21, 0x15, 0x21, 0x15, 0x33, 0x15, 0x23, 0x15, 0x21, 0x15,
  0x01, 0x35, 0x21, 0x15, 0x5a, 0x01, 0xa9, 0xfe, 0xd8, 0xef, 0xef, 0x01,
  0x38, 0xfe, 0xa3, 0x01, 0x06, 0x02, 0xc6, 0x6f, 0xba, 0x6f, 0xbf, 0x6f,
  0x03, 0x0f, 0x57, 0x57, 0x00, 0x03, 0x00, 0x22, 0xff, 0xf4, 0x02, 0x07,
  0x02, 0xae, 0x00, 0x18, 0x00, 0x1f, 0x00, 0x23, 0x00, 0x00, 0x13, 0x34,
  0x36, 0x33, 0x32, 0x16, 0x15, 0x07, 0x21, 0x1e, 0x01, 0x33, 0x32, 0x36,
  0x3f, 0x01, 0x17, 0x0e, 0x04, 0x23, 0x22, 0x26, 0x37, 0x33, 0x2e, 0x01,
  0x23, 0x22, 0x06, 0x27, 0x35, 0x21, 0x15, 0x22, 0x91, 0x72, 0x6b, 0x77,
  0x03, 0xfe, 0xa0, 0x06, 0x57, 0x3c, 0x24, 0x4a, 0x13, 0x12, 0x31, 0x03,
  0x0c, 0x29, 0x2c, 0x45, 0x24, 0x7b, 0x97, 0x86, 0xdf, 0x01, 0x39, 0x2b,
  0x31, 0x40, 0x11, 0x01, 0x06, 0x00, 0xff, 0x76, 0x95, 0x89, 0x69, 0x31,
  0x40, 0x47, 0x1c, 0x0e, 0x0e, 0x5b, 0x03, 0x0a, 0x19, 0x13, 0x10, 0x9b,
  0xaf, 0x32, 0x38, 0x38, 0xe7, 0x57, 0x57, 0x00, 0x00, 0x02, 0x00, 0x5a,
  0x00, 0x00, 0x02, 0x13, 0x03, 0x7d, 0x00, 0x0b, 0x00, 0x1d, 0x00, 0x00,
  0x33, 0x11, 0x21, 0x15, 0x21, 0x15, 0x33, 0x15, 0x23, 0x15, 0x21, 0x15,
  0x03, 0x22, 0x26, 0x3d, 0x01, 0x33, 0x15, 0x14, 0x16, 0x33, 0x32, 0x36,
  0x3d, 0x01, 0x33, 0x15, 0x14, 0x06, 0x5a, 0x01, 0xa9, 0xfe, 0xd8, 0xef,
  0xef, 0x01, 0x38, 0xda, 0x3f, 0x56, 0x5a, 0x22, 0x19, 0x17, 0x23, 0x5a,
  0x56, 0x02, 0xc6, 0x6f, 0xba, 0x6f, 0xbf, 0x6f, 0x02, 0xf1, 0x44, 0x3c,
  0x0c, 0x0c, 0x1d, 0x1e, 0x1f, 0x1d, 0x0b, 0x0c, 0x3c, 0x44, 0x00, 0x00,
  0x00, 0x03, 0x00, 0x22, 0xff, 0xf4, 0x02, 0x07, 0x02, 0xc5, 0x00, 0x18,
  0x00, 0x1f, 0x00, 0x31, 0x00, 0x00, 0x13, 0x34, 0x36, 0x33, 0x32, 0x16,
  0x15, 0x07, 0x21, 0x1e, 0x01, 0x33, 0x32, 0x36, 0x3f, 0x01, 0x17, 0x0e,
  0x04, 0x23, 0x22, 0x26, 0x37, 0x33, 0x2e, 0x01, 0x23, 0x22, 0x06, 0x37,
  0x22, 0x26, 0x3d, 0x01, 0x33, 0x15, 0x14, 0x16, 0x33, 0x32, 0x36, 0x3d,
  0x01, 0x33, 0x15, 0x14, 0x06, 0x22, 0x91, 0x72, 0x6b, 0x77, 0x03, 0xfe,
  0xa0, 0x06, 0x57, 0x3c, 0x24, 0x4a, 0x13, 0x12, 0x31, 0x03, 0x0c, 0x29,
  0x2c, 0x45, 0x24, 0x7b, 0x97, 0x86, 0xdf, 0x01, 0x39, 0x2b, 0x31, 0x40,
  0x72, 0x3f, 0x56, 0x5a, 0x22, 0x19, 0x17, 0x23, 0x5a, 0x56, 0x00, 0xff,
  0x76, 0x95, 0x89, 0x69, 0x31, 0x40, 0x47, 0x1c, 0x0e, 0x0e, 0x5b, 0x03,
  0x0a, 0x19, 0x13, 0x10, 0x9b, 0xaf, 0x32, 0x38, 0x38, 0xc9, 0x44, 0x3c,
  0x0c, 0x0c, 0x1d, 0x1e, 0x1f, 0x1d, 0x0b, 0x0c, 0x3c, 0x44, 0x00, 0x00,
  0x00, 0x02, 0x00, 0x5a, 0x00, 0x00, 0x02, 0x13, 0x03, 0x7d, 0x00, 0x0b,
  0x00, 0x0f, 0x00, 0x00, 0x33, 0x11, 0x21, 0x15, 0x21, 0x15, 0x33, 0x15,
  0x23, 0x15, 0x21, 0x15, 0x01, 0x35, 0x33, 0x15, 0x5a, 0x01, 0xa9, 0xfe,
  0xd8, 0xef, 0xef, 0x01, 0x38, 0xfe, 0xf0, 0x6c, 0x02, 0xc6, 0x6f, 0xba,
  0x6f, 0xbf, 0x6f, 0x03, 0x0e, 0x6f, 0x6f, 0x00, 0x00, 0x03, 0x00, 0x22,
  0xff, 0xf4, 0x02, 0x07, 0x02, 0xc5, 0x00, 0x18, 0x00, 0x1f, 0x00, 0x23,
  0x00, 0x00, 0x13, 0x34, 0x36, 0x33, 0x32, 0x16, 0x15, 0x07, 0x21, 0x1e,
  0x01, 0x33, 0x32, 0x36, 0x3f, 0x01, 0x17, 0x0e, 0x04, 0x23, 0x22, 0x26,
  0x37, 0x33, 0x2e, 0x01, 0x23, 0x22, 0x06, 0x37, 0x35, 0x33, 0x15, 0x22,
  0x91, 0x72, 0x6b, 0x77, 0x03, 0xfe, 0xa0, 0x06, 0x57, 0x3c, 0x24, 0x4a,
  0x13, 0x12, 0x31, 0x03, 0x0c, 0x29, 0x2c, 0x45, 0x24, 0x7b, 0x97, 0x86,
  0xdf, 0x01, 0x39, 0x2b, 0x31, 0x40, 0x3c, 0x6c, 0x00, 0xff, 0x76, 0x95,
  0x89, 0x69, 0x31, 0x40, 0x47, 0x1c, 0x0e, 0x0e, 0x5b, 0x03, 0x0a, 0x19,
  0x13, 0x10, 0x9b, 0xaf, 0x32, 0x38, 0x38, 0xe6, 0x6f, 0x6f, 0x00, 0x00,
  0x00, 0x01, 0x00, 0x5a, 0xff, 0x30, 0x02, 0x13, 0x02, 0xc6, 0x00, 0x1b,
  0x00, 0x00, 0x33, 0x11, 0x21, 0x15, 0x21, 0x15, 0x33, 0x15, 0x23, 0x15,
  0x21, 0x15, 0x06, 0x15, 0x14, 0x16, 0x1f, 0x01, 0x07, 0x22, 0x2e, 0x03,
  0x35, 0x34, 0x37, 0x35, 0x5a, 0x01, 0xa9, 0xfe, 0xd8, 0xef, 0xef, 0x01,
  0x38, 0x38, 0x19, 0x0c, 0x0c, 0x1f, 0x05, 0x10, 0x2a, 0x21, 0x1a, 0x43,
  0x02, 0xc6, 0x6f, 0xba, 0x6f, 0xbf, 0x6f, 0x2f, 0x1f, 0x0e, 0x12, 0x02,
  0x02, 0x5e, 0x03, 0x0d, 0x13, 0x25, 0x18, 0x39, 0x35, 0x02, 0x00, 0x00,
  0x00, 0x02, 0x00, 0x22, 0xff, 0x30, 0x02, 0x07, 0x02, 0x0a, 0x00, 0x26,
  0x00, 0x2d, 0x00, 0x00, 0x13, 0x34, 0x36, 0x33, 0x32, 0x16, 0x15, 0x07,
  0x21, 0x1e, 0x01, 0x33, 0x32, 0x36, 0x3f, 0x01, 0x17, 0x0e, 0x02, 0x15,
  0x14, 0x16, 0x1f, 0x01, 0x07, 0x22, 0x2e, 0x03, 0x35, 0x34, 0x37, 0x35,
  0x06, 0x23, 0x22, 0x26, 0x37, 0x33, 0x2e, 0x01, 0x23, 0x22, 0x06, 0x22,
  0x91, 0x72, 0x6b, 0x77, 0x03, 0xfe, 0xa0, 0x06, 0x56, 0x3d, 0x24, 0x4a,
  0x13, 0x12, 0x31, 0x09, 0x49, 0x2a, 0x19, 0x0c, 0x0c, 0x1f, 0x05, 0x10,
  0x2a, 0x21, 0x1a, 0x3a, 0x12, 0x11, 0x7b, 0x97, 0x86, 0xdf, 0x01, 0x39,
  0x2b, 0x31, 0x40, 0x00, 0xff, 0x76, 0x95, 0x89, 0x69, 0x31, 0x42, 0x45,
  0x1c, 0x0e, 0x0e, 0x5a, 0x09, 0x35, 0x32, 0x1c, 0x0e, 0x12, 0x02, 0x02,
  0x5e, 0x03, 0x0d, 0x13, 0x25, 0x18, 0x33, 0x32, 0x02, 0x03, 0x9b, 0xaf,
  0x32, 0x38, 0x38, 0x00, 0x00, 0x02, 0x00, 0x5a, 0x00, 0x00, 0x02, 0x13,
  0x03, 0x7d, 0x00, 0x0b, 0x00, 0x13, 0x00, 0x00, 0x33, 0x11, 0x21, 0x15,
  0x21, 0x15, 0x33, 0x15, 0x23, 0x15, 0x21, 0x15, 0x01, 0x27, 0x33, 0x17,
  0x33, 0x37, 0x33, 0x07, 0x5a, 0x01, 0xa9, 0xfe, 0xd8, 0xef, 0xef, 0x01,
  0x38, 0xfe, 0xe6, 0x5c, 0x69, 0x32, 0x02, 0x32, 0x69, 0x5d, 0x02, 0xc6,
  0x6f, 0xba, 0x6f, 0xbf, 0x6f, 0x02, 0xf5, 0x88, 0x51, 0x51, 0x88, 0x00,
  0x00, 0x03, 0x00, 0x22, 0xff, 0xf4, 0x02, 0x07, 0x02, 0xc5, 0x00, 0x18,
  0x00, 0x1f, 0x00, 0x27, 0x00, 0x00, 0x13, 0x34, 0x36, 0x33, 0x32, 0x16,
  0x15, 0x07, 0x21, 0x1e, 0x01, 0x33, 0x32, 0x36, 0x3f, 0x01, 0x17, 0x0e,
  0x04, 0x23, 0x22, 0x26, 0x37, 0x33, 0x2e, 0x01, 0x23, 0x22, 0x06, 0x37,
  0x27, 0x33, 0x17, 0x33, 0x37, 0x33, 0x07, 0x22, 0x91, 0x72, 0x6b, 0x77,
  0x03, 0xfe, 0xa0, 0x06, 0x57, 0x3c, 0x24, 0x4a, 0x13, 0x12, 0x31, 0x03,
  0x0c, 0x29, 0x2c, 0x45, 0x24, 0x7b, 0x97, 0x86, 0xdf, 0x01, 0x39, 0x2b,
  0x31, 0x40, 0x31, 0x5c, 0x69, 0x32, 0x02, 0x32, 0x69, 0x5d, 0x00, 0xff,
  0x76, 0x95, 0x89, 0x69, 0x31, 0x40, 0x47, 0x1c, 0x0e, 0x0e, 0x5b, 0x03,
  0x0a, 0x19, 0x13, 0x10, 0x9b, 0xaf, 0x32, 0x38, 0x38, 0xcd, 0x88, 0x51,
  0x51, 0x88, 0x00, 0x00, 0x00, 0x02, 0x00, 0x2a, 0xff, 0xf4, 0x02, 0xc3,
  0x03, 0x7d, 0x00, 0x29, 0x00, 0x31, 0x00, 0x00, 0x13, 0x34, 0x36, 0x33,
  0x32, 0x1e, 0x02, 0x1f, 0x01, 0x07, 0x2e, 0x02, 0x23, 0x22, 0x06, 0x15,
  0x14, 0x16, 0x33, 0x32, 0x36, 0x3f, 0x01, 0x35, 0x23, 0x35, 0x33, 0x11,
  0x23, 0x35, 0x37, 0x23, 0x0e, 0x04, 0x23, 0x22, 0x26, 0x13, 0x37, 0x33,
  0x17, 0x23, 0x27, 0x23, 0x07, 0x2a, 0xd1, 0x9d, 0x31, 0x5a, 0x3b, 0x2d,
  0x0b, 0x0a, 0x40, 0x09, 0x1f, 0x63, 0x32, 0x73, 0x81, 0x88, 0x66, 0x30,
  0x59, 0x14, 0x15, 0x6d, 0xe1, 0x6e, 0x01, 0x02, 0x03, 0x0c, 0x27, 0x2d,
  0x46, 0x25, 0x91, 0xcb, 0xc8, 0x5c, 0x7f, 0x5d, 0x69, 0x32, 0x02, 0x32,
  0x01, 0x64, 0x9b, 0xd3, 0x13, 0x1a, 0x1a, 0x09, 0x0a, 0x60, 0x08, 0x16,
  0x26, 0x8b, 0x69, 0x71, 0x8d, 0x25, 0x13, 0x12, 0x53, 0x6f, 0xfe, 0x8a,
  0x22, 0x1e, 0x03, 0x0a, 0x1b, 0x14, 0x10, 0xcd, 0x02, 0x34, 0x88, 0x88,
  0x51, 0x51, 0x00, 0x00, 0x00, 0x03, 0x00, 0x24, 0xff, 0x2e, 0x02, 0x16,
  0x02, 0xc5, 0x00, 0x23, 0x00, 0x2e, 0x00, 0x36, 0x00, 0x00, 0x17, 0x16,
  0x33, 0x32, 0x36, 0x3d, 0x01, 0x37, 0x23, 0x06, 0x23, 0x22, 0x26, 0x35,
  0x34, 0x36, 0x33, 0x32, 0x1e, 0x02, 0x1f, 0x01, 0x33, 0x26, 0x3d, 0x01,
  0x33, 0x11, 0x14, 0x0e, 0x02, 0x23, 0x22, 0x27, 0x13, 0x32, 0x36, 0x35,
  0x34, 0x23, 0x22, 0x06, 0x15, 0x14, 0x16, 0x03, 0x37, 0x33, 0x17, 0x23,
  0x27, 0x23, 0x07, 0x7a, 0x40, 0x4d, 0x40, 0x50, 0x02, 0x02, 0x2e, 0x60,
  0x6a, 0x7b, 0x78, 0x6a, 0x1f, 0x36, 0x21, 0x17, 0x05, 0x05, 0x03, 0x01,
  0x77, 0x2e, 0x4e, 0x5d, 0x34, 0x62, 0x53, 0xd0, 0x34, 0x42, 0x7e, 0x39,
  0x3f, 0x44, 0x5f, 0x5c, 0x7f, 0x5d, 0x69, 0x32, 0x02, 0x32, 0x45, 0x21,
  0x3c, 0x40, 0x1e, 0x1b, 0x45, 0x95, 0x6d, 0x6e, 0x90, 0x0d, 0x13, 0x14,
  0x06, 0x07, 0x06, 0x08, 0x27, 0xfe, 0x21, 0x3f, 0x60, 0x37, 0x1b, 0x2c,
  0x01, 0x1b, 0x46, 0x50, 0x93, 0x4d, 0x41, 0x45, 0x56, 0x01, 0xc8, 0x88,
  0x88, 0x51, 0x51, 0x00, 0x00, 0x02, 0x00, 0x2a, 0xff, 0xf4, 0x02, 0xc3,
  0x03, 0x7d, 0x00, 0x29, 0x00, 0x3b, 0x00, 0x00, 0x13, 0x34, 0x36, 0x33,
  0x32, 0x1e, 0x02, 0x1f, 0x01, 0x07, 0x2e, 0x02, 0x23, 0x22, 0x06, 0x15,
  0x14, 0x16, 0x33, 0x32, 0x36, 0x3f, 0x01, 0x35, 0x23, 0x35, 0x33, 0x11,
  0x23, 0x35, 0x37, 0x23, 0x0e, 0x04, 0x23, 0x22, 0x26, 0x01, 0x22, 0x26,
  0x3d, 0x01, 0x33, 0x15, 0x14, 0x16, 0x33, 0x32, 0x36, 0x3d, 0x01, 0x33,
  0x15, 0x14, 0x06, 0x2a, 0xd1, 0x9d, 0x31, 0x5a, 0x3b, 0x2d, 0x0b, 0x0a,
  0x40, 0x09, 0x1f, 0x63, 0x32, 0x73, 0x81, 0x88, 0x66, 0x30, 0x59, 0x14,
  0x15, 0x6d, 0xe1, 0x6e, 0x01, 0x02, 0x03, 0x0c, 0x27, 0x2d, 0x46, 0x25,
  0x91, 0xcb, 0x01, 0x64, 0x3f, 0x56, 0x5a, 0x22, 0x19, 0x17, 0x23, 0x5a,
  0x56, 0x01, 0x64, 0x9b, 0xd3, 0x13, 0x1a, 0x1a, 0x09, 0x0a, 0x60, 0x08,
  0x16, 0x26, 0x8b, 0x69, 0x71, 0x8d, 0x25, 0x13, 0x12, 0x53, 0x6f, 0xfe,
  0x8a, 0x22, 0x1e, 0x03, 0x0a, 0x1b, 0x14, 0x10, 0xcd, 0x02, 0x30, 0x44,
  0x3c, 0x0c, 0x0c, 0x1d, 0x1e, 0x1f, 0x1d, 0x0b, 0x0c, 0x3c, 0x44, 0x00,
  0x00, 0x03, 0x00, 0x24, 0xff, 0x2e, 0x02, 0x16, 0x02, 0xc5, 0x00, 0x23,
  0x00, 0x2e, 0x00, 0x40, 0x00, 0x00, 0x17, 0x16, 0x33, 0x32, 0x36, 0x3d,
  0x01, 0x37, 0x23, 0x06, 0x23, 0x22, 0x26, 0x35, 0x34, 0x36, 0x33, 0x32,
  0x1e, 0x02, 0x1f, 0x01, 0x33, 0x26, 0x3d, 0x01, 0x33, 0x11, 0x14, 0x0e,
  0x02, 0x23, 0x22, 0x27, 0x13, 0x32, 0x36, 0x35, 0x34, 0x23, 0x22, 0x06,
  0x15, 0x14, 0x16, 0x13, 0x22, 0x26, 0x3d, 0x01, 0x33, 0x15, 0x14, 0x16,
  0x33, 0x32, 0x36, 0x3d, 0x01, 0x33, 0x15, 0x14, 0x06, 0x7a, 0x40, 0x4d,
  0x40, 0x50, 0x02, 0x02, 0x2e, 0x60, 0x6a, 0x7b, 0x78, 0x6a, 0x1f, 0x36,
  0x21, 0x17, 0x05, 0x05, 0x03, 0x01, 0x77, 0x2e, 0x4e, 0x5d, 0x34, 0x62,
  0x53, 0xd0, 0x34, 0x42, 0x7e, 0x39, 0x3f, 0x44, 0x3d, 0x3f, 0x56, 0x5a,
  0x22, 0x19, 0x17, 0x23, 0x5a, 0x56, 0x45, 0x21, 0x3c, 0x40, 0x1e, 0x1b,
  0x45, 0x95, 0x6d, 0x6e, 0x90, 0x0d, 0x13, 0x14, 0x06, 0x07, 0x06, 0x08,
  0x27, 0xfe, 0x21, 0x3f, 0x60, 0x37, 0x1b, 0x2c, 0x01, 0x1b, 0x46, 0x50,
  0x93, 0x4d, 0x41, 0x45, 0x56, 0x01, 0xc4, 0x44, 0x3c, 0x0c, 0x0c, 0x1d,
  0x1e, 0x1f, 0x1d, 0x0b, 0x0c, 0x3c, 0x44, 0x00, 0x00, 0x02, 0x00, 0x2a,
  0xff, 0xf4, 0x02, 0xc3, 0x03, 0x7d, 0x00, 0x29, 0x00, 0x2d, 0x00, 0x00,
  0x13, 0x34, 0x36, 0x33, 0x32, 0x1e, 0x02, 0x1f, 0x01, 0x07, 0x2e, 0x02,
  0x23, 0x22, 0x06, 0x15, 0x14, 0x16, 0x33, 0x32, 0x36, 0x3f, 0x01, 0x35,
  0x23, 0x35, 0x33, 0x11, 0x23, 0x35, 0x37, 0x23, 0x0e, 0x04, 0x23, 0x22,
  0x26, 0x01, 0x35, 0x33, 0x15, 0x2a, 0xd1, 0x9d, 0x31, 0x5a, 0x3b, 0x2d,
  0x0b, 0x0a, 0x40, 0x09, 0x1f, 0x63, 0x32, 0x73, 0x81, 0x88, 0x66, 0x30,
  0x59, 0x14, 0x15, 0x6d, 0xe1, 0x6e, 0x01, 0x02, 0x03, 0x0c, 0x27, 0x2d,
  0x46, 0x25, 0x91, 0xcb, 0x01, 0x2e, 0x6c, 0x01, 0x64, 0x9b, 0xd3, 0x13,
  0x1a, 0x1a, 0x09, 0x0a, 0x60, 0x08, 0x16, 0x26, 0x8b, 0x69, 0x71, 0x8d,
  0x25, 0x13, 0x12, 0x53, 0x6f, 0xfe, 0x8a, 0x22, 0x1e, 0x03, 0x0a, 0x1b,
  0x14, 0x10, 0xcd, 0x02, 0x4d, 0x6f, 0x6f, 0x00, 0x00, 0x03, 0x00, 0x24,
  0xff, 0x2e, 0x02, 0x16, 0x02, 0xc5, 0x00, 0x23, 0x00, 0x2e, 0x00, 0x32,
  0x00, 0x00, 0x17, 0x16, 0x33, 0x32, 0x36, 0x3d, 0x01, 0x37, 0x23, 0x06,
  0x23, 0x22, 0x26, 0x35, 0x34, 0x36, 0x33, 0x32, 0x1e, 0x02, 0x1f, 0x01,
  0x33, 0x26, 0x3d, 0x01, 0x33, 0x11, 0x14, 0x0e, 0x02, 0x23, 0x22, 0x27,
  0x13, 0x32, 0x36, 0x35, 0x34, 0x23, 0x22, 0x06, 0x15, 0x14, 0x16, 0x13,
  0x35, 0x33, 0x15, 0x7a, 0x40, 0x4d, 0x40, 0x50, 0x02, 0x02, 0x2e, 0x60,
  0x6a, 0x7b, 0x78, 0x6a, 0x1f, 0x36, 0x21, 0x17, 0x05, 0x05, 0x03, 0x01,
  0x77, 0x2e, 0x4e, 0x5d, 0x34, 0x62, 0x53, 0xd0, 0x34, 0x42, 0x7e, 0x39,
  0x3f, 0x44, 0x07, 0x6c, 0x45, 0x21, 0x3c, 0x40, 0x1e, 0x1b, 0x45, 0x95,
  0x6d, 0x6e, 0x90, 0x0d, 0x13, 0x14, 0x06, 0x07, 0x06, 0x08, 0x27, 0xfe,
  0x21, 0x3f, 0x60, 0x37, 0x1b, 0x2c, 0x01, 0x1b, 0x46, 0x50, 0x93, 0x4d,
  0x41, 0x45, 0x56, 0x01, 0xe1, 0x6f, 0x6f, 0x00, 0x00, 0x02, 0x00, 0x2a,
  0xff, 0x32, 0x02, 0xc3, 0x02, 0xd2, 0x00, 0x29, 0x00, 0x33, 0x00, 0x00,
  0x13, 0x34, 0x36, 0x33, 0x32, 0x1e, 0x02, 0x1f, 0x01, 0x07, 0x2e, 0x02,
  0x23, 0x22, 0x06, 0x15, 0x14, 0x16, 0x33, 0x32, 0x36, 0x3f, 0x01, 0x35,
  0x23, 0x35, 0x33, 0x11, 0x23, 0x35, 0x37, 0x23, 0x0e, 0x04, 0x23, 0x22,
  0x26, 0x05, 0x33, 0x16, 0x15, 0x14, 0x07, 0x23, 0x36, 0x35, 0x34, 0x2a,
  0xd1, 0x9d, 0x31, 0x5a, 0x3b, 0x2d, 0x0b, 0x0a, 0x40, 0x09, 0x1f, 0x63,
  0x32, 0x73, 0x81, 0x88, 0x66, 0x30, 0x59, 0x14, 0x15, 0x6d, 0xe1, 0x6e,
  0x01, 0x02, 0x03, 0x0c, 0x27, 0x2d, 0x46, 0x25, 0x91, 0xcb, 0x01, 0x26,
  0x69, 0x07, 0x1a, 0x5e, 0x14, 0x01, 0x64, 0x9b, 0xd3, 0x13, 0x1a, 0x1a,
  0x09, 0x0a, 0x60, 0x08, 0x16, 0x26, 0x8b, 0x69, 0x71, 0x8d, 0x25, 0x13,
  0x12, 0x53, 0x6f, 0xfe, 0x8a, 0x22, 0x1e, 0x03, 0x0a, 0x1b, 0x14, 0x10,
  0xcd, 0xf8, 0x1c, 0x1a, 0x2b, 0x36, 0x35, 0x22, 0x20, 0x00, 0x00, 0x00,
  0x00, 0x03, 0x00, 0x24, 0xff, 0x2e, 0x02, 0x16, 0x02, 0xc5, 0x00, 0x23,
  0x00, 0x2e, 0x00, 0x37, 0x00, 0x00, 0x17, 0x16, 0x33, 0x32, 0x36, 0x3d,
  0x01, 0x37, 0x23, 0x06, 0x23, 0x22, 0x26, 0x35, 0x34, 0x36, 0x33, 0x32,
  0x1e, 0x02, 0x1f, 0x01, 0x33, 0x26, 0x3d, 0x01, 0x33, 0x11, 0x14, 0x0e,
  0x02, 0x23, 0x22, 0x27, 0x13, 0x32, 0x36, 0x35, 0x34, 0x23, 0x22, 0x06,
  0x15, 0x14, 0x16, 0x13, 0x23, 0x26, 0x35, 0x34, 0x37, 0x33, 0x06, 0x14,
  0x7a, 0x40, 0x4d, 0x40, 0x50, 0x02, 0x02, 0x2e, 0x60, 0x6a, 0x7b, 0x78,
  0x6a, 0x1f, 0x36, 0x21, 0x17, 0x05, 0x05, 0x03, 0x01, 0x77, 0x2e, 0x4e,
  0x5d, 0x34, 0x62, 0x53, 0xd0, 0x34, 0x42, 0x7e, 0x39, 0x3f, 0x44, 0x74,
  0x69, 0x07, 0x1a, 0x5d, 0x13, 0x45, 0x21, 0x3c, 0x40, 0x1e, 0x1b, 0x45,
  0x95, 0x6d, 0x6e, 0x90, 0x0d, 0x13, 0x14, 0x06, 0x07, 0x06, 0x08, 0x27,
  0xfe, 0x21, 0x3f, 0x60, 0x37, 0x1b, 0x2c, 0x01, 0x1b, 0x46, 0x50, 0x93,
  0x4d, 0x41, 0x45, 0x56, 0x01, 0xbd, 0x1b, 0x19, 0x2b, 0x34, 0x36, 0x3e,
  0x00, 0x02, 0x00, 0x5a, 0x00, 0x00, 0x02, 0xa1, 0x03, 0x7d, 0x00, 0x0b,
  0x00, 0x13, 0x00, 0x00, 0x33, 0x11, 0x33, 0x11, 0x21, 0x11, 0x33, 0x11,
  0x23, 0x11, 0x21, 0x11, 0x13, 0x37, 0x33, 0x17, 0x23, 0x27, 0x23, 0x07,
  0x5a, 0x81, 0x01, 0x45, 0x81, 0x81, 0xfe, 0xbb, 0x06, 0x5c, 0x7f, 0x5d,
  0x69, 0x32, 0x02, 0x32, 0x02, 0xc6, 0xfe, 0xd3, 0x01, 0x2d, 0xfd, 0x3a,
  0x01, 0x2a, 0xfe, 0xd6, 0x02, 0xf5, 0x88, 0x88, 0x51, 0x51, 0x00, 0x00,
  0x00, 0x02, 0xff, 0xea, 0x00, 0x00, 0x02, 0x26, 0x03, 0x7d, 0x00, 0x16,
  0x00, 0x1e, 0x00, 0x00, 0x33, 0x11, 0x33, 0x15, 0x07, 0x33, 0x3e, 0x01,
  0x33, 0x32, 0x15, 0x11, 0x23, 0x11, 0x34, 0x26, 0x23, 0x22, 0x06, 0x07,
  0x06, 0x1d, 0x01, 0x03, 0x37, 0x33, 0x17, 0x23, 0x27, 0x23, 0x07, 0x46,
  0x7f, 0x02, 0x02, 0x15, 0x5d, 0x3e, 0xb1, 0x7e, 0x23, 0x2e, 0x31, 0x4a,
  0x0f, 0x08, 0xdb, 0x5c, 0x7f, 0x5d, 0x69, 0x32, 0x02, 0x32, 0x02, 0xc6,
  0xf6, 0x2b, 0x29, 0x3c, 0xc2, 0xfe, 0xb8, 0x01, 0x2e, 0x33, 0x35, 0x3b,
  0x2f, 0x1b, 0x27, 0xea, 0x02, 0xf5, 0x88, 0x88, 0x51, 0x51, 0x00, 0x00,
  0x00, 0x02, 0x00, 0x32, 0x00, 0x00, 0x02, 0xf4, 0x02, 0xc6, 0x00, 0x13,
  0x00, 0x17, 0x00, 0x00, 0x33, 0x11, 0x23, 0x35, 0x33, 0x35, 0x33, 0x15,
  0x21, 0x35, 0x33, 0x15, 0x33, 0x15, 0x23, 0x11, 0x23, 0x11, 0x21, 0x19,
  0x01, 0x21, 0x35, 0x21, 0x6f, 0x3d, 0x3d, 0x81, 0x01, 0x44, 0x82, 0x3e,
  0x3e, 0x82, 0xfe, 0xbc, 0x01, 0x44, 0xfe, 0xbc, 0x02, 0x03, 0x53, 0x70,
  0x70, 0x70, 0x70, 0x53, 0xfd, 0xfd, 0x01, 0x2a, 0xfe, 0xd6, 0x01, 0x99,
  0x6a, 0x00, 0x00, 0x00, 0x00, 0x01, 0x00, 0x04, 0x00, 0x00, 0x02, 0x26,
  0x02, 0xc6, 0x00, 0x1e, 0x00, 0x00, 0x13, 0x35, 0x33, 0x35, 0x33, 0x15,
  0x33, 0x15, 0x23, 0x15, 0x07, 0x33, 0x3e, 0x01, 0x33, 0x32, 0x15, 0x11,
  0x23, 0x11, 0x34, 0x26, 0x23, 0x22, 0x06, 0x07, 0x06, 0x1d, 0x01, 0x23,
  0x11, 0x04, 0x42, 0x7f, 0x85, 0x85, 0x02, 0x02, 0x15, 0x5d, 0x3e, 0xb1,
  0x7e, 0x23, 0x2e, 0x31, 0x4a, 0x0f, 0x08, 0x7f, 0x02, 0x2f, 0x4c, 0x4b,
  0x4b, 0x4c, 0x5f, 0x2b, 0x29, 0x3c, 0xc2, 0xfe, 0xb8, 0x01, 0x2e, 0x33,
  0x35, 0x3b, 0x2f, 0x1b, 0x27, 0xea, 0x02, 0x2f, 0x00, 0x02, 0xff, 0xe6,
  0x00, 0x00, 0x01, 0x51, 0x03, 0x7f, 0x00, 0x03, 0x00, 0x15, 0x00, 0x00,
  0x33, 0x11, 0x33, 0x11, 0x03, 0x34, 0x33, 0x32, 0x1e, 0x01, 0x33, 0x32,
  0x35, 0x33, 0x14, 0x23, 0x22, 0x2e, 0x01, 0x23, 0x22, 0x15, 0x5a, 0x81,
  0xf5, 0x70, 0x1d, 0x2d, 0x24, 0x10, 0x27, 0x56, 0x70, 0x1d, 0x2d, 0x24,
  0x10, 0x26, 0x02, 0xc6, 0xfd, 0x3a, 0x02, 0xf6, 0x89, 0x21, 0x20, 0x3e,
  0x89, 0x21, 0x20, 0x3e, 0x00, 0x02, 0xff, 0xd0, 0x00, 0x00, 0x01, 0x3b,
  0x02, 0xc7, 0x00, 0x11, 0x00, 0x15, 0x00, 0x00, 0x03, 0x34, 0x33, 0x32,
  0x1e, 0x01, 0x33, 0x32, 0x35, 0x33, 0x14, 0x23, 0x22, 0x2e, 0x01, 0x23,
  0x22, 0x15, 0x13, 0x11, 0x33, 0x11, 0x30, 0x70, 0x1d, 0x2d, 0x24, 0x10,
  0x27, 0x56, 0x70, 0x1d, 0x2d, 0x24, 0x10, 0x26, 0x1f, 0x7f, 0x02, 0x3e,
  0x89, 0x21, 0x20, 0x3e, 0x89, 0x21, 0x20, 0x3e, 0xfd, 0xc2, 0x01, 0xfe,
  0xfe, 0x02, 0x00, 0x00, 0x00, 0x02, 0x00, 0x19, 0x00, 0x00, 0x01, 0x1f,
  0x03, 0x66, 0x00, 0x03, 0x00, 0x07, 0x00, 0x00, 0x33, 0x11, 0x33, 0x11,
  0x03, 0x35, 0x21, 0x15, 0x5a, 0x81, 0xc2, 0x01, 0x06, 0x02, 0xc6, 0xfd,
  0x3a, 0x03, 0x0f, 0x57, 0x57, 0x00, 0x00, 0x00, 0x00, 0x02, 0x00, 0x03,
  0x00, 0x00, 0x01, 0x09, 0x02, 0xae, 0x00, 0x03, 0x00, 0x07, 0x00, 0x00,
  0x13, 0x35, 0x21, 0x15, 0x03, 0x11, 0x33, 0x11, 0x03, 0x01, 0x06, 0xc3,
  0x7f, 0x02, 0x57, 0x57, 0x57, 0xfd, 0xa9, 0x01, 0xfe, 0xfe, 0x02, 0x00,
  0x00, 0x02, 0x00, 0x07, 0x00, 0x00, 0x01, 0x30, 0x03, 0x7d, 0x00, 0x03,
  0x00, 0x15, 0x00, 0x00, 0x33, 0x11, 0x33, 0x11, 0x03, 0x22, 0x26, 0x3d,
  0x01, 0x33, 0x15, 0x14, 0x16, 0x33, 0x32, 0x36, 0x3d, 0x01, 0x33, 0x15,
  0x14, 0x06, 0x5a, 0x81, 0x3f, 0x3f, 0x56, 0x5a, 0x22, 0x19, 0x17, 0x23,
  0x5a, 0x56, 0x02, 0xc6, 0xfd, 0x3a, 0x02, 0xf1, 0x44, 0x3c, 0x0c, 0x0c,
  0x1d, 0x1e, 0x1f, 0x1d, 0x0b, 0x0c, 0x3c, 0x44, 0x00, 0x02, 0xff, 0xf1,
  0x00, 0x00, 0x01, 0x1a, 0x02, 0xc5, 0x00, 0x11, 0x00, 0x15, 0x00, 0x00,
  0x13, 0x22, 0x26, 0x3d, 0x01, 0x33, 0x15, 0x14, 0x16, 0x33, 0x32, 0x36,
  0x3d, 0x01, 0x33, 0x15, 0x14, 0x06, 0x03, 0x11, 0x33, 0x11, 0x86, 0x3f,
  0x56, 0x5a, 0x22, 0x19, 0x17, 0x23, 0x5a, 0x56, 0x7e, 0x7f, 0x02, 0x39,
  0x44, 0x3c, 0x0c, 0x0c, 0x1d, 0x1e, 0x1f, 0x1d, 0x0b, 0x0c, 0x3c, 0x44,
  0xfd, 0xc7, 0x01, 0xfe, 0xfe, 0x02, 0x00, 0x00, 0x00, 0x01, 0x00, 0x3e,
  0xff, 0x30, 0x00, 0xdb, 0x02, 0xc6, 0x00, 0x13, 0x00, 0x00, 0x33, 0x11,
  0x33, 0x11, 0x06, 0x15, 0x14, 0x16, 0x1f, 0x01, 0x07, 0x22, 0x2e, 0x03,
  0x35, 0x34, 0x37, 0x35, 0x5a, 0x81, 0x35, 0x18, 0x0c, 0x0d, 0x1e, 0x05,
  0x11, 0x2a, 0x20, 0x1b, 0x3e, 0x02, 0xc6, 0xfd, 0x3a, 0x2f, 0x1f, 0x0e,
  0x12, 0x02, 0x02, 0x5e, 0x03, 0x0d, 0x13, 0x25, 0x18, 0x3d, 0x31, 0x02,
  0x00, 0x02, 0x00, 0x28, 0xff, 0x30, 0x00, 0xc5, 0x02, 0xc6, 0x00, 0x13,
  0x00, 0x17, 0x00, 0x00, 0x33, 0x11, 0x33, 0x11, 0x06, 0x15, 0x14, 0x16,
  0x1f, 0x01, 0x07, 0x22, 0x2e, 0x03, 0x35, 0x34, 0x37, 0x35, 0x03, 0x35,
  0x33, 0x15, 0x46, 0x7f, 0x35, 0x18, 0x0c, 0x0d, 0x1f, 0x05, 0x10, 0x2a,
  0x21, 0x1a, 0x3e, 0x20, 0x7e, 0x01, 0xfe, 0xfe, 0x02, 0x2d, 0x21, 0x0e,
  0x12, 0x02, 0x02, 0x5e, 0x03, 0x0d, 0x13, 0x25, 0x18, 0x3d, 0x31, 0x02,
  0x02, 0x55, 0x71, 0x71, 0x00, 0x02, 0x00, 0x5a, 0x00, 0x00, 0x00, 0xdb,
  0x03, 0x7d, 0x00, 0x03, 0x00, 0x07, 0x00, 0x00, 0x33, 0x11, 0x33, 0x11,
  0x03, 0x35, 0x33, 0x15, 0x5a, 0x81, 0x75, 0x6c, 0x02, 0xc6, 0xfd, 0x3a,
  0x03, 0x0e, 0x6f, 0x6f, 0x00, 0x01, 0x00, 0x46, 0x00, 0x00, 0x00, 0xc5,
  0x01, 0xfe, 0x00, 0x03, 0x00, 0x00, 0x33, 0x11, 0x33, 0x11, 0x46, 0x7f,
  0x01, 0xfe, 0xfe, 0x02, 0x00, 0x02, 0x00, 0x5a, 0xff, 0xfc, 0x02, 0x32,
  0x02, 0xc6, 0x00, 0x0d, 0x00, 0x11, 0x00, 0x00, 0x05, 0x35, 0x32, 0x3e,
  0x02, 0x35, 0x11, 0x33, 0x11, 0x14, 0x0e, 0x02, 0x25, 0x11, 0x33, 0x11,
  0x01, 0x2d, 0x16, 0x29, 0x2a, 0x19, 0x83, 0x2f, 0x51, 0x53, 0xfe, 0xfb,
  0x81, 0x04, 0x75, 0x0c, 0x1c, 0x3a, 0x29, 0x01, 0xca, 0xfe, 0x34, 0x4c,
  0x6a, 0x33, 0x15, 0x04, 0x02, 0xc6, 0xfd, 0x3a, 0x00, 0x04, 0x00, 0x46,
  0xff, 0x31, 0x01, 0xd4, 0x02, 0xc6, 0x00, 0x03, 0x00, 0x07, 0x00, 0x0b,
  0x00, 0x1d, 0x00, 0x00, 0x13, 0x35, 0x33, 0x15, 0x03, 0x11, 0x33, 0x11,
  0x13, 0x35, 0x33, 0x15, 0x07, 0x33, 0x11, 0x14, 0x0e, 0x03, 0x23, 0x27,
  0x35, 0x16, 0x33, 0x32, 0x3e, 0x02, 0x35, 0x46, 0x7e, 0x7e, 0x7f, 0x90,
  0x7e, 0x7e, 0x7f, 0x20, 0x2d, 0x3e, 0x31, 0x19, 0x27, 0x09, 0x0d, 0x11,
  0x1e, 0x23, 0x15, 0x02, 0x55, 0x71, 0x71, 0xfd, 0xab, 0x01, 0xfe, 0xfe,
  0x02, 0x02, 0x55, 0x71, 0x71, 0x57, 0xfd, 0xf3, 0x31, 0x49, 0x27, 0x18,
  0x07, 0x03, 0x6b, 0x02, 0x07, 0x11, 0x29, 0x1d, 0x00, 0x02, 0x00, 0x18,
  0xff, 0xf4, 0x01, 0xd2, 0x03, 0x7d, 0x00, 0x12, 0x00, 0x1a, 0x00, 0x00,
  0x37, 0x35, 0x33, 0x15, 0x14, 0x16, 0x32, 0x36, 0x35, 0x11, 0x23, 0x35,
  0x21, 0x11, 0x14, 0x06, 0x23, 0x22, 0x26, 0x13, 0x37, 0x33, 0x17, 0x23,
  0x27, 0x23, 0x07, 0x18, 0x80, 0x36, 0x50, 0x33, 0xb7, 0x01, 0x38, 0x83,
  0x5b, 0x5a, 0x82, 0x7f, 0x5c, 0x7f, 0x5d, 0x69, 0x32, 0x02, 0x32, 0xd2,
  0x29, 0x21, 0x3a, 0x36, 0x34, 0x36, 0x01, 0x83, 0x6f, 0xfe, 0x0c, 0x6d,
  0x71, 0x72, 0x02, 0x8f, 0x88, 0x88, 0x51, 0x51, 0x00, 0x02, 0xff, 0xc9,
  0xff, 0x31, 0x01, 0x1b, 0x02, 0xc6, 0x00, 0x11, 0x00, 0x19, 0x00, 0x00,
  0x13, 0x33, 0x11, 0x14, 0x0e, 0x03, 0x23, 0x27, 0x35, 0x16, 0x33, 0x32,
  0x3e, 0x02, 0x35, 0x03, 0x37, 0x33, 0x17, 0x23, 0x27, 0x23, 0x07, 0x46,
  0x7f, 0x20, 0x2d, 0x3e, 0x31, 0x19, 0x27, 0x09, 0x0d, 0x11, 0x1e, 0x23,
  0x15, 0x59, 0x5d, 0x74, 0x5d, 0x64, 0x32, 0x02, 0x32, 0x01, 0xfe, 0xfd,
  0xf3, 0x31, 0x49, 0x27, 0x18, 0x07, 0x03, 0x6b, 0x02, 0x07, 0x11, 0x29,
  0x1d, 0x02, 0x42, 0x89, 0x89, 0x52, 0x52, 0x00, 0x00, 0x02, 0x00, 0x5a,
  0xff, 0x32, 0x02, 0x76, 0x02, 0xc6, 0x00, 0x0d, 0x00, 0x17, 0x00, 0x00,
  0x33, 0x11, 0x33, 0x11, 0x33, 0x13, 0x33, 0x03, 0x15, 0x13, 0x23, 0x03,
  0x23, 0x11, 0x17, 0x33, 0x16, 0x15, 0x14, 0x07, 0x23, 0x36, 0x35, 0x34,
  0x5a, 0x81, 0x5c, 0xa7, 0x8c, 0xc9, 0xd5, 0x91, 0xae, 0x5c, 0x3a, 0x69,
  0x07, 0x1a, 0x5e, 0x14, 0x02, 0xc6, 0xfe, 0xdf, 0x01, 0x21, 0xfe, 0xae,
  0x02, 0xfe, 0x8e, 0x01, 0x36, 0xfe, 0xca, 0x37, 0x1c, 0x1a, 0x2b, 0x36,
  0x35, 0x22, 0x20, 0x00, 0x00, 0x02, 0x00, 0x46, 0xff, 0x32, 0x02, 0x20,
  0x02, 0xc6, 0x00, 0x0d, 0x00, 0x17, 0x00, 0x00, 0x33, 0x11, 0x33, 0x11,
  0x33, 0x37, 0x33, 0x07, 0x15, 0x13, 0x23, 0x27, 0x23, 0x15, 0x17, 0x33,
  0x16, 0x15, 0x14, 0x07, 0x23, 0x36, 0x35, 0x34, 0x46, 0x7f, 0x3f, 0x7b,
  0x8d, 0xa1, 0xb5, 0x92, 0x87, 0x42, 0x23, 0x69, 0x07, 0x1a, 0x5e, 0x14,
  0x02, 0xc6, 0xfe, 0x84, 0xb4, 0xe4, 0x02, 0xfe, 0xe8, 0xdf, 0xdf, 0x37,
  0x1c, 0x1a, 0x2b, 0x36, 0x35, 0x22, 0x20, 0x00, 0x00, 0x01, 0x00, 0x46,
  0x00, 0x00, 0x02, 0x19, 0x01, 0xfe, 0x00, 0x0d, 0x00, 0x00, 0x33, 0x11,
  0x33, 0x15, 0x33, 0x37, 0x33, 0x07, 0x15, 0x13, 0x23, 0x27, 0x23, 0x15,
  0x46, 0x7f, 0x3e, 0x81, 0x8e, 0xa7, 0xae, 0x95, 0x7e, 0x41, 0x01, 0xfe,
  0xc0, 0xc0, 0xef, 0x02, 0xfe, 0xf3, 0xd3, 0xd3, 0x00, 0x02, 0x00, 0x5a,
  0x00, 0x00, 0x02, 0x0e, 0x03, 0x7d, 0x00, 0x05, 0x00, 0x09, 0x00, 0x00,
  0x33, 0x11, 0x33, 0x11, 0x21, 0x15, 0x01, 0x37, 0x33, 0x07, 0x5a, 0x81,
  0x01, 0x33, 0xfe, 0x56, 0x4c, 0x83, 0x69, 0x02, 0xc6, 0xfd, 0xa9, 0x6f,
  0x02, 0xf5, 0x88, 0x88, 0x00, 0x02, 0x00, 0x3f, 0xff, 0xfb, 0x01, 0x17,
  0x03, 0x7d, 0x00, 0x0e, 0x00, 0x12, 0x00, 0x00, 0x37, 0x11, 0x33, 0x11,
  0x14, 0x16, 0x33, 0x37, 0x15, 0x06, 0x23, 0x22, 0x2e, 0x02, 0x13, 0x37,
  0x33, 0x07, 0x3f, 0x7e, 0x19, 0x1b, 0x13, 0x13, 0x15, 0x1f, 0x30, 0x32,
  0x1c, 0x09, 0x4c, 0x83, 0x69, 0x9f, 0x02, 0x27, 0xfd, 0xec, 0x28, 0x1e,
  0x01, 0x6f, 0x03, 0x0b, 0x1f, 0x46, 0x02, 0x8a, 0x88, 0x88, 0x00, 0x00,
  0x00, 0x02, 0x00, 0x5a, 0xff, 0x32, 0x02, 0x0e, 0x02, 0xc6, 0x00, 0x05,
  0x00, 0x0f, 0x00, 0x00, 0x33, 0x11, 0x33, 0x11, 0x21, 0x15, 0x05, 0x33,
  0x16, 0x15, 0x14, 0x07, 0x23, 0x36, 0x35, 0x34, 0x5a, 0x81, 0x01, 0x33,
  0xfe, 0xf5, 0x69, 0x07, 0x1a, 0x5e, 0x14, 0x02, 0xc6, 0xfd, 0xa9, 0x6f,
  0x37, 0x1c, 0x1a, 0x2b, 0x36, 0x35, 0x22, 0x20, 0x00, 0x02, 0x00, 0x3f,
  0xff, 0x32, 0x01, 0x04, 0x02, 0xc6, 0x00, 0x0e, 0x00, 0x18, 0x00, 0x00,
  0x37, 0x11, 0x33, 0x11, 0x14, 0x16, 0x33, 0x37, 0x15, 0x06, 0x23, 0x22,
  0x2e, 0x02, 0x17, 0x33, 0x16, 0x15, 0x14, 0x07, 0x23, 0x36, 0x35, 0x34,
  0x3f, 0x7e, 0x19, 0x1b, 0x13, 0x13, 0x15, 0x1f, 0x30, 0x32, 0x1c, 0x2f,
  0x69, 0x07, 0x1a, 0x5e, 0x14, 0x9f, 0x02, 0x27, 0xfd, 0xec, 0x28, 0x1e,
  0x01, 0x6f, 0x03, 0x0b, 0x1f, 0x46, 0xa2, 0x1c, 0x1a, 0x2b, 0x36, 0x35,
  0x22, 0x20, 0x00, 0x00, 0x00, 0x02, 0x00, 0x5a, 0x00, 0x00, 0x02, 0x0e,
  0x02, 0xc6, 0x00, 0x05, 0x00, 0x0f, 0x00, 0x00, 0x33, 0x11, 0x33, 0x11,
  0x21, 0x15, 0x03, 0x33, 0x16, 0x15, 0x14, 0x07, 0x23, 0x36, 0x35, 0x34,
  0x5a, 0x81, 0x01, 0x33, 0xe4, 0x69, 0x07, 0x1a, 0x5e, 0x14, 0x02, 0xc6,
  0xfd, 0xa9, 0x6f, 0x02, 0xc6, 0x1c, 0x1a, 0x2b, 0x36, 0x35, 0x22, 0x20,
  0x00, 0x02, 0x00, 0x3f, 0xff, 0xfb, 0x01, 0x64, 0x02, 0xc6, 0x00, 0x0e,
  0x00, 0x18, 0x00, 0x00, 0x37, 0x11, 0x33, 0x11, 0x14, 0x16, 0x33, 0x37,
  0x15, 0x06, 0x23, 0x22, 0x2e, 0x02, 0x13, 0x33, 0x16, 0x15, 0x14, 0x07,
  0x23, 0x36, 0x35, 0x34, 0x3f, 0x7e, 0x19, 0x1b, 0x13, 0x13, 0x15, 0x1f,
  0x30, 0x32, 0x1c, 0xb5, 0x69, 0x07, 0x1a, 0x5e, 0x14, 0x9f, 0x02, 0x27,
  0xfd, 0xec, 0x28, 0x1e, 0x01, 0x6f, 0x03, 0x0b, 0x1f, 0x46, 0x02, 0x5b,
  0x1c, 0x1a, 0x2b, 0x36, 0x35, 0x22, 0x20, 0x00, 0x00, 0x02, 0x00, 0x5a,
  0x00, 0x00, 0x02, 0x0e, 0x02, 0xc6, 0x00, 0x05, 0x00, 0x09, 0x00, 0x00,
  0x33, 0x11, 0x33, 0x11, 0x21, 0x15, 0x03, 0x35, 0x33, 0x15, 0x5a, 0x81,
  0x01, 0x33, 0xc8, 0x7b, 0x02, 0xc6, 0xfd, 0xa9, 0x6f, 0x01, 0x43, 0x7e,
  0x7e, 0x00, 0x00, 0x00, 0x00, 0x02, 0x00, 0x3f, 0xff, 0xfb, 0x01, 0x85,
  0x02, 0xc6, 0x00, 0x0e, 0x00, 0x12, 0x00, 0x00, 0x37, 0x11, 0x33, 0x11,
  0x14, 0x16, 0x33, 0x37, 0x15, 0x06, 0x23, 0x22, 0x2e, 0x02, 0x37, 0x35,
  0x33, 0x15, 0x3f, 0x7e, 0x19, 0x1b, 0x13, 0x13, 0x15, 0x1f, 0x30, 0x32,
  0x1c, 0xcb, 0x7b, 0x9f, 0x02, 0x27, 0xfd, 0xec, 0x28, 0x1e, 0x01, 0x6f,
  0x03, 0x0b, 0x1f, 0x46, 0xd8, 0x7e, 0x7e, 0x00, 0x00, 0x01, 0x00, 0x39,
  0x00, 0x00, 0x02, 0x25, 0x02, 0xc6, 0x00, 0x0d, 0x00, 0x00, 0x37, 0x35,
  0x37, 0x11, 0x33, 0x15, 0x37, 0x15, 0x07, 0x15, 0x21, 0x15, 0x21, 0x11,
  0x39, 0x38, 0x81, 0x6a, 0x6a, 0x01, 0x33, 0xfe, 0x4c, 0xe7, 0x7c, 0x20,
  0x01, 0x43, 0xf9, 0x3d, 0x7c, 0x3d, 0xe2, 0x6f, 0x01, 0x07, 0x00, 0x00,
  0x00, 0x01, 0x00, 0x23, 0xff, 0xfb, 0x01, 0x2e, 0x02, 0xc6, 0x00, 0x16,
  0x00, 0x00, 0x37, 0x35, 0x37, 0x11, 0x33, 0x15, 0x37, 0x15, 0x07, 0x15,
  0x14, 0x16, 0x33, 0x37, 0x15, 0x06, 0x23, 0x22, 0x2e, 0x02, 0x3d, 0x01,
  0x23, 0x40, 0x7e, 0x4d, 0x4d, 0x19, 0x1b, 0x13, 0x13, 0x15, 0x1f, 0x30,
  0x32, 0x1c, 0xf4, 0x7c, 0x25, 0x01, 0x31, 0xe9, 0x2d, 0x7c, 0x2d, 0xaf,
  0x28, 0x1e, 0x01, 0x6f, 0x03, 0x0b, 0x1f, 0x46, 0x34, 0x7a, 0x00, 0x00,
  0x00, 0x02, 0x00, 0x5a, 0x00, 0x00, 0x02, 0x9e, 0x03, 0x7d, 0x00, 0x17,
  0x00, 0x1b, 0x00, 0x00, 0x33, 0x11, 0x33, 0x01, 0x1e, 0x01, 0x1f, 0x01,
  0x33, 0x26, 0x35, 0x11, 0x33, 0x11, 0x23, 0x01, 0x2e, 0x01, 0x2f, 0x01,
  0x23, 0x16, 0x15, 0x11, 0x13, 0x37, 0x33, 0x07, 0x5a, 0x81, 0x01, 0x0d,
  0x0c, 0x1d, 0x09, 0x09, 0x02, 0x07, 0x80, 0x80, 0xfe, 0xf3, 0x0c, 0x1d,
  0x09, 0x09, 0x02, 0x07, 0x6b, 0x4c, 0x83, 0x69, 0x02, 0xc6, 0xfe, 0x66,
  0x12, 0x37, 0x13, 0x12, 0x44, 0x2a, 0x01, 0x9a, 0xfd, 0x3a, 0x01, 0x99,
  0x12, 0x37, 0x12, 0x13, 0x44, 0x2a, 0xfe, 0x67, 0x02, 0xf5, 0x88, 0x88,
  0x00, 0x02, 0x00, 0x46, 0x00, 0x00, 0x02, 0x26, 0x02, 0xc5, 0x00, 0x16,
  0x00, 0x1a, 0x00, 0x00, 0x33, 0x11, 0x33, 0x15, 0x07, 0x33, 0x3e, 0x01,
  0x33, 0x32, 0x15, 0x11, 0x23, 0x11, 0x34, 0x26, 0x23, 0x22, 0x06, 0x07,
  0x06, 0x1d, 0x01, 0x13, 0x37, 0x33, 0x07, 0x46, 0x7a, 0x02, 0x02, 0x15,
  0x5b, 0x45, 0xb1, 0x7e, 0x23, 0x2e, 0x32, 0x48, 0x0f, 0x09, 0x41, 0x4c,
  0x83, 0x69, 0x01, 0xfe, 0x3b, 0x23, 0x29, 0x41, 0xc2, 0xfe, 0xb8, 0x01,
  0x2e, 0x33, 0x35, 0x39, 0x2f, 0x1b, 0x29, 0xea, 0x02, 0x3d, 0x88, 0x88,
  0x00, 0x02, 0x00, 0x5a, 0xff, 0x32, 0x02, 0x9e, 0x02, 0xc6, 0x00, 0x17,
  0x00, 0x21, 0x00, 0x00, 0x33, 0x11, 0x33, 0x01, 0x1e, 0x01, 0x1f, 0x01,
  0x33, 0x26, 0x35, 0x11, 0x33, 0x11, 0x23, 0x01, 0x2e, 0x01, 0x2f, 0x01,
  0x23, 0x16, 0x15, 0x11, 0x17, 0x33, 0x16, 0x15, 0x14, 0x07, 0x23, 0x36,
  0x35, 0x34, 0x5a, 0x81, 0x01, 0x0d, 0x0c, 0x1d, 0x09, 0x09, 0x02, 0x07,
  0x80, 0x80, 0xfe, 0xf3, 0x0c, 0x1d, 0x09, 0x09, 0x02, 0x07, 0x6b, 0x69,
  0x07, 0x1a, 0x5e, 0x14, 0x02, 0xc6, 0xfe, 0x66, 0x12, 0x37, 0x13, 0x12,
  0x44, 0x2a, 0x01, 0x9a, 0xfd, 0x3a, 0x01, 0x99, 0x12, 0x37, 0x12, 0x13,
  0x44, 0x2a, 0xfe, 0x67, 0x37, 0x1c, 0x1a, 0x2b, 0x36, 0x35, 0x22, 0x20,
  0x00, 0x02, 0x00, 0x46, 0xff, 0x32, 0x02, 0x26, 0x02, 0x0a, 0x00, 0x16,
  0x00, 0x20, 0x00, 0x00, 0x33, 0x11, 0x33, 0x15, 0x07, 0x33, 0x3e, 0x01,
  0x33, 0x32, 0x15, 0x11, 0x23, 0x11, 0x34, 0x26, 0x23, 0x22, 0x06, 0x07,
  0x06, 0x1d, 0x01, 0x17, 0x33, 0x16, 0x15, 0x14, 0x07, 0x23, 0x36, 0x35,
  0x34, 0x46, 0x7a, 0x02, 0x02, 0x15, 0x5b, 0x45, 0xb1, 0x7e, 0x23, 0x2e,
  0x32, 0x48, 0x0f, 0x09, 0x38, 0x69, 0x07, 0x1a, 0x5e, 0x14, 0x01, 0xfe,
  0x3b, 0x23, 0x29, 0x41, 0xc2, 0xfe, 0xb8, 0x01, 0x2e, 0x33, 0x35, 0x39,
  0x2f, 0x1b, 0x29, 0xea, 0x37, 0x1c, 0x1a, 0x2b, 0x36, 0x35, 0x22, 0x20,
  0x00, 0x02, 0x00, 0x5a, 0x00, 0x00, 0x02, 0x9e, 0x03, 0x7d, 0x00, 0x17,
  0x00, 0x1f, 0x00, 0x00, 0x33, 0x11, 0x33, 0x01, 0x1e, 0x01, 0x1f, 0x01,
  0x33, 0x26, 0x35, 0x11, 0x33, 0x11, 0x23, 0x01, 0x2e, 0x01, 0x2f, 0x01,
  0x23, 0x16, 0x15, 0x11, 0x13, 0x27, 0x33, 0x17, 0x33, 0x37, 0x33, 0x07,
  0x5a, 0x81, 0x01, 0x0d, 0x0c, 0x1d, 0x09, 0x09, 0x02, 0x07, 0x80, 0x80,
  0xfe, 0xf3, 0x0c, 0x1d, 0x09, 0x09, 0x02, 0x07, 0x62, 0x5c, 0x69, 0x32,
  0x02, 0x32, 0x69, 0x5d, 0x02, 0xc6, 0xfe, 0x66, 0x12, 0x37, 0x13, 0x12,
  0x44, 0x2a, 0x01, 0x9a, 0xfd, 0x3a, 0x01, 0x99, 0x12, 0x37, 0x12, 0x13,
  0x44, 0x2a, 0xfe, 0x67, 0x02, 0xf5, 0x88, 0x51, 0x51, 0x88, 0x00, 0x00,
  0x00, 0x02, 0x00, 0x46, 0x00, 0x00, 0x02, 0x26, 0x02, 0xc5, 0x00, 0x16,
  0x00, 0x1e, 0x00, 0x00, 0x33, 0x11, 0x33, 0x15, 0x07, 0x33, 0x3e, 0x01,
  0x33, 0x32, 0x15, 0x11, 0x23, 0x11, 0x34, 0x26, 0x23, 0x22, 0x06, 0x07,
  0x06, 0x1d, 0x01, 0x13, 0x27, 0x33, 0x17, 0x33, 0x37, 0x33, 0x07, 0x46,
  0x7a, 0x02, 0x02, 0x15, 0x5b, 0x45, 0xb1, 0x7e, 0x23, 0x2e, 0x32, 0x48,
  0x0f, 0x09, 0x38, 0x5c, 0x69, 0x32, 0x02, 0x32, 0x69, 0x5d, 0x01, 0xfe,
  0x3b, 0x23, 0x29, 0x41, 0xc2, 0xfe, 0xb8, 0x01, 0x2e, 0x33, 0x35, 0x39,
  0x2f, 0x1b, 0x29, 0xea, 0x02, 0x3d, 0x88, 0x51, 0x51, 0x88, 0x00, 0x00,
  0x00, 0x02, 0xff, 0xed, 0x00, 0x00, 0x02, 0x26, 0x02, 0xc6, 0x00, 0x16,
  0x00, 0x20, 0x00, 0x00, 0x33, 0x11, 0x33, 0x15, 0x07, 0x33, 0x3e, 0x01,
  0x33, 0x32, 0x15, 0x11, 0x23, 0x11, 0x34, 0x26, 0x23, 0x22, 0x06, 0x07,
  0x06, 0x1d, 0x01, 0x03, 0x33, 0x16, 0x15, 0x14, 0x07, 0x23, 0x36, 0x35,
  0x34, 0x46, 0x7a, 0x02, 0x02, 0x15, 0x5b, 0x45, 0xb1, 0x7e, 0x23, 0x2e,
  0x32, 0x48, 0x0f, 0x09, 0xd0, 0x69, 0x07, 0x1a, 0x5e, 0x14, 0x01, 0xfe,
  0x3b, 0x23, 0x29, 0x41, 0xc2, 0xfe, 0xb8, 0x01, 0x2e, 0x33, 0x35, 0x39,
  0x2f, 0x1b, 0x29, 0xea, 0x02, 0xc6, 0x1c, 0x1a, 0x2b, 0x36, 0x35, 0x22,
  0x20, 0x00, 0x00, 0x00, 0x00, 0x01, 0x00, 0x5a, 0xff, 0x33, 0x02, 0x9e,
  0x02, 0xc6, 0x00, 0x1f, 0x00, 0x00, 0x33, 0x11, 0x33, 0x01, 0x1e, 0x01,
  0x1f, 0x01, 0x33, 0x26, 0x35, 0x11, 0x33, 0x11, 0x14, 0x0e, 0x02, 0x23,
  0x35, 0x32, 0x36, 0x37, 0x01, 0x2e, 0x01, 0x2f, 0x01, 0x23, 0x16, 0x15,
  0x11, 0x5a, 0x81, 0x01, 0x0d, 0x0c, 0x1d, 0x09, 0x09, 0x02, 0x07, 0x80,
  0x2e, 0x4e, 0x54, 0x31, 0x28, 0x4e, 0x06, 0xfe, 0xf8, 0x0c, 0x1d, 0x09,
  0x09, 0x02, 0x07, 0x02, 0xc6, 0xfe, 0x66, 0x12, 0x37, 0x13, 0x12, 0x44,
  0x2a, 0x01, 0x9a, 0xfd, 0x65, 0x47, 0x67, 0x34, 0x16, 0x75, 0x31, 0x2f,
  0x01, 0x91, 0x13, 0x37, 0x12, 0x12, 0x44, 0x2a, 0xfe, 0x67, 0x00, 0x00,
  0x00, 0x01, 0x00, 0x46, 0xff, 0x2f, 0x02, 0x27, 0x02, 0x0a, 0x00, 0x21,
  0x00, 0x00, 0x33, 0x11, 0x33, 0x15, 0x07, 0x33, 0x3e, 0x01, 0x33, 0x32,
  0x15, 0x11, 0x14, 0x0e, 0x03, 0x23, 0x27, 0x35, 0x16, 0x33, 0x32, 0x35,
  0x11, 0x34, 0x26, 0x23, 0x22, 0x06, 0x07, 0x06, 0x1d, 0x01, 0x46, 0x7b,
  0x02, 0x02, 0x15, 0x5a, 0x45, 0xb2, 0x20, 0x2d, 0x3e, 0x31, 0x19, 0x27,
  0x09, 0x0d, 0x67, 0x23, 0x2d, 0x32, 0x49, 0x0f, 0x09, 0x01, 0xfe, 0x48,
  0x16, 0x2a, 0x40, 0xc2, 0xfe, 0xa7, 0x31, 0x49, 0x27, 0x18, 0x07, 0x03,
  0x6b, 0x01, 0x5d, 0x01, 0x35, 0x33, 0x35, 0x39, 0x2f, 0x20, 0x24, 0xea,
  0x00, 0x03, 0x00, 0x29, 0xff, 0xf4, 0x03, 0x07, 0x03, 0x66, 0x00, 0x09,
  0x00, 0x13, 0x00, 0x17, 0x00, 0x00, 0x13, 0x34, 0x36, 0x20, 0x16, 0x15,
  0x14, 0x06, 0x20, 0x26, 0x37, 0x14, 0x16, 0x32, 0x36, 0x35, 0x34, 0x26,
  0x22, 0x06, 0x13, 0x35, 0x21, 0x15, 0x29, 0xd3, 0x01, 0x38, 0xd3, 0xd3,
  0xfe, 0xc8, 0xd3, 0x85, 0x88, 0xc4, 0x88, 0x88, 0xc4, 0x88, 0x68, 0x01,
  0x06, 0x01, 0x68, 0x99, 0xd1, 0xd1, 0x99, 0x9d, 0xd7, 0xd7, 0x9d, 0x6d,
  0x91, 0x91, 0x6d, 0x68, 0x8c, 0x8c, 0x01, 0x3f, 0x57, 0x57, 0x00, 0x00,
  0x00, 0x03, 0x00, 0x20, 0xff, 0xf4, 0x02, 0x51, 0x02, 0xae, 0x00, 0x08,
  0x00, 0x13, 0x00, 0x17, 0x00, 0x00, 0x36, 0x34, 0x36, 0x32, 0x16, 0x14,
  0x06, 0x23, 0x22, 0x03, 0x14, 0x16, 0x33, 0x32, 0x36, 0x35, 0x34, 0x26,
  0x22, 0x06, 0x13, 0x35, 0x21, 0x15, 0x20, 0xa2, 0xec, 0xa3, 0xa2, 0x76,
  0x77, 0x21, 0x58, 0x40, 0x3f, 0x58, 0x58, 0x7e, 0x59, 0x15, 0x01, 0x06,
  0x8b, 0xe8, 0x97, 0x97, 0xe8, 0x97, 0x01, 0x0b, 0x46, 0x59, 0x59, 0x46,
  0x45, 0x5a, 0x5a, 0x01, 0x13, 0x57, 0x57, 0x00, 0x00, 0x03, 0x00, 0x29,
  0xff, 0xf4, 0x03, 0x07, 0x03, 0x7d, 0x00, 0x09, 0x00, 0x13, 0x00, 0x25,
  0x00, 0x00, 0x13, 0x34, 0x36, 0x20, 0x16, 0x15, 0x14, 0x06, 0x20, 0x26,
  0x37, 0x14, 0x16, 0x32, 0x36, 0x35, 0x34, 0x26, 0x22, 0x06, 0x13, 0x22,
  0x26, 0x3d, 0x01, 0x33, 0x15, 0x14, 0x16, 0x33, 0x32, 0x36, 0x3d, 0x01,
  0x33, 0x15, 0x14, 0x06, 0x29, 0xd3, 0x01, 0x38, 0xd3, 0xd3, 0xfe, 0xc8,
  0xd3, 0x85, 0x88, 0xc4, 0x88, 0x88, 0xc4, 0x88, 0xea, 0x3f, 0x56, 0x5a,
  0x22, 0x19, 0x17, 0x23, 0x5a, 0x56, 0x01, 0x68, 0x99, 0xd1, 0xd1, 0x99,
  0x9d, 0xd7, 0xd7, 0x9d, 0x6d, 0x91, 0x91, 0x6d, 0x68, 0x8c, 0x8c, 0x01,
  0x21, 0x44, 0x3c, 0x0c, 0x0c, 0x1d, 0x1e, 0x1f, 0x1d, 0x0b, 0x0c, 0x3c,
  0x44, 0x00, 0x00, 0x00, 0x00, 0x03, 0x00, 0x20, 0xff, 0xf4, 0x02, 0x51,
  0x02, 0xc5, 0x00, 0x08, 0x00, 0x13, 0x00, 0x25, 0x00, 0x00, 0x36, 0x34,
  0x36, 0x32, 0x16, 0x14, 0x06, 0x23, 0x22, 0x03, 0x14, 0x16, 0x33, 0x32,
  0x36, 0x35, 0x34, 0x26, 0x22, 0x06, 0x37, 0x22, 0x26, 0x3d, 0x01, 0x33,
  0x15, 0x14, 0x16, 0x33, 0x32, 0x36, 0x3d, 0x01, 0x33, 0x15, 0x14, 0x06,
  0x20, 0xa2, 0xec, 0xa3, 0xa2, 0x76, 0x77, 0x21, 0x58, 0x40, 0x3f, 0x58,
  0x58, 0x7e, 0x59, 0x98, 0x3f, 0x56, 0x5a, 0x22, 0x19, 0x17, 0x23, 0x5a,
  0x56, 0x8b, 0xe8, 0x97, 0x97, 0xe8, 0x97, 0x01, 0x0b, 0x46, 0x59, 0x59,
  0x46, 0x45, 0x5a, 0x5a, 0xf5, 0x44, 0x3c, 0x0c, 0x0c, 0x1d, 0x1e, 0x1f,
  0x1d, 0x0b, 0x0c, 0x3c, 0x44, 0x00, 0x00, 0x00, 0x00, 0x04, 0x00, 0x29,
  0xff, 0xf4, 0x03, 0x07, 0x03, 0x7d, 0x00, 0x09, 0x00, 0x13, 0x00, 0x17,
  0x00, 0x1b, 0x00, 0x00, 0x13, 0x34, 0x36, 0x20, 0x16, 0x15, 0x14, 0x06,
  0x20, 0x26, 0x37, 0x14, 0x16, 0x32, 0x36, 0x35, 0x34, 0x26, 0x22, 0x06,
  0x01, 0x37, 0x33, 0x07, 0x21, 0x37, 0x33, 0x07, 0x29, 0xd3, 0x01, 0x38,
  0xd3, 0xd3, 0xfe, 0xc8, 0xd3, 0x85, 0x88, 0xc4, 0x88, 0x88, 0xc4, 0x88,
  0x01, 0x02, 0x4c, 0x7d, 0x68, 0xfe, 0xf0, 0x47, 0x6c, 0x4a, 0x01, 0x68,
  0x99, 0xd1, 0xd1, 0x99, 0x9d, 0xd7, 0xd7, 0x9d, 0x6d, 0x91, 0x91, 0x6d,
  0x68, 0x8c, 0x8c, 0x01, 0x25, 0x88, 0x88, 0x88, 0x88, 0x00, 0x00, 0x00,
  0x00, 0x04, 0x00, 0x20, 0xff, 0xf4, 0x02, 0x51, 0x02, 0xc5, 0x00, 0x08,
  0x00, 0x13, 0x00, 0x17, 0x00, 0x1b, 0x00, 0x00, 0x36, 0x34, 0x36, 0x32,
  0x16, 0x14, 0x06, 0x23, 0x22, 0x03, 0x14, 0x16, 0x33, 0x32, 0x36, 0x35,
  0x34, 0x26, 0x22, 0x06, 0x3f, 0x01, 0x33, 0x07, 0x21, 0x37, 0x33, 0x07,
  0x20, 0xa2, 0xec, 0xa3, 0xa2, 0x76, 0x77, 0x21, 0x58, 0x40, 0x3f, 0x58,
  0x58, 0x7e, 0x59, 0xaf, 0x4c, 0x7d, 0x68, 0xfe, 0xf0, 0x47, 0x6c, 0x4a,
  0x8b, 0xe8, 0x97, 0x97, 0xe8, 0x97, 0x01, 0x0b, 0x46, 0x59, 0x59, 0x46,
  0x45, 0x5a, 0x5a, 0xf9, 0x88, 0x88, 0x88, 0x88, 0x00, 0x02, 0x00, 0x28,
  0xff, 0xf7, 0x03, 0x9d, 0x02, 0xce, 0x00, 0x15, 0x00, 0x22, 0x00, 0x00,
  0x36, 0x10, 0x36, 0x33, 0x32, 0x16, 0x33, 0x21, 0x15, 0x21, 0x15, 0x33,
  0x15, 0x23, 0x15, 0x21, 0x15, 0x21, 0x22, 0x06, 0x23, 0x22, 0x03, 0x14,
  0x16, 0x33, 0x32, 0x36, 0x3f, 0x01, 0x11, 0x26, 0x23, 0x22, 0x06, 0x28,
  0xd7, 0x9e, 0x1e, 0x4f, 0x11, 0x01, 0x72, 0xfe, 0xd7, 0xf0, 0xf0, 0x01,
  0x39, 0xfe, 0x7e, 0x11, 0x4f, 0x1e, 0x9d, 0x53, 0x89, 0x67, 0x12, 0x24,
  0x09, 0x08, 0x1e, 0x29, 0x67, 0x89, 0xcb, 0x01, 0x32, 0xd1, 0x08, 0x6f,
  0xba, 0x6f, 0xbf, 0x6f, 0x09, 0x01, 0x6d, 0x6b, 0x93, 0x04, 0x02, 0x01,
  0x01, 0xec, 0x07, 0x92, 0x00, 0x03, 0x00, 0x21, 0xff, 0xf4, 0x03, 0xb5,
  0x02, 0x0a, 0x00, 0x21, 0x00, 0x28, 0x00, 0x32, 0x00, 0x00, 0x36, 0x34,
  0x36, 0x33, 0x32, 0x17, 0x33, 0x36, 0x33, 0x32, 0x16, 0x15, 0x07, 0x21,
  0x1e, 0x01, 0x33, 0x32, 0x36, 0x3f, 0x01, 0x17, 0x0e, 0x04, 0x23, 0x22,
  0x27, 0x23, 0x06, 0x23, 0x22, 0x01, 0x33, 0x2e, 0x01, 0x23, 0x22, 0x06,
  0x04, 0x14, 0x16, 0x33, 0x32, 0x36, 0x34, 0x26, 0x23, 0x22, 0x21, 0xa0,
  0x74, 0x88, 0x4b, 0x02, 0x42, 0x87, 0x6b, 0x77, 0x03, 0xfe, 0xa1, 0x07,
  0x55, 0x3c, 0x24, 0x4a, 0x13, 0x12, 0x31, 0x03, 0x0c, 0x29, 0x2c, 0x45,
  0x24, 0x8f, 0x46, 0x02, 0x4c, 0x8a, 0x75, 0x01, 0x96, 0xdf, 0x01, 0x38,
  0x2a, 0x31, 0x42, 0xfe, 0x42, 0x58, 0x40, 0x3f, 0x58, 0x58, 0x3f, 0x40,
  0x88, 0xec, 0x96, 0x69, 0x69, 0x89, 0x69, 0x31, 0x42, 0x45, 0x1c, 0x0e,
  0x0e, 0x5b, 0x03, 0x0a, 0x19, 0x13, 0x10, 0x6c, 0x6c, 0x01, 0x4a, 0x31,
  0x39, 0x38, 0x2b, 0x8e, 0x57, 0x58, 0x8e, 0x58, 0x00, 0x03, 0x00, 0x5a,
  0x00, 0x00, 0x02, 0x74, 0x03, 0x7d, 0x00, 0x12, 0x00, 0x1b, 0x00, 0x1f,
  0x00, 0x00, 0x33, 0x11, 0x33, 0x32, 0x17, 0x1e, 0x01, 0x15, 0x14, 0x06,
  0x07, 0x15, 0x16, 0x17, 0x13, 0x23, 0x03, 0x23, 0x19, 0x01, 0x33, 0x32,
  0x36, 0x35, 0x34, 0x26, 0x2b, 0x01, 0x3f, 0x01, 0x33, 0x07, 0x5a, 0xe5,
  0x63, 0x2c, 0x36, 0x3e, 0x41, 0x37, 0x0a, 0x0e, 0x92, 0x90, 0x8d, 0x7c,
  0x74, 0x34, 0x3c, 0x3a, 0x48, 0x62, 0x28, 0x4c, 0x83, 0x69, 0x02, 0xc6,
  0x14, 0x19, 0x64, 0x45, 0x41, 0x6b, 0x16, 0x02, 0x0a, 0x19, 0xfe, 0xf7,
  0x01, 0x09, 0xfe, 0xf7, 0x01, 0x79, 0x3b, 0x35, 0x37, 0x37, 0x9e, 0x88,
  0x88, 0x00, 0x00, 0x00, 0x00, 0x02, 0x00, 0x46, 0x00, 0x00, 0x01, 0x84,
  0x02, 0xc5, 0x00, 0x12, 0x00, 0x16, 0x00, 0x00, 0x33, 0x11, 0x33, 0x15,
  0x07, 0x33, 0x3e, 0x01, 0x33, 0x17, 0x15, 0x26, 0x23, 0x22, 0x06, 0x07,
  0x06, 0x1d, 0x01, 0x03, 0x37, 0x33, 0x07, 0x46, 0x7a, 0x02, 0x02, 0x12,
  0x57, 0x39, 0x17, 0x0d, 0x11, 0x2d, 0x4d, 0x11, 0x0b, 0x10, 0x4c, 0x83,
  0x69, 0x01, 0xfe, 0x58, 0x24, 0x39, 0x4a, 0x02, 0x7d, 0x02, 0x36, 0x35,
  0x22, 0x31, 0xca, 0x02, 0x3d, 0x88, 0x88, 0x00, 0x00, 0x03, 0x00, 0x5a,
  0xff, 0x32, 0x02, 0x74, 0x02, 0xc6, 0x00, 0x12, 0x00, 0x1b, 0x00, 0x25,
  0x00, 0x00, 0x33, 0x11, 0x33, 0x32, 0x17, 0x1e, 0x01, 0x15, 0x14, 0x06,
  0x07, 0x15, 0x16, 0x17, 0x13, 0x23, 0x03, 0x23, 0x19, 0x01, 0x33, 0x32,
  0x36, 0x35, 0x34, 0x26, 0x2b, 0x01, 0x13, 0x33, 0x16, 0x15, 0x14, 0x07,
  0x23, 0x36, 0x35, 0x34, 0x5a, 0xe5, 0x63, 0x2c, 0x36, 0x3e, 0x41, 0x37,
  0x0a, 0x0e, 0x92, 0x90, 0x8d, 0x7c, 0x74, 0x34, 0x3c, 0x3a, 0x48, 0x62,
  0x3d, 0x69, 0x07, 0x1a, 0x5e, 0x14, 0x02, 0xc6, 0x14, 0x19, 0x64, 0x45,
  0x41, 0x6b, 0x16, 0x02, 0x0a, 0x19, 0xfe, 0xf7, 0x01, 0x09, 0xfe, 0xf7,
  0x01, 0x79, 0x3b, 0x35, 0x37, 0x37, 0xfd, 0x72, 0x1c, 0x1a, 0x2b, 0x36,
  0x35, 0x22, 0x20, 0x00, 0x00, 0x02, 0x00, 0x46, 0xff, 0x32, 0x01, 0x79,
  0x02, 0x05, 0x00, 0x12, 0x00, 0x1c, 0x00, 0x00, 0x33, 0x11, 0x33, 0x15,
  0x07, 0x33, 0x3e, 0x01, 0x33, 0x17, 0x15, 0x26, 0x23, 0x22, 0x06, 0x07,
  0x06, 0x1d, 0x01, 0x07, 0x33, 0x16, 0x15, 0x14, 0x07, 0x23, 0x36, 0x35,
  0x34, 0x46, 0x7a, 0x02, 0x02, 0x12, 0x57, 0x39, 0x17, 0x0d, 0x11, 0x2d,
  0x4d, 0x11, 0x0b, 0x75, 0x69, 0x07, 0x1a, 0x5e, 0x14, 0x01, 0xfe, 0x58,
  0x24, 0x39, 0x4a, 0x02, 0x7d, 0x02, 0x36, 0x35, 0x22, 0x31, 0xca, 0x37,
  0x1c, 0x1a, 0x2b, 0x36, 0x35, 0x22, 0x20, 0x00, 0x00, 0x03, 0x00, 0x5a,
  0x00, 0x00, 0x02, 0x74, 0x03, 0x7d, 0x00, 0x12, 0x00, 0x1b, 0x00, 0x23,
  0x00, 0x00, 0x33, 0x11, 0x33, 0x32, 0x17, 0x1e, 0x01, 0x15, 0x14, 0x06,
  0x07, 0x15, 0x16, 0x17, 0x13, 0x23, 0x03, 0x23, 0x19, 0x01, 0x33, 0x32,
  0x36, 0x35, 0x34, 0x26, 0x2b, 0x01, 0x37, 0x27, 0x33, 0x17, 0x33, 0x37,
  0x33, 0x07, 0x5a, 0xe5, 0x63, 0x2c, 0x36, 0x3e, 0x41, 0x37, 0x0a, 0x0e,
  0x92, 0x90, 0x8d, 0x7c, 0x74, 0x34, 0x3c, 0x3a, 0x48, 0x62, 0x1f, 0x5c,
  0x69, 0x32, 0x02, 0x32, 0x69, 0x5d, 0x02, 0xc6, 0x14, 0x19, 0x64, 0x45,
  0x41, 0x6b, 0x16, 0x02, 0x0a, 0x19, 0xfe, 0xf7, 0x01, 0x09, 0xfe, 0xf7,
  0x01, 0x79, 0x3b, 0x35, 0x37, 0x37, 0x9e, 0x88, 0x51, 0x51, 0x88, 0x00,
  0x00, 0x02, 0x00, 0x46, 0x00, 0x00, 0x01, 0x89, 0x02, 0xc5, 0x00, 0x12,
  0x00, 0x1a, 0x00, 0x00, 0x33, 0x11, 0x33, 0x15, 0x07, 0x33, 0x3e, 0x01,
  0x33, 0x17, 0x15, 0x26, 0x23, 0x22, 0x06, 0x07, 0x06, 0x1d, 0x01, 0x03,
  0x27, 0x33, 0x17, 0x33, 0x37, 0x33, 0x07, 0x46, 0x7a, 0x02, 0x02, 0x12,
  0x57, 0x39, 0x17, 0x0d, 0x11, 0x2d, 0x4d, 0x11, 0x0b, 0x18, 0x5c, 0x69,
  0x32, 0x02, 0x32, 0x69, 0x5d, 0x01, 0xfe, 0x58, 0x24, 0x39, 0x4a, 0x02,
  0x7d, 0x02, 0x36, 0x35, 0x22, 0x31, 0xca, 0x02, 0x3d, 0x88, 0x51, 0x51,
  0x88, 0x00, 0x00, 0x00, 0x00, 0x02, 0x00, 0x24, 0xff, 0xf4, 0x02, 0x03,
  0x03, 0x7d, 0x00, 0x2d, 0x00, 0x31, 0x00, 0x00, 0x3f, 0x01, 0x1e, 0x04,
  0x33, 0x32, 0x36, 0x35, 0x34, 0x2e, 0x03, 0x35, 0x34, 0x36, 0x33, 0x32,
  0x16, 0x1f, 0x01, 0x07, 0x2e, 0x02, 0x23, 0x22, 0x06, 0x15, 0x14, 0x1e,
  0x03, 0x15, 0x14, 0x06, 0x23, 0x22, 0x2e, 0x02, 0x27, 0x13, 0x37, 0x33,
  0x07, 0x24, 0x46, 0x03, 0x0c, 0x25, 0x27, 0x3a, 0x1c, 0x2b, 0x3c, 0x45,
  0x62, 0x63, 0x45, 0x88, 0x66, 0x3e, 0x6a, 0x16, 0x16, 0x38, 0x08, 0x1b,
  0x52, 0x28, 0x2e, 0x3d, 0x45, 0x62, 0x62, 0x45, 0x7f, 0x6b, 0x2c, 0x53,
  0x38, 0x2a, 0x0a, 0xb4, 0x4c, 0x83, 0x69, 0x55, 0x61, 0x03, 0x0a, 0x1a,
  0x14, 0x10, 0x2d, 0x29, 0x22, 0x35, 0x28, 0x30, 0x58, 0x3c, 0x58, 0x76,
  0x26, 0x13, 0x13, 0x69, 0x07, 0x15, 0x22, 0x30, 0x25, 0x22, 0x32, 0x26,
  0x30, 0x59, 0x3f, 0x58, 0x78, 0x14, 0x1d, 0x1c, 0x0a, 0x02, 0xaa, 0x88,
  0x88, 0x00, 0x00, 0x00, 0x00, 0x02, 0x00, 0x1b, 0xff, 0xf4, 0x01, 0xa4,
  0x02, 0xc5, 0x00, 0x29, 0x00, 0x2d, 0x00, 0x00, 0x3f, 0x01, 0x1e, 0x02,
  0x33, 0x32, 0x36, 0x35, 0x34, 0x2e, 0x03, 0x35, 0x34, 0x36, 0x33, 0x32,
  0x16, 0x1f, 0x01, 0x07, 0x2e, 0x02, 0x23, 0x22, 0x06, 0x15, 0x14, 0x1e,
  0x03, 0x15, 0x14, 0x06, 0x23, 0x22, 0x26, 0x27, 0x13, 0x37, 0x33, 0x07,
  0x1b, 0x3a, 0x06, 0x17, 0x49, 0x25, 0x1c, 0x27, 0x33, 0x49, 0x49, 0x33,
  0x6e, 0x55, 0x33, 0x56, 0x11, 0x11, 0x2f, 0x05, 0x14, 0x41, 0x23, 0x1b,
  0x26, 0x33, 0x49, 0x49, 0x33, 0x6a, 0x59, 0x38, 0x63, 0x16, 0x7c, 0x4c,
  0x83, 0x69, 0x3f, 0x59, 0x06, 0x13, 0x1f, 0x18, 0x16, 0x14, 0x21, 0x1c,
  0x25, 0x42, 0x2e, 0x45, 0x51, 0x1d, 0x0f, 0x0e, 0x5e, 0x05, 0x0f, 0x18,
  0x17, 0x17, 0x13, 0x1f, 0x1c, 0x24, 0x43, 0x2e, 0x42, 0x57, 0x25, 0x13,
  0x02, 0x11, 0x88, 0x88, 0x00, 0x02, 0x00, 0x24, 0xff, 0xf4, 0x02, 0x03,
  0x03, 0x7d, 0x00, 0x2d, 0x00, 0x35, 0x00, 0x00, 0x3f, 0x01, 0x1e, 0x04,
  0x33, 0x32, 0x36, 0x35, 0x34, 0x2e, 0x03, 0x35, 0x34, 0x36, 0x33, 0x32,
  0x16, 0x1f, 0x01, 0x07, 0x2e, 0x02, 0x23, 0x22, 0x06, 0x15, 0x14, 0x1e,
  0x03, 0x15, 0x14, 0x06, 0x23, 0x22, 0x2e, 0x02, 0x27, 0x13, 0x37, 0x33,
  0x17, 0x23, 0x27, 0x23, 0x07, 0x24, 0x46, 0x03, 0x0c, 0x25, 0x27, 0x3a,
  0x1c, 0x2b, 0x3c, 0x45, 0x62, 0x63, 0x45, 0x88, 0x66, 0x3e, 0x6a, 0x16,
  0x16, 0x38, 0x08, 0x1b, 0x52, 0x28, 0x2e, 0x3d, 0x45, 0x62, 0x62, 0x45,
  0x7f, 0x6b, 0x2c, 0x53, 0x38, 0x2a, 0x0a, 0x4f, 0x5c, 0x7f, 0x5d, 0x69,
  0x32, 0x02, 0x32, 0x55, 0x61, 0x03, 0x0a, 0x1a, 0x14, 0x10, 0x2d, 0x29,
  0x22, 0x35, 0x28, 0x30, 0x58, 0x3c, 0x58, 0x76, 0x26, 0x13, 0x13, 0x69,
  0x07, 0x15, 0x22, 0x30, 0x25, 0x22, 0x32, 0x26, 0x30, 0x59, 0x3f, 0x58,
  0x78, 0x14, 0x1d, 0x1c, 0x0a, 0x02, 0xaa, 0x88, 0x88, 0x51, 0x51, 0x00,
  0x00, 0x02, 0x00, 0x1b, 0xff, 0xf4, 0x01, 0xa4, 0x02, 0xc5, 0x00, 0x29,
  0x00, 0x31, 0x00, 0x00, 0x3f, 0x01, 0x1e, 0x02, 0x33, 0x32, 0x36, 0x35,
  0x34, 0x2e, 0x03, 0x35, 0x34, 0x36, 0x33, 0x32, 0x16, 0x1f, 0x01, 0x07,
  0x2e, 0x02, 0x23, 0x22, 0x06, 0x15, 0x14, 0x1e, 0x03, 0x15, 0x14, 0x06,
  0x23, 0x22, 0x26, 0x27, 0x13, 0x37, 0x33, 0x17, 0x23, 0x27, 0x23, 0x07,
  0x1b, 0x3a, 0x06, 0x17, 0x49, 0x25, 0x1c, 0x27, 0x33, 0x49, 0x49, 0x33,
  0x6e, 0x55, 0x33, 0x56, 0x11, 0x11, 0x2f, 0x05, 0x14, 0x41, 0x23, 0x1b,
  0x26, 0x33, 0x49, 0x49, 0x33, 0x6a, 0x59, 0x38, 0x63, 0x16, 0x18, 0x5c,
  0x7f, 0x5d, 0x69, 0x32, 0x02, 0x32, 0x3f, 0x59, 0x06, 0x13, 0x1f, 0x18,
  0x16, 0x14, 0x21, 0x1c, 0x25, 0x42, 0x2e, 0x45, 0x51, 0x1d, 0x0f, 0x0e,
  0x5e, 0x05, 0x0f, 0x18, 0x17, 0x17, 0x13, 0x1f, 0x1c, 0x24, 0x43, 0x2e,
  0x42, 0x57, 0x25, 0x13, 0x02, 0x11, 0x88, 0x88, 0x51, 0x51, 0x00, 0x00,
  0x00, 0x01, 0x00, 0x24, 0xff, 0x30, 0x02, 0x03, 0x02, 0xd2, 0x00, 0x41,
  0x00, 0x00, 0x3f, 0x01, 0x1e, 0x04, 0x33, 0x32, 0x36, 0x35, 0x34, 0x2e,
  0x03, 0x35, 0x34, 0x36, 0x33, 0x32, 0x16, 0x1f, 0x01, 0x07, 0x2e, 0x02,
  0x23, 0x22, 0x06, 0x15, 0x14, 0x1e, 0x03, 0x15, 0x14, 0x06, 0x0f, 0x01,
  0x1e, 0x01, 0x15, 0x14, 0x06, 0x23, 0x22, 0x26, 0x2f, 0x01, 0x35, 0x16,
  0x33, 0x32, 0x35, 0x34, 0x23, 0x07, 0x37, 0x2e, 0x03, 0x27, 0x24, 0x46,
  0x03, 0x0c, 0x25, 0x27, 0x3a, 0x1c, 0x2b, 0x3c, 0x45, 0x62, 0x63, 0x45,
  0x88, 0x66, 0x3e, 0x6a, 0x16, 0x16, 0x38, 0x08, 0x1b, 0x52, 0x28, 0x2e,
  0x3d, 0x45, 0x62, 0x62, 0x45, 0x6d, 0x5e, 0x07, 0x21, 0x28, 0x3e, 0x2e,
  0x0f, 0x1f, 0x08, 0x07, 0x15, 0x16, 0x2c, 0x30, 0x15, 0x15, 0x26, 0x48,
  0x30, 0x25, 0x09, 0x55, 0x61, 0x03, 0x0a, 0x1a, 0x14, 0x10, 0x2d, 0x29,
  0x22, 0x35, 0x28, 0x30, 0x58, 0x3c, 0x58, 0x76, 0x26, 0x13, 0x13, 0x69,
  0x07, 0x15, 0x22, 0x30, 0x25, 0x22, 0x32, 0x26, 0x30, 0x59, 0x3f, 0x51,
  0x74, 0x09, 0x22, 0x04, 0x26, 0x22, 0x2e, 0x2a, 0x04, 0x02, 0x01, 0x46,
  0x08, 0x1c, 0x1b, 0x02, 0x4c, 0x03, 0x16, 0x1b, 0x1a, 0x08, 0x00, 0x00,
  0x00, 0x01, 0x00, 0x1b, 0xff, 0x30, 0x01, 0xa4, 0x02, 0x0a, 0x00, 0x3d,
  0x00, 0x00, 0x3f, 0x01, 0x1e, 0x02, 0x33, 0x32, 0x36, 0x35, 0x34, 0x2e,
  0x03, 0x35, 0x34, 0x36, 0x33, 0x32, 0x16, 0x1f, 0x01, 0x07, 0x2e, 0x02,
  0x23, 0x22, 0x06, 0x15, 0x14, 0x1e, 0x03, 0x15, 0x14, 0x06, 0x0f, 0x01,
  0x1e, 0x01, 0x15, 0x14, 0x06, 0x23, 0x22, 0x26, 0x2f, 0x01, 0x35, 0x16,
  0x33, 0x32, 0x35, 0x34, 0x23, 0x07, 0x37, 0x2e, 0x01, 0x27, 0x1b, 0x3a,
  0x06, 0x17, 0x49, 0x25, 0x1c, 0x27, 0x33, 0x49, 0x49, 0x33, 0x6e, 0x55,
  0x33, 0x56, 0x11, 0x11, 0x2f, 0x05, 0x14, 0x41, 0x23, 0x1b, 0x26, 0x33,
  0x49, 0x49, 0x33, 0x5b, 0x4d, 0x07, 0x21, 0x28, 0x3e, 0x2e, 0x0f, 0x1f,
  0x08, 0x07, 0x15, 0x16, 0x2c, 0x30, 0x15, 0x15, 0x2e, 0x51, 0x11, 0x3f,
  0x59, 0x06, 0x13, 0x1f, 0x18, 0x16, 0x14, 0x21, 0x1c, 0x25, 0x42, 0x2e,
  0x45, 0x51, 0x1d, 0x0f, 0x0e, 0x5e, 0x05, 0x0f, 0x18, 0x17, 0x17, 0x13,
  0x1f, 0x1c, 0x24, 0x43, 0x2e, 0x3c, 0x55, 0x07, 0x21, 0x04, 0x26, 0x22,
  0x2e, 0x2a, 0x04, 0x02, 0x01, 0x46, 0x08, 0x1c, 0x1b, 0x02, 0x4c, 0x05,
  0x25, 0x10, 0x00, 0x00, 0x00, 0x02, 0x00, 0x24, 0xff, 0xf4, 0x02, 0x03,
  0x03, 0x7d, 0x00, 0x2d, 0x00, 0x35, 0x00, 0x00, 0x3f, 0x01, 0x1e, 0x04,
  0x33, 0x32, 0x36, 0x35, 0x34, 0x2e, 0x03, 0x35, 0x34, 0x36, 0x33, 0x32,
  0x16, 0x1f, 0x01, 0x07, 0x2e, 0x02, 0x23, 0x22, 0x06, 0x15, 0x14, 0x1e,
  0x03, 0x15, 0x14, 0x06, 0x23, 0x22, 0x2e, 0x02, 0x27, 0x13, 0x27, 0x33,
  0x17, 0x33, 0x37, 0x33, 0x07, 0x24, 0x46, 0x03, 0x0c, 0x25, 0x27, 0x3a,
  0x1c, 0x2b, 0x3c, 0x45, 0x62, 0x63, 0x45, 0x88, 0x66, 0x3e, 0x6a, 0x16,
  0x16, 0x38, 0x08, 0x1b, 0x52, 0x28, 0x2e, 0x3d, 0x45, 0x62, 0x62, 0x45,
  0x7f, 0x6b, 0x2c, 0x53, 0x38, 0x2a, 0x0a, 0xab, 0x5c, 0x69, 0x32, 0x02,
  0x32, 0x69, 0x5d, 0x55, 0x61, 0x03, 0x0a, 0x1a, 0x14, 0x10, 0x2d, 0x29,
  0x22, 0x35, 0x28, 0x30, 0x58, 0x3c, 0x58, 0x76, 0x26, 0x13, 0x13, 0x69,
  0x07, 0x15, 0x22, 0x30, 0x25, 0x22, 0x32, 0x26, 0x30, 0x59, 0x3f, 0x58,
  0x78, 0x14, 0x1d, 0x1c, 0x0a, 0x02, 0xaa, 0x88, 0x51, 0x51, 0x88, 0x00,
  0x00, 0x02, 0x00, 0x1b, 0xff, 0xf4, 0x01, 0xa4, 0x02, 0xc5, 0x00, 0x29,
  0x00, 0x31, 0x00, 0x00, 0x3f, 0x01, 0x1e, 0x02, 0x33, 0x32, 0x36, 0x35,
  0x34, 0x2e, 0x03, 0x35, 0x34, 0x36, 0x33, 0x32, 0x16, 0x1f, 0x01, 0x07,
  0x2e, 0x02, 0x23, 0x22, 0x06, 0x15, 0x14, 0x1e, 0x03, 0x15, 0x14, 0x06,
  0x23, 0x22, 0x26, 0x27, 0x13, 0x27, 0x33, 0x17, 0x33, 0x37, 0x33, 0x07,
  0x1b, 0x3a, 0x06, 0x17, 0x49, 0x25, 0x1c, 0x27, 0x33, 0x49, 0x49, 0x33,
  0x6e, 0x55, 0x33, 0x56, 0x11, 0x11, 0x2f, 0x05, 0x14, 0x41, 0x23, 0x1b,
  0x26, 0x33, 0x49, 0x49, 0x33, 0x6a, 0x59, 0x38, 0x63, 0x16, 0x74, 0x5c,
  0x69, 0x32, 0x02, 0x32, 0x69, 0x5d, 0x3f, 0x59, 0x06, 0x13, 0x1f, 0x18,
  0x16, 0x14, 0x21, 0x1c, 0x25, 0x42, 0x2e, 0x45, 0x51, 0x1d, 0x0f, 0x0e,
  0x5e, 0x05, 0x0f, 0x18, 0x17, 0x17, 0x13, 0x1f, 0x1c, 0x24, 0x43, 0x2e,
  0x42, 0x57, 0x25, 0x13, 0x02, 0x11, 0x88, 0x51, 0x51, 0x88, 0x00, 0x00,
  0x00, 0x01, 0x00, 0x04, 0xff, 0x30, 0x02, 0x57, 0x02, 0xc6, 0x00, 0x1c,
  0x00, 0x00, 0x33, 0x11, 0x23, 0x35, 0x21, 0x15, 0x23, 0x11, 0x23, 0x07,
  0x1e, 0x01, 0x15, 0x14, 0x06, 0x23, 0x22, 0x26, 0x2f, 0x01, 0x35, 0x16,
  0x33, 0x32, 0x35, 0x34, 0x23, 0x07, 0x37, 0xed, 0xe9, 0x02, 0x53, 0xe9,
  0x21, 0x0a, 0x21, 0x28, 0x3e, 0x2e, 0x0f, 0x1f, 0x08, 0x07, 0x15, 0x16,
  0x2c, 0x30, 0x15, 0x18, 0x02, 0x57, 0x6f, 0x6f, 0xfd, 0xa9, 0x2c, 0x04,
  0x26, 0x22, 0x2e, 0x2a, 0x04, 0x02, 0x01, 0x46, 0x08, 0x1c, 0x1b, 0x02,
  0x56, 0x00, 0x00, 0x00, 0x00, 0x01, 0x00, 0x1b, 0xff, 0x30, 0x01, 0x58,
  0x02, 0x89, 0x00, 0x29, 0x00, 0x00, 0x37, 0x35, 0x23, 0x35, 0x33, 0x35,
  0x33, 0x15, 0x33, 0x15, 0x23, 0x15, 0x14, 0x16, 0x33, 0x37, 0x15, 0x06,
  0x23, 0x22, 0x27, 0x07, 0x1e, 0x01, 0x15, 0x14, 0x06, 0x23, 0x22, 0x26,
  0x2f, 0x01, 0x35, 0x16, 0x33, 0x32, 0x35, 0x34, 0x23, 0x07, 0x37, 0x26,
  0x5d, 0x42, 0x45, 0x7c, 0x74, 0x74, 0x3f, 0x26, 0x17, 0x0f, 0x18, 0x21,
  0x1a, 0x0a, 0x21, 0x28, 0x3e, 0x2e, 0x0f, 0x1f, 0x07, 0x08, 0x15, 0x16,
  0x2c, 0x30, 0x15, 0x1d, 0x5e, 0xbb, 0xd6, 0x65, 0x93, 0x93, 0x65, 0xc6,
  0x37, 0x29, 0x02, 0x6f, 0x03, 0x05, 0x2c, 0x04, 0x26, 0x22, 0x2e, 0x2a,
  0x04, 0x02, 0x01, 0x46, 0x08, 0x1c, 0x1b, 0x02, 0x69, 0x2c, 0x00, 0x00,
  0x00, 0x02, 0x00, 0x04, 0x00, 0x00, 0x02, 0x57, 0x03, 0x7d, 0x00, 0x07,
  0x00, 0x0f, 0x00, 0x00, 0x33, 0x11, 0x23, 0x35, 0x21, 0x15, 0x23, 0x11,
  0x03, 0x27, 0x33, 0x17, 0x33, 0x37, 0x33, 0x07, 0xed, 0xe9, 0x02, 0x53,
  0xe9, 0x82, 0x5c, 0x69, 0x32, 0x02, 0x32, 0x69, 0x5d, 0x02, 0x57, 0x6f,
  0x6f, 0xfd, 0xa9, 0x02, 0xf5, 0x88, 0x51, 0x51, 0x88, 0x00, 0x00, 0x00,
  0x00, 0x02, 0x00, 0x1a, 0xff, 0xfb, 0x01, 0x80, 0x02, 0xc6, 0x00, 0x17,
  0x00, 0x21, 0x00, 0x00, 0x37, 0x35, 0x23, 0x35, 0x33, 0x35, 0x33, 0x15,
  0x33, 0x15, 0x23, 0x15, 0x14, 0x16, 0x33, 0x37, 0x15, 0x06, 0x23, 0x22,
  0x2e, 0x03, 0x13, 0x33, 0x16, 0x15, 0x14, 0x07, 0x23, 0x36, 0x35, 0x34,
  0x5c, 0x42, 0x45, 0x7c, 0x74, 0x74, 0x3f, 0x26, 0x17, 0x0f, 0x18, 0x1a,
  0x30, 0x3e, 0x2d, 0x1f, 0xb4, 0x69, 0x07, 0x1a, 0x5e, 0x14, 0xbb, 0xd6,
  0x65, 0x93, 0x93, 0x65, 0xc6, 0x37, 0x29, 0x02, 0x6f, 0x03, 0x07, 0x18,
  0x27, 0x49, 0x02, 0x3c, 0x1b, 0x19, 0x29, 0x34, 0x34, 0x20, 0x1e, 0x00,
  0x00, 0x01, 0x00, 0x0e, 0x00, 0x00, 0x02, 0x60, 0x02, 0xc6, 0x00, 0x0f,
  0x00, 0x00, 0x13, 0x35, 0x33, 0x35, 0x23, 0x35, 0x21, 0x15, 0x23, 0x15,
  0x33, 0x15, 0x23, 0x11, 0x23, 0x11, 0x60, 0x97, 0xe9, 0x02, 0x52, 0xe9,
  0x9c, 0x9c, 0x80, 0x01, 0x27, 0x60, 0xd0, 0x6f, 0x6f, 0xd0, 0x60, 0xfe,
  0xd9, 0x01, 0x27, 0x00, 0x00, 0x01, 0x00, 0x21, 0xff, 0xfb, 0x01, 0x65,
  0x02, 0x89, 0x00, 0x20, 0x00, 0x00, 0x37, 0x35, 0x33, 0x35, 0x23, 0x35,
  0x33, 0x35, 0x33, 0x15, 0x33, 0x15, 0x23, 0x15, 0x33, 0x15, 0x23, 0x15,
  0x14, 0x1e, 0x01, 0x33, 0x37, 0x15, 0x06, 0x23, 0x22, 0x2e, 0x03, 0x3d,
  0x01, 0x21, 0x49, 0x42, 0x45, 0x7c, 0x74, 0x74, 0x6d, 0x6d, 0x26, 0x28,
  0x17, 0x17, 0x0f, 0x18, 0x1a, 0x30, 0x3e, 0x2d, 0x1f, 0xef, 0x54, 0x4e,
  0x65, 0x93, 0x93, 0x65, 0x4e, 0x54, 0x2a, 0x24, 0x2b, 0x0b, 0x02, 0x6f,
  0x03, 0x07, 0x18, 0x27, 0x49, 0x31, 0x34, 0x00, 0x00, 0x02, 0x00, 0x50,
  0xff, 0xf4, 0x02, 0x8d, 0x03, 0x7f, 0x00, 0x10, 0x00, 0x22, 0x00, 0x00,
  0x13, 0x11, 0x33, 0x11, 0x14, 0x16, 0x32, 0x36, 0x35, 0x11, 0x33, 0x11,
  0x14, 0x06, 0x23, 0x22, 0x26, 0x13, 0x34, 0x33, 0x32, 0x1e, 0x01, 0x33,
  0x32, 0x35, 0x33, 0x14, 0x23, 0x22, 0x2e, 0x01, 0x23, 0x22, 0x15, 0x50,
  0x81, 0x55, 0x90, 0x56, 0x81, 0x9e, 0x80, 0x81, 0x9e, 0x69, 0x70, 0x1d,
  0x2d, 0x24, 0x10, 0x27, 0x56, 0x70, 0x1d, 0x2d, 0x24, 0x10, 0x26, 0x00,
  0xff, 0x01, 0xc7, 0xfe, 0x39, 0x46, 0x4f, 0x4f, 0x47, 0x01, 0xc6, 0xfe,
  0x39, 0x77, 0x94, 0x94, 0x02, 0x6e, 0x89, 0x21, 0x20, 0x3e, 0x89, 0x21,
  0x20, 0x3e, 0x00, 0x00, 0x00, 0x02, 0x00, 0x3f, 0xff, 0xf4, 0x02, 0x1b,
  0x02, 0xc7, 0x00, 0x14, 0x00, 0x26, 0x00, 0x00, 0x37, 0x11, 0x33, 0x11,
  0x14, 0x16, 0x33, 0x32, 0x36, 0x3d, 0x01, 0x33, 0x11, 0x23, 0x35, 0x37,
  0x23, 0x0e, 0x01, 0x23, 0x22, 0x13, 0x34, 0x33, 0x32, 0x1e, 0x01, 0x33,
  0x32, 0x35, 0x33, 0x14, 0x23, 0x22, 0x2e, 0x01, 0x23, 0x22, 0x15, 0x3f,
  0x7f, 0x23, 0x2c, 0x42, 0x4d, 0x7f, 0x7a, 0x02, 0x02, 0x15, 0x5f, 0x3d,
  0xb1, 0x39, 0x70, 0x1d, 0x2d, 0x24, 0x10, 0x27, 0x56, 0x70, 0x1d, 0x2d,
  0x24, 0x10, 0x26, 0xb6, 0x01, 0x48, 0xfe, 0xd2, 0x33, 0x35, 0x64, 0x48,
  0xea, 0xfe, 0x02, 0x3a, 0x24, 0x2b, 0x3f, 0x02, 0x4a, 0x89, 0x21, 0x20,
  0x3e, 0x89, 0x21, 0x20, 0x3e, 0x00, 0x00, 0x00, 0x00, 0x02, 0x00, 0x50,
  0xff, 0xf4, 0x02, 0x8d, 0x03, 0x66, 0x00, 0x10, 0x00, 0x14, 0x00, 0x00,
  0x13, 0x11, 0x33, 0x11, 0x14, 0x16, 0x32, 0x36, 0x35, 0x11, 0x33, 0x11,
  0x14, 0x06, 0x23, 0x22, 0x26, 0x13, 0x35, 0x21, 0x15, 0x50, 0x81, 0x55,
  0x90, 0x56, 0x81, 0x9e, 0x80, 0x81, 0x9e, 0x9c, 0x01, 0x06, 0x00, 0xff,
  0x01, 0xc7, 0xfe, 0x39, 0x46, 0x4f, 0x4f, 0x47, 0x01, 0xc6, 0xfe, 0x39,
  0x77, 0x94, 0x94, 0x02, 0x87, 0x57, 0x57, 0x00, 0x00, 0x02, 0x00, 0x3f,
  0xff, 0xf4, 0x02, 0x1b, 0x02, 0xae, 0x00, 0x14, 0x00, 0x18, 0x00, 0x00,
  0x37, 0x11, 0x33, 0x11, 0x14, 0x16, 0x33, 0x32, 0x36, 0x3d, 0x01, 0x33,
  0x11, 0x23, 0x35, 0x37, 0x23, 0x0e, 0x01, 0x23, 0x22, 0x13, 0x35, 0x21,
  0x15, 0x3f, 0x7f, 0x23, 0x2c, 0x42, 0x4d, 0x7f, 0x7a, 0x02, 0x02, 0x15,
  0x5f, 0x3d, 0xb1, 0x6c, 0x01, 0x06, 0xb6, 0x01, 0x48, 0xfe, 0xd2, 0x33,
  0x35, 0x64, 0x48, 0xea, 0xfe, 0x02, 0x3a, 0x24, 0x2b, 0x3f, 0x02, 0x63,
  0x57, 0x57, 0x00, 0x00, 0x00, 0x02, 0x00, 0x50, 0xff, 0xf4, 0x02, 0x8d,
  0x03, 0x7d, 0x00, 0x10, 0x00, 0x22, 0x00, 0x00, 0x13, 0x11, 0x33, 0x11,
  0x14, 0x16, 0x32, 0x36, 0x35, 0x11, 0x33, 0x11, 0x14, 0x06, 0x23, 0x22,
  0x26, 0x01, 0x22, 0x26, 0x3d, 0x01, 0x33, 0x15, 0x14, 0x16, 0x33, 0x32,
  0x36, 0x3d, 0x01, 0x33, 0x15, 0x14, 0x06, 0x50, 0x81, 0x55, 0x90, 0x56,
  0x81, 0x9e, 0x80, 0x81, 0x9e, 0x01, 0x1f, 0x3f, 0x56, 0x5a, 0x22, 0x19,
  0x17, 0x23, 0x5a, 0x56, 0x00, 0xff, 0x01, 0xc7, 0xfe, 0x39, 0x46, 0x4f,
  0x4f, 0x47, 0x01, 0xc6, 0xfe, 0x39, 0x77, 0x94, 0x94, 0x02, 0x69, 0x44,
  0x3c, 0x0c, 0x0c, 0x1d, 0x1e, 0x1f, 0x1d, 0x0b, 0x0c, 0x3c, 0x44, 0x00,
  0x00, 0x02, 0x00, 0x3f, 0xff, 0xf4, 0x02, 0x1b, 0x02, 0xc5, 0x00, 0x14,
  0x00, 0x26, 0x00, 0x00, 0x37, 0x11, 0x33, 0x11, 0x14, 0x16, 0x33, 0x32,
  0x36, 0x3d, 0x01, 0x33, 0x11, 0x23, 0x35, 0x37, 0x23, 0x0e, 0x01, 0x23,
  0x22, 0x13, 0x22, 0x26, 0x3d, 0x01, 0x33, 0x15, 0x14, 0x16, 0x33, 0x32,
  0x36, 0x3d, 0x01, 0x33, 0x15, 0x14, 0x06, 0x3f, 0x7f, 0x23, 0x2c, 0x42,
  0x4d, 0x7f, 0x7a, 0x02, 0x02, 0x15, 0x5f, 0x3d, 0xb1, 0xef, 0x3f, 0x56,
  0x5a, 0x22, 0x19, 0x17, 0x23, 0x5a, 0x56, 0xb6, 0x01, 0x48, 0xfe, 0xd2,
  0x33, 0x35, 0x64, 0x48, 0xea, 0xfe, 0x02, 0x3a, 0x24, 0x2b, 0x3f, 0x02,
  0x45, 0x44, 0x3c, 0x0c, 0x0c, 0x1d, 0x1e, 0x1f, 0x1d, 0x0b, 0x0c, 0x3c,
  0x44, 0x00, 0x00, 0x00, 0x00, 0x03, 0x00, 0x50, 0xff, 0xf4, 0x02, 0x8d,
  0x03, 0x86, 0x00, 0x10, 0x00, 0x1c, 0x00, 0x27, 0x00, 0x00, 0x13, 0x11,
  0x33, 0x11, 0x14, 0x16, 0x32, 0x36, 0x35, 0x11, 0x33, 0x11, 0x14, 0x06,
  0x23, 0x22, 0x26, 0x01, 0x22, 0x26, 0x35, 0x34, 0x36, 0x33, 0x32, 0x16,
  0x15, 0x14, 0x06, 0x27, 0x32, 0x36, 0x35, 0x34, 0x26, 0x22, 0x06, 0x15,
  0x14, 0x16, 0x50, 0x81, 0x55, 0x90, 0x56, 0x81, 0x9e, 0x80, 0x81, 0x9e,
  0x01, 0x1f, 0x27, 0x38, 0x38, 0x27, 0x26, 0x38, 0x38, 0x26, 0x0f, 0x13,
  0x13, 0x1e, 0x13, 0x12, 0x00, 0xff, 0x01, 0xc7, 0xfe, 0x39, 0x46, 0x4f,
  0x4f, 0x47, 0x01, 0xc6, 0xfe, 0x39, 0x77, 0x94, 0x94, 0x02, 0x61, 0x2a,
  0x24, 0x25, 0x2a, 0x2a, 0x25, 0x24, 0x2a, 0x2c, 0x13, 0x0f, 0x10, 0x13,
  0x13, 0x10, 0x0f, 0x13, 0x00, 0x03, 0x00, 0x3f, 0xff, 0xf4, 0x02, 0x1b,
  0x02, 0xce, 0x00, 0x14, 0x00, 0x20, 0x00, 0x2b, 0x00, 0x00, 0x37, 0x11,
  0x33, 0x11, 0x14, 0x16, 0x33, 0x32, 0x36, 0x3d, 0x01, 0x33, 0x11, 0x23,
  0x35, 0x37, 0x23, 0x0e, 0x01, 0x23, 0x22, 0x13, 0x22, 0x26, 0x35, 0x34,
  0x36, 0x33, 0x32, 0x16, 0x15, 0x14, 0x06, 0x27, 0x32, 0x36, 0x35, 0x34,
  0x26, 0x22, 0x06, 0x15, 0x14, 0x16, 0x3f, 0x7f, 0x23, 0x2c, 0x42, 0x4d,
  0x7f, 0x7a, 0x02, 0x02, 0x15, 0x5f, 0x3d, 0xb1, 0xef, 0x27, 0x38, 0x38,
  0x27, 0x26, 0x38, 0x38, 0x26, 0x0f, 0x13, 0x13, 0x1e, 0x13, 0x12, 0xb6,
  0x01, 0x48, 0xfe, 0xd2, 0x33, 0x35, 0x64, 0x48, 0xea, 0xfe, 0x02, 0x3a,
  0x24, 0x2b, 0x3f, 0x02, 0x3d, 0x2a, 0x24, 0x25, 0x2a, 0x2a, 0x25, 0x24,
  0x2a, 0x2c, 0x13, 0x0f, 0x10, 0x13, 0x13, 0x10, 0x0f, 0x13, 0x00, 0x00,
  0x00, 0x03, 0x00, 0x50, 0xff, 0xf4, 0x02, 0x8d, 0x03, 0x7d, 0x00, 0x10,
  0x00, 0x14, 0x00, 0x18, 0x00, 0x00, 0x13, 0x11, 0x33, 0x11, 0x14, 0x16,
  0x32, 0x36, 0x35, 0x11, 0x33, 0x11, 0x14, 0x06, 0x23, 0x22, 0x26, 0x01,
  0x37, 0x33, 0x07, 0x21, 0x37, 0x33, 0x07, 0x50, 0x81, 0x55, 0x90, 0x56,
  0x81, 0x9e, 0x80, 0x81, 0x9e, 0x01, 0x36, 0x4c, 0x7d, 0x68, 0xfe, 0xf0,
  0x47, 0x6c, 0x4a, 0x00, 0xff, 0x01, 0xc7, 0xfe, 0x39, 0x46, 0x4f, 0x4f,
  0x47, 0x01, 0xc6, 0xfe, 0x39, 0x77, 0x94, 0x94, 0x02, 0x6d, 0x88, 0x88,
  0x88, 0x88, 0x00, 0x00, 0x00, 0x03, 0x00, 0x3f, 0xff, 0xf4, 0x02, 0x1b,
  0x02, 0xc5, 0x00, 0x14, 0x00, 0x18, 0x00, 0x1c, 0x00, 0x00, 0x37, 0x11,
  0x33, 0x11, 0x14, 0x16, 0x33, 0x32, 0x36, 0x3d, 0x01, 0x33, 0x11, 0x23,
  0x35, 0x37, 0x23, 0x0e, 0x01, 0x23, 0x22, 0x01, 0x37, 0x33, 0x07, 0x21,
  0x37, 0x33, 0x07, 0x3f, 0x7f, 0x23, 0x2c, 0x42, 0x4d, 0x7f, 0x7a, 0x02,
  0x02, 0x15, 0x5f, 0x3d, 0xb1, 0x01, 0x06, 0x4c, 0x7d, 0x68, 0xfe, 0xf0,
  0x47, 0x6c, 0x4a, 0xb6, 0x01, 0x48, 0xfe, 0xd2, 0x33, 0x35, 0x64, 0x48,
  0xea, 0xfe, 0x02, 0x3a, 0x24, 0x2b, 0x3f, 0x02, 0x49, 0x88, 0x88, 0x88,
  0x88, 0x00, 0x00, 0x00, 0x00, 0x01, 0x00, 0x50, 0xff, 0x30, 0x02, 0x8b,
  0x02, 0xc6, 0x00, 0x23, 0x00, 0x00, 0x05, 0x34, 0x37, 0x35, 0x23, 0x22,
  0x26, 0x35, 0x11, 0x33, 0x11, 0x14, 0x16, 0x32, 0x36, 0x35, 0x11, 0x33,
  0x11, 0x14, 0x0e, 0x02, 0x07, 0x06, 0x15, 0x14, 0x16, 0x1f, 0x01, 0x07,
  0x22, 0x2e, 0x03, 0x01, 0x41, 0x34, 0x07, 0x81, 0x9d, 0x80, 0x55, 0x90,
  0x56, 0x80, 0x17, 0x2f, 0x27, 0x1e, 0x56, 0x18, 0x0c, 0x0c, 0x1e, 0x05,
  0x11, 0x2a, 0x20, 0x1b, 0x70, 0x34, 0x2e, 0x02, 0x93, 0x78, 0x01, 0xc7,
  0xfe, 0x39, 0x46, 0x4f, 0x4f, 0x47, 0x01, 0xc6, 0xfe, 0x39, 0x30, 0x4e,
  0x39, 0x22, 0x14, 0x39, 0x27, 0x0e, 0x12, 0x02, 0x02, 0x5e, 0x03, 0x0d,
  0x13, 0x25, 0x00, 0x00, 0x00, 0x01, 0x00, 0x3f, 0xff, 0x30, 0x02, 0x1b,
  0x01, 0xfe, 0x00, 0x24, 0x00, 0x00, 0x37, 0x11, 0x33, 0x11, 0x14, 0x16,
  0x33, 0x32, 0x36, 0x3d, 0x01, 0x33, 0x11, 0x06, 0x15, 0x14, 0x16, 0x1f,
  0x01, 0x07, 0x22, 0x2e, 0x03, 0x35, 0x34, 0x37, 0x35, 0x23, 0x35, 0x37,
  0x23, 0x0e, 0x01, 0x23, 0x22, 0x3f, 0x7f, 0x23, 0x2c, 0x42, 0x4d, 0x7f,
  0x38, 0x18, 0x0c, 0x0c, 0x1e, 0x05, 0x11, 0x2a, 0x20, 0x1b, 0x41, 0x1a,
  0x02, 0x02, 0x15, 0x5f, 0x3d, 0xb1, 0xb6, 0x01, 0x48, 0xfe, 0xd2, 0x33,
  0x35, 0x64, 0x48, 0xea, 0xfe, 0x02, 0x2f, 0x1f, 0x0e, 0x12, 0x02, 0x02,
  0x5e, 0x03, 0x0d, 0x13, 0x25, 0x18, 0x36, 0x38, 0x02, 0x3a, 0x24, 0x2b,
  0x3f, 0x00, 0x00, 0x00, 0x00, 0x02, 0x00, 0x1a, 0x00, 0x00, 0x03, 0xad,
  0x03, 0x7d, 0x00, 0x1d, 0x00, 0x25, 0x00, 0x00, 0x01, 0x13, 0x1e, 0x01,
  0x1f, 0x01, 0x33, 0x36, 0x37, 0x13, 0x33, 0x03, 0x23, 0x03, 0x27, 0x23,
  0x06, 0x07, 0x03, 0x23, 0x03, 0x33, 0x13, 0x17, 0x33, 0x37, 0x3e, 0x01,
  0x37, 0x13, 0x27, 0x37, 0x33, 0x17, 0x23, 0x27, 0x23, 0x07, 0x02, 0x1a,
  0x7e, 0x05, 0x06, 0x01, 0x01, 0x02, 0x03, 0x09, 0x75, 0x85, 0xb7, 0x95,
  0x6d, 0x12, 0x02, 0x06, 0x0c, 0x6d, 0x95, 0xb2, 0x85, 0x70, 0x0c, 0x02,
  0x01, 0x01, 0x06, 0x05, 0x80, 0x61, 0x5c, 0x7f, 0x5d, 0x69, 0x32, 0x02,
  0x32, 0x02, 0xc6, 0xfe, 0x15, 0x12, 0x26, 0x09, 0x0a, 0x23, 0x28, 0x01,
  0xeb, 0xfd, 0x3a, 0x01, 0xa4, 0x5d, 0x2f, 0x2e, 0xfe, 0x5c, 0x02, 0xc6,
  0xfe, 0x15, 0x4b, 0x0a, 0x09, 0x26, 0x12, 0x01, 0xeb, 0x2f, 0x88, 0x88,
  0x51, 0x51, 0x00, 0x00, 0x00, 0x02, 0x00, 0x0e, 0x00, 0x00, 0x03, 0x27,
  0x02, 0xc5, 0x00, 0x18, 0x00, 0x20, 0x00, 0x00, 0x33, 0x03, 0x33, 0x13,
  0x17, 0x33, 0x36, 0x37, 0x13, 0x33, 0x13, 0x17, 0x33, 0x36, 0x37, 0x13,
  0x33, 0x03, 0x23, 0x03, 0x27, 0x23, 0x06, 0x07, 0x0b, 0x01, 0x37, 0x33,
  0x17, 0x23, 0x27, 0x23, 0x07, 0xaa, 0x9c, 0x86, 0x59, 0x0a, 0x02, 0x05,
  0x07, 0x5e, 0x71, 0x5e, 0x0b, 0x02, 0x04, 0x07, 0x59, 0x84, 0x9b, 0x8d,
  0x56, 0x0d, 0x02, 0x04, 0x08, 0x56, 0x39, 0x5c, 0x7f, 0x5d, 0x69, 0x32,
  0x02, 0x32, 0x01, 0xfe, 0xfe, 0xb1, 0x36, 0x1b, 0x1b, 0x01, 0x4e, 0xfe,
  0xb2, 0x36, 0x1b, 0x1b, 0x01, 0x4f, 0xfe, 0x02, 0x01, 0x23, 0x37, 0x1c,
  0x1b, 0xfe, 0xdd, 0x02, 0x3d, 0x88, 0x88, 0x51, 0x51, 0x00, 0x00, 0x00,
  0x00, 0x02, 0x00, 0x02, 0x00, 0x00, 0x02, 0x5b, 0x03, 0x7d, 0x00, 0x13,
  0x00, 0x1b, 0x00, 0x00, 0x33, 0x11, 0x03, 0x33, 0x17, 0x1e, 0x05, 0x1f,
  0x01, 0x33, 0x36, 0x3f, 0x01, 0x33, 0x03, 0x11, 0x03, 0x37, 0x33, 0x17,
  0x23, 0x27, 0x23, 0x07, 0xee, 0xec, 0x92, 0x6f, 0x05, 0x09, 0x08, 0x08,
  0x06, 0x04, 0x01, 0x02, 0x02, 0x14, 0x17, 0x6e, 0x92, 0xec, 0xdc, 0x5c,
  0x7f, 0x5d, 0x69, 0x32, 0x02, 0x32, 0x01, 0x29, 0x01, 0x9d, 0xd1, 0x09,
  0x14, 0x12, 0x12, 0x0e, 0x0b, 0x03, 0x02, 0x33, 0x2c, 0xd1, 0xfe, 0x63,
  0xfe, 0xd7, 0x02, 0xf5, 0x88, 0x88, 0x51, 0x51, 0x00, 0x02, 0xff, 0xf8,
  0xff, 0x2e, 0x02, 0x07, 0x02, 0xc5, 0x00, 0x16, 0x00, 0x1e, 0x00, 0x00,
  0x17, 0x37, 0x16, 0x33, 0x32, 0x3f, 0x01, 0x03, 0x33, 0x13, 0x17, 0x33,
  0x36, 0x37, 0x13, 0x33, 0x03, 0x0e, 0x01, 0x23, 0x22, 0x26, 0x27, 0x13,
  0x37, 0x33, 0x17, 0x23, 0x27, 0x23, 0x07, 0x01, 0x2a, 0x1c, 0x1d, 0x3c,
  0x1c, 0x13, 0xd7, 0x8f, 0x6b, 0x13, 0x02, 0x08, 0x09, 0x64, 0x8b, 0xe4,
  0x1a, 0x61, 0x3d, 0x1b, 0x35, 0x0d, 0x5c, 0x5c, 0x7f, 0x5d, 0x69, 0x32,
  0x02, 0x32, 0xb1, 0x5f, 0x15, 0x42, 0x2d, 0x01, 0xf6, 0xfe, 0xda, 0x45,
  0x28, 0x1b, 0x01, 0x28, 0xfd, 0xb5, 0x43, 0x42, 0x10, 0x08, 0x02, 0xf7,
  0x88, 0x88, 0x51, 0x51, 0x00, 0x03, 0x00, 0x02, 0x00, 0x00, 0x02, 0x5b,
  0x03, 0x7d, 0x00, 0x13, 0x00, 0x17, 0x00, 0x1b, 0x00, 0x00, 0x33, 0x11,
  0x03, 0x33, 0x17, 0x1e, 0x05, 0x1f, 0x01, 0x33, 0x36, 0x3f, 0x01, 0x33,
  0x03, 0x11, 0x03, 0x35, 0x33, 0x15, 0x21, 0x35, 0x33, 0x15, 0xee, 0xec,
  0x92, 0x6f, 0x05, 0x09, 0x08, 0x08, 0x06, 0x04, 0x01, 0x02, 0x02, 0x14,
  0x17, 0x6e, 0x92, 0xec, 0x14, 0x61, 0xfe, 0xe7, 0x62, 0x01, 0x29, 0x01,
  0x9d, 0xd1, 0x09, 0x14, 0x12, 0x12, 0x0e, 0x0b, 0x03, 0x02, 0x33, 0x2c,
  0xd1, 0xfe, 0x63, 0xfe, 0xd7, 0x03, 0x09, 0x74, 0x74, 0x74, 0x74, 0x00,
  0x00, 0x02, 0x00, 0x26, 0x00, 0x00, 0x02, 0x3b, 0x03, 0x7d, 0x00, 0x17,
  0x00, 0x1b, 0x00, 0x00, 0x33, 0x35, 0x01, 0x3e, 0x01, 0x3f, 0x01, 0x35,
  0x06, 0x23, 0x21, 0x35, 0x21, 0x15, 0x01, 0x0e, 0x01, 0x0f, 0x01, 0x15,
  0x36, 0x33, 0x21, 0x15, 0x01, 0x37, 0x33, 0x07, 0x26, 0x01, 0x3b, 0x0c,
  0x1a, 0x07, 0x07, 0x14, 0x21, 0xfe, 0xd6, 0x02, 0x01, 0xfe, 0xc5, 0x0c,
  0x1a, 0x07, 0x07, 0x14, 0x21, 0x01, 0x3e, 0xfe, 0xcc, 0x4c, 0x83, 0x69,
  0x53, 0x01, 0xc4, 0x12, 0x20, 0x07, 0x07, 0x02, 0x02, 0x6f, 0x52, 0xfe,
  0x3b, 0x12, 0x20, 0x07, 0x07, 0x02, 0x02, 0x6f, 0x02, 0xf5, 0x88, 0x88,
  0x00, 0x02, 0x00, 0x23, 0x00, 0x00, 0x01, 0xe6, 0x02, 0xc5, 0x00, 0x17,
  0x00, 0x1b, 0x00, 0x00, 0x33, 0x35, 0x13, 0x3e, 0x01, 0x3f, 0x01, 0x35,
  0x06, 0x2b, 0x01, 0x35, 0x21, 0x15, 0x03, 0x0e, 0x01, 0x0f, 0x01, 0x15,
  0x36, 0x3b, 0x01, 0x15, 0x01, 0x37, 0x33, 0x07, 0x23, 0xe5, 0x0a, 0x16,
  0x06, 0x05, 0x0f, 0x20, 0xd7, 0x01, 0xb2, 0xe5, 0x0a, 0x16, 0x06, 0x06,
  0x0f, 0x21, 0xe8, 0xfe, 0xe4, 0x4c, 0x83, 0x69, 0x44, 0x01, 0x1f, 0x0d,
  0x17, 0x05, 0x06, 0x02, 0x02, 0x6c, 0x45, 0xfe, 0xe1, 0x0d, 0x17, 0x06,
  0x05, 0x02, 0x03, 0x6c, 0x02, 0x3d, 0x88, 0x88, 0x00, 0x02, 0x00, 0x26,
  0x00, 0x00, 0x02, 0x3b, 0x03, 0x7d, 0x00, 0x17, 0x00, 0x1b, 0x00, 0x00,
  0x33, 0x35, 0x01, 0x3e, 0x01, 0x3f, 0x01, 0x35, 0x06, 0x23, 0x21, 0x35,
  0x21, 0x15, 0x01, 0x0e, 0x01, 0x0f, 0x01, 0x15, 0x36, 0x33, 0x21, 0x15,
  0x01, 0x35, 0x33, 0x15, 0x26, 0x01, 0x3b, 0x0c, 0x1a, 0x07, 0x07, 0x14,
  0x21, 0xfe, 0xd6, 0x02, 0x01, 0xfe, 0xc5, 0x0c, 0x1a, 0x07, 0x07, 0x14,
  0x21, 0x01, 0x3e, 0xfe, 0xcd, 0x6c, 0x53, 0x01, 0xc4, 0x12, 0x20, 0x07,
  0x07, 0x02, 0x02, 0x6f, 0x52, 0xfe, 0x3b, 0x12, 0x20, 0x07, 0x07, 0x02,
  0x02, 0x6f, 0x03, 0x0e, 0x6f, 0x6f, 0x00, 0x00, 0x00, 0x02, 0x00, 0x23,
  0x00, 0x00, 0x01, 0xe6, 0x02, 0xc5, 0x00, 0x17, 0x00, 0x1b, 0x00, 0x00,
  0x33, 0x35, 0x13, 0x3e, 0x01, 0x3f, 0x01, 0x35, 0x06, 0x2b, 0x01, 0x35,
  0x21, 0x15, 0x03, 0x0e, 0x01, 0x0f, 0x01, 0x15, 0x36, 0x3b, 0x01, 0x15,
  0x01, 0x35, 0x33, 0x15, 0x23, 0xe5, 0x0a, 0x16, 0x06, 0x05, 0x0f, 0x20,
  0xd7, 0x01, 0xb2, 0xe5, 0x0a, 0x16, 0x06, 0x06, 0x0f, 0x21, 0xe8, 0xfe,
  0xe5, 0x6c, 0x44, 0x01, 0x1f, 0x0d, 0x17, 0x05, 0x06, 0x02, 0x02, 0x6c,
  0x45, 0xfe, 0xe1, 0x0d, 0x17, 0x06, 0x05, 0x02, 0x03, 0x6c, 0x02, 0x56,
  0x6f, 0x6f, 0x00, 0x00, 0x00, 0x02, 0x00, 0x26, 0x00, 0x00, 0x02, 0x3b,
  0x03, 0x7d, 0x00, 0x17, 0x00, 0x1f, 0x00, 0x00, 0x33, 0x35, 0x01, 0x3e,
  0x01, 0x3f, 0x01, 0x35, 0x06, 0x23, 0x21, 0x35, 0x21, 0x15, 0x01, 0x0e,
  0x01, 0x0f, 0x01, 0x15, 0x36, 0x33, 0x21, 0x15, 0x01, 0x27, 0x33, 0x17,
  0x33, 0x37, 0x33, 0x07, 0x26, 0x01, 0x3b, 0x0c, 0x1a, 0x07, 0x07, 0x14,
  0x21, 0xfe, 0xd6, 0x02, 0x01, 0xfe, 0xc5, 0x0c, 0x1a, 0x07, 0x07, 0x14,
  0x21, 0x01, 0x3e, 0xfe, 0xc3, 0x5c, 0x69, 0x32, 0x02, 0x32, 0x69, 0x5d,
  0x53, 0x01, 0xc4, 0x12, 0x20, 0x07, 0x07, 0x02, 0x02, 0x6f, 0x52, 0xfe,
  0x3b, 0x12, 0x20, 0x07, 0x07, 0x02, 0x02, 0x6f, 0x02, 0xf5, 0x88, 0x51,
  0x51, 0x88, 0x00, 0x00, 0x00, 0x02, 0x00, 0x23, 0x00, 0x00, 0x01, 0xe6,
  0x02, 0xc5, 0x00, 0x17, 0x00, 0x1f, 0x00, 0x00, 0x33, 0x35, 0x13, 0x3e,
  0x01, 0x3f, 0x01, 0x35, 0x06, 0x2b, 0x01, 0x35, 0x21, 0x15, 0x03, 0x0e,
  0x01, 0x0f, 0x01, 0x15, 0x36, 0x3b, 0x01, 0x15, 0x01, 0x27, 0x33, 0x17,
  0x33, 0x37, 0x33, 0x07, 0x23, 0xe5, 0x0a, 0x16, 0x06, 0x05, 0x0f, 0x20,
  0xd7, 0x01, 0xb2, 0xe5, 0x0a, 0x16, 0x06, 0x06, 0x0f, 0x21, 0xe8, 0xfe,
  0xdb, 0x5c, 0x69, 0x32, 0x02, 0x32, 0x69, 0x5d, 0x44, 0x01, 0x1f, 0x0d,
  0x17, 0x05, 0x06, 0x02, 0x02, 0x6c, 0x45, 0xfe, 0xe1, 0x0d, 0x17, 0x06,
  0x05, 0x02, 0x03, 0x6c, 0x02, 0x3d, 0x88, 0x51, 0x51, 0x88, 0x00, 0x00,
  0x00, 0x01, 0x00, 0x21, 0x00, 0x00, 0x01, 0x5b, 0x02, 0xca, 0x00, 0x14,
  0x00, 0x00, 0x33, 0x11, 0x23, 0x35, 0x33, 0x35, 0x34, 0x3e, 0x03, 0x33,
  0x17, 0x15, 0x26, 0x23, 0x22, 0x0e, 0x01, 0x15, 0x11, 0x60, 0x3f, 0x3f,
  0x1e, 0x2c, 0x3d, 0x30, 0x19, 0x2b, 0x0b, 0x0f, 0x17, 0x27, 0x24, 0x01,
  0x91, 0x65, 0x17, 0x30, 0x47, 0x27, 0x18, 0x07, 0x03, 0x6c, 0x02, 0x0a,
  0x29, 0x22, 0xfd, 0xf8, 0x00, 0x01, 0x00, 0x14, 0xff, 0x8b, 0x02, 0x1f,
  0x02, 0xd2, 0x00, 0x20, 0x00, 0x00, 0x17, 0x16, 0x33, 0x32, 0x3f, 0x01,
  0x23, 0x35, 0x33, 0x37, 0x3e, 0x04, 0x33, 0x17, 0x15, 0x26, 0x23, 0x22,
  0x0f, 0x01, 0x33, 0x15, 0x23, 0x03, 0x0e, 0x03, 0x23, 0x27, 0x14, 0x2c,
  0x17, 0x62, 0x08, 0x16, 0x4b, 0x53, 0x0a, 0x05, 0x25, 0x2e, 0x3e, 0x30,
  0x1a, 0x56, 0x36, 0x18, 0x62, 0x09, 0x08, 0x6c, 0x75, 0x17, 0x05, 0x32,
  0x4a, 0x3e, 0x21, 0x4a, 0x02, 0x06, 0x5c, 0xfa, 0x65, 0x61, 0x30, 0x48,
  0x27, 0x18, 0x07, 0x08, 0x6c, 0x07, 0x5d, 0x55, 0x65, 0xfe, 0xfa, 0x3b,
  0x51, 0x24, 0x0d, 0x07, 0x00, 0x02, 0x00, 0x24, 0xff, 0x32, 0x02, 0x03,
  0x02, 0xd2, 0x00, 0x2d, 0x00, 0x37, 0x00, 0x00, 0x3f, 0x01, 0x1e, 0x04,
  0x33, 0x32, 0x36, 0x35, 0x34, 0x2e, 0x03, 0x35, 0x34, 0x36, 0x33, 0x32,
  0x16, 0x1f, 0x01, 0x07, 0x2e, 0x02, 0x23, 0x22, 0x06, 0x15, 0x14, 0x1e,
  0x03, 0x15, 0x14, 0x06, 0x23, 0x22, 0x2e, 0x02, 0x27, 0x17, 0x33, 0x16,
  0x15, 0x14, 0x07, 0x23, 0x36, 0x35, 0x34, 0x24, 0x46, 0x03, 0x0c, 0x25,
  0x27, 0x3a, 0x1c, 0x2b, 0x3c, 0x45, 0x62, 0x63, 0x45, 0x88, 0x66, 0x3e,
  0x6a, 0x16, 0x16, 0x38, 0x08, 0x1b, 0x52, 0x28, 0x2e, 0x3d, 0x45, 0x62,
  0x62, 0x45, 0x7f, 0x6b, 0x2c, 0x53, 0x38, 0x2a, 0x0a, 0xad, 0x69, 0x07,
  0x1a, 0x5e, 0x14, 0x55, 0x61, 0x03, 0x0a, 0x1a, 0x14, 0x10, 0x2d, 0x29,
  0x22, 0x35, 0x28, 0x30, 0x58, 0x3c, 0x58, 0x76, 0x26, 0x13, 0x13, 0x69,
  0x07, 0x15, 0x22, 0x30, 0x25, 0x22, 0x32, 0x26, 0x30, 0x59, 0x3f, 0x58,
  0x78, 0x14, 0x1d, 0x1c, 0x0a, 0x82, 0x1c, 0x1a, 0x2b, 0x36, 0x35, 0x22,
  0x20, 0x00, 0x00, 0x00, 0x00, 0x02, 0x00, 0x1b, 0xff, 0x32, 0x01, 0xa4,
  0x02, 0x0a, 0x00, 0x29, 0x00, 0x33, 0x00, 0x00, 0x3f, 0x01, 0x1e, 0x02,
  0x33, 0x32, 0x36, 0x35, 0x34, 0x2e, 0x03, 0x35, 0x34, 0x36, 0x33, 0x32,
  0x16, 0x1f, 0x01, 0x07, 0x2e, 0x02, 0x23, 0x22, 0x06, 0x15, 0x14, 0x1e,
  0x03, 0x15, 0x14, 0x06, 0x23, 0x22, 0x26, 0x27, 0x17, 0x33, 0x16, 0x15,
  0x14, 0x07, 0x23, 0x36, 0x35, 0x34, 0x1b, 0x3a, 0x06, 0x17, 0x49, 0x25,
  0x1c, 0x27, 0x33, 0x49, 0x49, 0x33, 0x6e, 0x55, 0x33, 0x56, 0x11, 0x11,
  0x2f, 0x05, 0x14, 0x41, 0x23, 0x1b, 0x26, 0x33, 0x49, 0x49, 0x33, 0x6a,
  0x59, 0x38, 0x63, 0x16, 0x7a, 0x69, 0x07, 0x1a, 0x5e, 0x14, 0x3f, 0x59,
  0x06, 0x13, 0x1f, 0x18, 0x16, 0x14, 0x21, 0x1c, 0x25, 0x42, 0x2e, 0x45,
  0x51, 0x1d, 0x0f, 0x0e, 0x5e, 0x05, 0x0f, 0x18, 0x17, 0x17, 0x13, 0x1f,
  0x1c, 0x24, 0x43, 0x2e, 0x42, 0x57, 0x25, 0x13, 0x63, 0x1c, 0x1a, 0x2b,
  0x36, 0x35, 0x22, 0x20, 0x00, 0x02, 0x00, 0x04, 0xff, 0x32, 0x02, 0x57,
  0x02, 0xc6, 0x00, 0x07, 0x00, 0x11, 0x00, 0x00, 0x33, 0x11, 0x23, 0x35,
  0x21, 0x15, 0x23, 0x11, 0x07, 0x33, 0x16, 0x15, 0x14, 0x07, 0x23, 0x36,
  0x35, 0x34, 0xed, 0xe9, 0x02, 0x53, 0xe9, 0x7c, 0x69, 0x07, 0x1a, 0x5e,
  0x14, 0x02, 0x57, 0x6f, 0x6f, 0xfd, 0xa9, 0x37, 0x1c, 0x1a, 0x2b, 0x36,
  0x35, 0x22, 0x20, 0x00, 0x00, 0x02, 0x00, 0x1a, 0xff, 0x32, 0x01, 0x57,
  0x02, 0x89, 0x00, 0x17, 0x00, 0x21, 0x00, 0x00, 0x37, 0x35, 0x23, 0x35,
  0x33, 0x35, 0x33, 0x15, 0x33, 0x15, 0x23, 0x15, 0x14, 0x16, 0x33, 0x37,
  0x15, 0x06, 0x23, 0x22, 0x2e, 0x03, 0x17, 0x33, 0x16, 0x15, 0x14, 0x07,
  0x23, 0x36, 0x35, 0x34, 0x5c, 0x42, 0x45, 0x7c, 0x74, 0x74, 0x3f, 0x26,
  0x17, 0x0f, 0x18, 0x1a, 0x30, 0x3e, 0x2d, 0x1f, 0x4b, 0x69, 0x07, 0x1a,
  0x5e, 0x14, 0xbb, 0xd6, 0x65, 0x93, 0x93, 0x65, 0xc6, 0x37, 0x29, 0x02,
  0x6f, 0x03, 0x07, 0x18, 0x27, 0x49, 0xc1, 0x1c, 0x1a, 0x2b, 0x36, 0x35,
  0x22, 0x20, 0x00, 0x00, 0x00, 0x01, 0x00, 0x5b, 0x02, 0xf5, 0x01, 0x93,
  0x03, 0x7d, 0x00, 0x07, 0x00, 0x00, 0x13, 0x37, 0x33, 0x17, 0x23, 0x27,
  0x23, 0x07, 0x5b, 0x5c, 0x7f, 0x5d, 0x69, 0x32, 0x02, 0x32, 0x02, 0xf5,
  0x88, 0x88, 0x51, 0x51, 0x00, 0x01, 0x00, 0x5b, 0x02, 0xf5, 0x01, 0x93,
  0x03, 0x7d, 0x00, 0x07, 0x00, 0x00, 0x13, 0x27, 0x33, 0x17, 0x33, 0x37,
  0x33, 0x07, 0xb7, 0x5c, 0x69, 0x32, 0x02, 0x32, 0x69, 0x5d, 0x02, 0xf5,
  0x88, 0x51, 0x51, 0x88, 0x00, 0x01, 0x00, 0x62, 0x02, 0xf1, 0x01, 0x8b,
  0x03, 0x7d, 0x00, 0x11, 0x00, 0x00, 0x13, 0x22, 0x26, 0x3d, 0x01, 0x33,
  0x15, 0x14, 0x16, 0x33, 0x32, 0x36, 0x3d, 0x01, 0x33, 0x15, 0x14, 0x06,
  0xf7, 0x3f, 0x56, 0x5a, 0x22, 0x19, 0x17, 0x23, 0x5a, 0x56, 0x02, 0xf1,
  0x44, 0x3c, 0x0c, 0x0c, 0x1d, 0x1e, 0x1f, 0x1d, 0x0b, 0x0c, 0x3c, 0x44,
  0x00, 0x01, 0x00, 0xc1, 0x03, 0x0e, 0x01, 0x2d, 0x03, 0x7d, 0x00, 0x03,
  0x00, 0x00, 0x13, 0x35, 0x33, 0x15, 0xc1, 0x6c, 0x03, 0x0e, 0x6f, 0x6f,
  0x00, 0x02, 0x00, 0x98, 0x02, 0xe9, 0x01, 0x55, 0x03, 0x86, 0x00, 0x0b,
  0x00, 0x16, 0x00, 0x00, 0x13, 0x22, 0x26, 0x35, 0x34, 0x36, 0x33, 0x32,
  0x16, 0x15, 0x14, 0x06, 0x27, 0x32, 0x36, 0x35, 0x34, 0x26, 0x22, 0x06,
  0x15, 0x14, 0x16, 0xf7, 0x27, 0x38, 0x38, 0x27, 0x26, 0x38, 0x38, 0x26,
  0x0f, 0x13, 0x13, 0x1e, 0x13, 0x12, 0x02, 0xe9, 0x2a, 0x24, 0x25, 0x2a,
  0x2a, 0x25, 0x24, 0x2a, 0x2c, 0x13, 0x0f, 0x10, 0x13, 0x13, 0x10, 0x0f,
  0x13, 0x00, 0x00, 0x00, 0x00, 0x01, 0x00, 0xa0, 0xff, 0x30, 0x01, 0x4e,
  0x00, 0x19, 0x00, 0x13, 0x00, 0x00, 0x17, 0x34, 0x36, 0x3f, 0x01, 0x17,
  0x0e, 0x02, 0x15, 0x14, 0x16, 0x1f, 0x01, 0x07, 0x22, 0x2e, 0x03, 0xa0,
  0x33, 0x19, 0x1a, 0x48, 0x08, 0x17, 0x26, 0x19, 0x0c, 0x0c, 0x1f, 0x05,
  0x11, 0x2a, 0x20, 0x1b, 0x70, 0x24, 0x44, 0x10, 0x11, 0x0d, 0x06, 0x14,
  0x30, 0x10, 0x0e, 0x12, 0x02, 0x02, 0x5e, 0x03, 0x0d, 0x13, 0x25, 0x00,
  0x00, 0x01, 0x00, 0x41, 0x02, 0xf3, 0x01, 0xac, 0x03, 0x7f, 0x00, 0x11,
  0x00, 0x00, 0x13, 0x34, 0x33, 0x32, 0x1e, 0x01, 0x33, 0x32, 0x35, 0x33,
  0x14, 0x23, 0x22, 0x2e, 0x01, 0x23, 0x22, 0x15, 0x41, 0x70, 0x1d, 0x2d,
  0x24, 0x10, 0x27, 0x56, 0x70, 0x1d, 0x2d, 0x24, 0x10, 0x26, 0x02, 0xf6,
  0x89, 0x21, 0x20, 0x3e, 0x89, 0x21, 0x20, 0x3e, 0x00, 0x02, 0x00, 0x3b,
  0x02, 0xf5, 0x01, 0xb3, 0x03, 0x7d, 0x00, 0x03, 0x00, 0x07, 0x00, 0x00,
  0x13, 0x37, 0x33, 0x07, 0x21, 0x37, 0x33, 0x07, 0xea, 0x4c, 0x7d, 0x68,
  0xfe, 0xf0, 0x47, 0x6c, 0x4a, 0x02, 0xf5, 0x88, 0x88, 0x88, 0x88, 0x00,
  0x00, 0x01, 0x00, 0x52, 0x00, 0x00, 0x02, 0x8f, 0x02, 0xc6, 0x00, 0x27,
  0x00, 0x00, 0x33, 0x11, 0x34, 0x36, 0x33, 0x21, 0x15, 0x0f, 0x01, 0x15,
  0x17, 0x1e, 0x01, 0x15, 0x14, 0x06, 0x2b, 0x01, 0x35, 0x33, 0x32, 0x36,
  0x34, 0x26, 0x2b, 0x01, 0x35, 0x37, 0x3e, 0x01, 0x3f, 0x01, 0x35, 0x06,
  0x2b, 0x01, 0x22, 0x06, 0x15, 0x11, 0x52, 0x7a, 0x60, 0x01, 0x45, 0x79,
  0x16, 0x12, 0x45, 0x56, 0x7f, 0x5b, 0x95, 0x8c, 0x2b, 0x33, 0x33, 0x2b,
  0x54, 0x59, 0x0c, 0x17, 0x05, 0x05, 0x08, 0x24, 0x84, 0x27, 0x34, 0x01,
  0xf0, 0x5e, 0x78, 0x59, 0xb5, 0x1f, 0x02, 0x01, 0x09, 0x74, 0x47, 0x58,
  0x7a, 0x6f, 0x3a, 0x52, 0x38, 0x59, 0x8d, 0x14, 0x1f, 0x06, 0x05, 0x02,
  0x02, 0x3a, 0x2b, 0xfe, 0x0e, 0x00, 0x00, 0x00, 0x00, 0x01, 0x00, 0x4e,
  0x00, 0xec, 0x02, 0x77, 0x01, 0x4f, 0x00, 0x03, 0x00, 0x00, 0x37, 0x35,
  0x21, 0x15, 0x4e, 0x02, 0x29, 0xec, 0x63, 0x63, 0x00, 0x01, 0x00, 0x4e,
  0x00, 0xec, 0x03, 0x3f, 0x01, 0x4f, 0x00, 0x03, 0x00, 0x00, 0x37, 0x35,
  0x21, 0x15, 0x4e, 0x02, 0xf1, 0xec, 0x63, 0x63, 0x00, 0x01, 0x00, 0x28,
  0x01, 0xf8, 0x00, 0xcc, 0x02, 0xd2, 0x00, 0x03, 0x00, 0x00, 0x13, 0x37,
  0x33, 0x07, 0x28, 0x4b, 0x59, 0x2f, 0x01, 0xf8, 0xda, 0xda, 0x00, 0x00,
  0x00, 0x01, 0x00, 0x2c, 0x01, 0xf7, 0x00, 0xd0, 0x02, 0xd2, 0x00, 0x03,
  0x00, 0x00, 0x13, 0x37, 0x33, 0x07, 0x2c, 0x2f, 0x75, 0x4a, 0x01, 0xf7,
  0xdb, 0xdb, 0x00, 0x00, 0x00, 0x01, 0x00, 0x20, 0xff, 0xa7, 0x00, 0xc1,
  0x00, 0x81, 0x00, 0x03, 0x00, 0x00, 0x17, 0x37, 0x33, 0x07, 0x20, 0x2f,
  0x72, 0x4b, 0x59, 0xda, 0xda, 0x00, 0x00, 0x00, 0x00, 0x02, 0x00, 0x28,
  0x01, 0xf8, 0x01, 0x70, 0x02, 0xd2, 0x00, 0x03, 0x00, 0x07, 0x00, 0x00,
  0x13, 0x37, 0x33, 0x07, 0x21, 0x37, 0x33, 0x07, 0xcc, 0x4a, 0x5a, 0x2f,
  0xfe, 0xe7, 0x4b, 0x5a, 0x30, 0x01, 0xf8, 0xda, 0xda, 0xda, 0xda, 0x00,
  0x00, 0x02, 0x00, 0x2c, 0x01, 0xf7, 0x01, 0x74, 0x02, 0xd2, 0x00, 0x03,
  0x00, 0x07, 0x00, 0x00, 0x13, 0x37, 0x33, 0x07, 0x23, 0x37, 0x33, 0x07,
  0xd0, 0x2f, 0x75, 0x4a, 0xfe, 0x2f, 0x76, 0x4b, 0x01, 0xf7, 0xdb, 0xdb,
  0xdb, 0xdb, 0x00, 0x00, 0x00, 0x02, 0x00, 0x20, 0xff, 0xa7, 0x01, 0x60,
  0x00, 0x81, 0x00, 0x03, 0x00, 0x07, 0x00, 0x00, 0x17, 0x37, 0x33, 0x07,
  0x23, 0x37, 0x33, 0x07, 0xc0, 0x2f, 0x71, 0x4a, 0xf6, 0x2f, 0x72, 0x4b,
  0x59, 0xda, 0xda, 0xda, 0xda, 0x00, 0x00, 0x00, 0x00, 0x01, 0x00, 0x24,
  0xff, 0xce, 0x01, 0x98, 0x02, 0xc6, 0x00, 0x0b, 0x00, 0x00, 0x17, 0x11,
  0x23, 0x35, 0x33, 0x35, 0x33, 0x15, 0x33, 0x15, 0x23, 0x11, 0xa0, 0x7c,
  0x7c, 0x7a, 0x7e, 0x7e, 0x32, 0x01, 0xcd, 0x63, 0xc8, 0xc8, 0x63, 0xfe,
  0x33, 0x00, 0x00, 0x00, 0x00, 0x01, 0x00, 0x34, 0xff, 0xce, 0x01, 0xa8,
  0x02, 0xc6, 0x00, 0x13, 0x00, 0x00, 0x37, 0x35, 0x33, 0x35, 0x23, 0x35,
  0x33, 0x35, 0x33, 0x15, 0x33, 0x15, 0x23, 0x15, 0x33, 0x15, 0x23, 0x15,
  0x23, 0x35, 0x34, 0x7c, 0x7c, 0x7c, 0x7a, 0x7e, 0x7e, 0x7e, 0x7e, 0x7a,
  0xa3, 0x62, 0x96, 0x63, 0xc8, 0xc8, 0x63, 0x96, 0x62, 0xd5, 0xd5, 0x00,
  0x00, 0x01, 0x00, 0x29, 0x00, 0x7c, 0x01, 0x77, 0x01, 0xca, 0x00, 0x09,
  0x00, 0x00, 0x37, 0x22, 0x26, 0x34, 0x36, 0x33, 0x32, 0x16, 0x14, 0x06,
  0xd0, 0x45, 0x62, 0x62, 0x45, 0x46, 0x61, 0x61, 0x7c, 0x62, 0x8a, 0x62,
  0x62, 0x8a, 0x62, 0x00, 0x00, 0x03, 0x00, 0x41, 0x00, 0x00, 0x02, 0xf5,
  0x00, 0x7f, 0x00, 0x03, 0x00, 0x07, 0x00, 0x0b, 0x00, 0x00, 0x21, 0x35,
  0x33, 0x15, 0x21, 0x35, 0x33, 0x15, 0x21, 0x35, 0x33, 0x15, 0x02, 0x7a,
  0x7b, 0xfe, 0x68, 0x7b, 0xfe, 0x69, 0x7a, 0x7f, 0x7f, 0x7f, 0x7f, 0x7f,
  0x7f, 0x00, 0x00, 0x00, 0x00, 0x07, 0x00, 0x26, 0xff, 0xf4, 0x04, 0x66,
  0x02, 0xd2, 0x00, 0x09, 0x00, 0x0d, 0x00, 0x17, 0x00, 0x20, 0x00, 0x29,
  0x00, 0x33, 0x00, 0x3d, 0x00, 0x00, 0x00, 0x22, 0x26, 0x35, 0x34, 0x36,
  0x32, 0x16, 0x15, 0x14, 0x09, 0x01, 0x33, 0x01, 0x02, 0x32, 0x36, 0x35,
  0x34, 0x26, 0x22, 0x06, 0x15, 0x14, 0x00, 0x34, 0x36, 0x33, 0x32, 0x16,
  0x14, 0x06, 0x22, 0x24, 0x34, 0x36, 0x33, 0x32, 0x16, 0x14, 0x06, 0x22,
  0x25, 0x14, 0x16, 0x32, 0x36, 0x35, 0x34, 0x26, 0x22, 0x06, 0x05, 0x14,
  0x16, 0x32, 0x36, 0x35, 0x34, 0x26, 0x22, 0x06, 0x01, 0x0d, 0x88, 0x5f,
  0x60, 0x86, 0x61, 0xfe, 0xd2, 0x02, 0x21, 0x75, 0xfd, 0xdf, 0x07, 0x38,
  0x27, 0x27, 0x38, 0x26, 0x02, 0x98, 0x5f, 0x44, 0x43, 0x61, 0x60, 0x88,
  0xfe, 0x2c, 0x5f, 0x44, 0x43, 0x60, 0x5f, 0x88, 0x01, 0x77, 0x26, 0x38,
  0x27, 0x27, 0x38, 0x26, 0xfe, 0x8b, 0x26, 0x38, 0x27, 0x27, 0x38, 0x26,
  0x01, 0x96, 0x5c, 0x42, 0x41, 0x5d, 0x5d, 0x41, 0x42, 0xfe, 0x0e, 0x02,
  0xc6, 0xfd, 0x3a, 0x01, 0xf2, 0x26, 0x1c, 0x1b, 0x27, 0x27, 0x1b, 0x1c,
  0xfe, 0x38, 0x82, 0x5d, 0x5d, 0x82, 0x5c, 0x5c, 0x82, 0x5d, 0x5d, 0x82,
  0x5c, 0x9e, 0x1c, 0x26, 0x26, 0x1c, 0x1b, 0x27, 0x27, 0x1b, 0x1c, 0x26,
  0x26, 0x1c, 0x1b, 0x27, 0x27, 0x00, 0x00, 0x00, 0x00, 0x01, 0x00, 0x23,
  0x00, 0x4d, 0x01, 0x40, 0x01, 0xe8, 0x00, 0x05, 0x00, 0x00, 0x37, 0x27,
  0x37, 0x33, 0x07, 0x17, 0xc7, 0xa4, 0xa4, 0x79, 0xa4, 0xa4, 0x4d, 0xcd,
  0xce, 0xce, 0xcd, 0x00, 0x00, 0x01, 0x00, 0x28, 0x00, 0x4d, 0x01, 0x45,
  0x01, 0xe8, 0x00, 0x05, 0x00, 0x00, 0x3f, 0x01, 0x27, 0x33, 0x17, 0x07,
  0x28, 0xa4, 0xa4, 0x79, 0xa4, 0xa4, 0x4d, 0xcd, 0xce, 0xce, 0xcd, 0x00,
  0x00, 0x01, 0xff, 0x83, 0x00, 0x00, 0x01, 0x2f, 0x02, 0xc6, 0x00, 0x03,
  0x00, 0x00, 0x2b, 0x01, 0x01, 0x33, 0x20, 0x5d, 0x01, 0x50, 0x5c, 0x02,
  0xc6, 0x00, 0x00, 0x00, 0x00, 0x02, 0x00, 0x23, 0x01, 0x9d, 0x01, 0x68,
  0x03, 0x68, 0x00, 0x07, 0x00, 0x0f, 0x00, 0x00, 0x13, 0x22, 0x35, 0x34,
  0x33, 0x32, 0x15, 0x14, 0x27, 0x32, 0x35, 0x34, 0x23, 0x22, 0x15, 0x14,
  0xc6, 0xa3, 0xa3, 0xa2, 0xa2, 0x42, 0x42, 0x43, 0x01, 0x9d, 0xe6, 0xe5,
  0xe5, 0xe6, 0x57, 0x8f, 0x8d, 0x8d, 0x8f, 0x00, 0x00, 0x02, 0x00, 0x14,
  0x01, 0xa7, 0x01, 0x77, 0x03, 0x5e, 0x00, 0x0a, 0x00, 0x12, 0x00, 0x00,
  0x13, 0x35, 0x23, 0x35, 0x13, 0x33, 0x11, 0x33, 0x15, 0x23, 0x15, 0x27,
  0x33, 0x35, 0x37, 0x23, 0x06, 0x0f, 0x01, 0xe0, 0xcc, 0xbd, 0x6c, 0x3a,
  0x3a, 0xc8, 0x6b, 0x03, 0x02, 0x0c, 0x0e, 0x52, 0x01, 0xa7, 0x63, 0x40,
  0x01, 0x14, 0xfe, 0xfe, 0x52, 0x63, 0xb5, 0x6e, 0x37, 0x1b, 0x14, 0x74,
  0x00, 0x01, 0x00, 0x28, 0x01, 0x9d, 0x01, 0x65, 0x03, 0x5e, 0x00, 0x23,
  0x00, 0x00, 0x13, 0x22, 0x2e, 0x02, 0x2f, 0x01, 0x37, 0x1e, 0x02, 0x33,
  0x32, 0x36, 0x34, 0x26, 0x23, 0x22, 0x06, 0x0f, 0x01, 0x27, 0x37, 0x33,
  0x15, 0x23, 0x0f, 0x01, 0x17, 0x36, 0x33, 0x32, 0x16, 0x15, 0x14, 0x06,
  0xbf, 0x1b, 0x34, 0x22, 0x1a, 0x06, 0x06, 0x34, 0x04, 0x0e, 0x30, 0x1a,
  0x1f, 0x2e, 0x2e, 0x21, 0x13, 0x23, 0x08, 0x09, 0x33, 0x16, 0xf5, 0xa8,
  0x04, 0x05, 0x02, 0x15, 0x1e, 0x44, 0x56, 0x5b, 0x01, 0x9d, 0x0e, 0x13,
  0x14, 0x07, 0x07, 0x43, 0x05, 0x10, 0x1a, 0x26, 0x3c, 0x27, 0x09, 0x04,
  0x05, 0x13, 0xe0, 0x54, 0x2f, 0x19, 0x01, 0x08, 0x55, 0x3d, 0x3e, 0x5c,
  0x00, 0x02, 0x00, 0x27, 0x01, 0x9d, 0x01, 0x6a, 0x03, 0x68, 0x00, 0x19,
  0x00, 0x25, 0x00, 0x00, 0x13, 0x22, 0x26, 0x35, 0x34, 0x3e, 0x01, 0x33,
  0x32, 0x16, 0x1f, 0x01, 0x07, 0x26, 0x23, 0x22, 0x06, 0x07, 0x33, 0x36,
  0x33, 0x32, 0x16, 0x15, 0x14, 0x06, 0x27, 0x32, 0x36, 0x35, 0x34, 0x26,
  0x23, 0x22, 0x06, 0x15, 0x14, 0x16, 0xd3, 0x49, 0x63, 0x2b, 0x5f, 0x41,
  0x19, 0x31, 0x0c, 0x0c, 0x1b, 0x23, 0x1f, 0x26, 0x35, 0x09, 0x02, 0x1a,
  0x25, 0x44, 0x52, 0x54, 0x43, 0x1a, 0x1e, 0x25, 0x21, 0x19, 0x24, 0x2b,
  0x01, 0x9d, 0x6e, 0x5f, 0x3e, 0x71, 0x4f, 0x0c, 0x06, 0x05, 0x51, 0x10,
  0x36, 0x2b, 0x15, 0x52, 0x3e, 0x40, 0x57, 0x57, 0x26, 0x1b, 0x1f, 0x2b,
  0x18, 0x10, 0x27, 0x3c, 0x00, 0x01, 0x00, 0x2c, 0x01, 0xa7, 0x01, 0x66,
  0x03, 0x5e, 0x00, 0x0a, 0x00, 0x00, 0x1b, 0x01, 0x37, 0x35, 0x06, 0x2b,
  0x01, 0x35, 0x21, 0x15, 0x03, 0x33, 0xaf, 0x18, 0x12, 0x15, 0xa7, 0x01,
  0x3a, 0xcb, 0x01, 0xa7, 0x01, 0x3d, 0x26, 0x02, 0x02, 0x54, 0x41, 0xfe,
  0x8a, 0x00, 0x00, 0x00, 0x00, 0x03, 0x00, 0x21, 0x01, 0x9d, 0x01, 0x66,
  0x03, 0x68, 0x00, 0x12, 0x00, 0x22, 0x00, 0x2f, 0x00, 0x00, 0x13, 0x34,
  0x37, 0x26, 0x35, 0x34, 0x36, 0x32, 0x16, 0x15, 0x14, 0x07, 0x16, 0x15,
  0x14, 0x06, 0x23, 0x22, 0x26, 0x37, 0x34, 0x2e, 0x05, 0x27, 0x06, 0x15,
  0x14, 0x16, 0x33, 0x32, 0x36, 0x27, 0x14, 0x1e, 0x02, 0x17, 0x36, 0x35,
  0x34, 0x26, 0x23, 0x22, 0x06, 0x21, 0x44, 0x2f, 0x56, 0x78, 0x59, 0x35,
  0x3e, 0x5f, 0x41, 0x43, 0x62, 0xe6, 0x05, 0x0d, 0x0b, 0x17, 0x0d, 0x1d,
  0x07, 0x25, 0x2b, 0x1d, 0x1a, 0x28, 0x76, 0x0c, 0x1d, 0x16, 0x17, 0x1d,
  0x24, 0x18, 0x17, 0x20, 0x02, 0x26, 0x3d, 0x31, 0x23, 0x37, 0x3a, 0x40,
  0x42, 0x39, 0x37, 0x35, 0x25, 0x3e, 0x3a, 0x47, 0x49, 0x3d, 0x08, 0x0e,
  0x0d, 0x09, 0x0c, 0x07, 0x0d, 0x03, 0x23, 0x24, 0x1c, 0x21, 0x1d, 0xdf,
  0x0d, 0x15, 0x13, 0x0b, 0x0a, 0x24, 0x23, 0x16, 0x19, 0x16, 0x00, 0x00,
  0x00, 0x02, 0x00, 0x22, 0x01, 0x9d, 0x01, 0x65, 0x03, 0x68, 0x00, 0x18,
  0x00, 0x24, 0x00, 0x00, 0x13, 0x34, 0x36, 0x33, 0x32, 0x16, 0x15, 0x14,
  0x06, 0x23, 0x22, 0x26, 0x2f, 0x01, 0x37, 0x16, 0x33, 0x32, 0x36, 0x37,
  0x23, 0x06, 0x23, 0x22, 0x26, 0x37, 0x14, 0x16, 0x33, 0x32, 0x36, 0x35,
  0x34, 0x26, 0x23, 0x22, 0x06, 0x22, 0x53, 0x43, 0x4a, 0x63, 0x6c, 0x60,
  0x19, 0x31, 0x0c, 0x0c, 0x1c, 0x22, 0x1f, 0x26, 0x35, 0x0a, 0x02, 0x1c,
  0x23, 0x45, 0x51, 0x5e, 0x26, 0x20, 0x19, 0x24, 0x2b, 0x20, 0x1a, 0x1e,
  0x02, 0xd1, 0x40, 0x57, 0x6e, 0x60, 0x62, 0x9b, 0x0c, 0x05, 0x06, 0x51,
  0x10, 0x35, 0x2b, 0x15, 0x52, 0x3e, 0x1f, 0x2c, 0x19, 0x0f, 0x27, 0x3c,
  0x25, 0x00, 0x00, 0x00, 0x00, 0x02, 0x00, 0x23, 0xff, 0x59, 0x01, 0x68,
  0x01, 0x24, 0x00, 0x07, 0x00, 0x0f, 0x00, 0x00, 0x17, 0x22, 0x35, 0x34,
  0x33, 0x32, 0x15, 0x14, 0x27, 0x32, 0x35, 0x34, 0x23, 0x22, 0x15, 0x14,
  0xc6, 0xa3, 0xa3, 0xa2, 0xa2, 0x42, 0x42, 0x43, 0xa7, 0xe6, 0xe5, 0xe5,
  0xe6, 0x57, 0x8f, 0x8d, 0x8d, 0x8f, 0x00, 0x00, 0x00, 0x01, 0x00, 0x39,
  0xff, 0x63, 0x01, 0x59, 0x01, 0x1a, 0x00, 0x0e, 0x00, 0x00, 0x17, 0x35,
  0x33, 0x35, 0x37, 0x23, 0x06, 0x0f, 0x01, 0x27, 0x37, 0x33, 0x11, 0x33,
  0x15, 0x43, 0x5c, 0x02, 0x02, 0x04, 0x0b, 0x1f, 0x38, 0x71, 0x54, 0x5b,
  0x9d, 0x53, 0xcf, 0x1c, 0x09, 0x0a, 0x1d, 0x3c, 0x6d, 0xfe, 0x9c, 0x53,
  0x00, 0x01, 0x00, 0x2c, 0xff, 0x63, 0x01, 0x61, 0x01, 0x24, 0x00, 0x20,
  0x00, 0x00, 0x17, 0x26, 0x35, 0x34, 0x3e, 0x03, 0x34, 0x26, 0x23, 0x22,
  0x06, 0x0f, 0x01, 0x27, 0x3e, 0x04, 0x33, 0x32, 0x16, 0x15, 0x14, 0x0e,
  0x03, 0x07, 0x33, 0x15, 0x30, 0x04, 0x2b, 0x3d, 0x3c, 0x2b, 0x23, 0x1b,
  0x14, 0x27, 0x0a, 0x0a, 0x3e, 0x02, 0x07, 0x1b, 0x20, 0x33, 0x1c, 0x3f,
  0x59, 0x27, 0x39, 0x39, 0x2b, 0x02, 0xcc, 0x9d, 0x1c, 0x0d, 0x30, 0x4b,
  0x2c, 0x25, 0x29, 0x2e, 0x1d, 0x17, 0x0b, 0x0c, 0x37, 0x03, 0x0b, 0x1b,
  0x15, 0x11, 0x49, 0x3f, 0x28, 0x3f, 0x27, 0x20, 0x24, 0x14, 0x53, 0x00,
  0x00, 0x01, 0x00, 0x24, 0xff, 0x59, 0x01, 0x5f, 0x01, 0x1a, 0x00, 0x1f,
  0x00, 0x00, 0x17, 0x22, 0x26, 0x2f, 0x01, 0x37, 0x1e, 0x02, 0x33, 0x32,
  0x36, 0x34, 0x26, 0x2b, 0x01, 0x27, 0x3f, 0x01, 0x35, 0x06, 0x2b, 0x01,
  0x35, 0x21, 0x15, 0x07, 0x1e, 0x01, 0x15, 0x14, 0x06, 0xb9, 0x2d, 0x4a,
  0x0f, 0x0f, 0x32, 0x04, 0x0f, 0x32, 0x1c, 0x1e, 0x2a, 0x2e, 0x20, 0x23,
  0x14, 0x4f, 0x18, 0x14, 0x0f, 0x81, 0x01, 0x18, 0x63, 0x31, 0x3c, 0x5c,
  0xa7, 0x21, 0x11, 0x11, 0x43, 0x05, 0x10, 0x1a, 0x24, 0x36, 0x1e, 0x2d,
  0x5a, 0x18, 0x02, 0x03, 0x54, 0x3d, 0x70, 0x09, 0x42, 0x34, 0x3d, 0x58,
  0x00, 0x02, 0x00, 0x14, 0xff, 0x63, 0x01, 0x77, 0x01, 0x1a, 0x00, 0x0a,
  0x00, 0x12, 0x00, 0x00, 0x17, 0x35, 0x23, 0x35, 0x13, 0x33, 0x11, 0x33,
  0x15, 0x23, 0x15, 0x27, 0x33, 0x35, 0x37, 0x23, 0x06, 0x0f, 0x01, 0xe0,
  0xcc, 0xbd, 0x6c, 0x3a, 0x3a, 0xc8, 0x6b, 0x03, 0x02, 0x0c, 0x0e, 0x52,
  0x9d, 0x63, 0x40, 0x01, 0x14, 0xfe, 0xfe, 0x52, 0x63, 0xb5, 0x6e, 0x37,
  0x1b, 0x14, 0x74, 0x00, 0x00, 0x01, 0x00, 0x28, 0xff, 0x59, 0x01, 0x65,
  0x01, 0x1a, 0x00, 0x23, 0x00, 0x00, 0x17, 0x22, 0x2e, 0x02, 0x2f, 0x01,
  0x37, 0x1e, 0x02, 0x33, 0x32, 0x36, 0x34, 0x26, 0x23, 0x22, 0x06, 0x0f,
  0x01, 0x27, 0x37, 0x33, 0x15, 0x23, 0x0f, 0x01, 0x17, 0x36, 0x33, 0x32,
  0x16, 0x15, 0x14, 0x06, 0xbf, 0x1b, 0x34, 0x22, 0x1a, 0x06, 0x06, 0x34,
  0x04, 0x0e, 0x30, 0x1a, 0x1f, 0x2e, 0x2e, 0x21, 0x13, 0x23, 0x08, 0x09,
  0x33, 0x16, 0xf5, 0xa8, 0x04, 0x05, 0x02, 0x15, 0x1e, 0x44, 0x56, 0x5b,
  0xa7, 0x0e, 0x13, 0x14, 0x07, 0x07, 0x43, 0x05, 0x10, 0x1a, 0x26, 0x3c,
  0x27, 0x09, 0x04, 0x05, 0x13, 0xe0, 0x54, 0x2f, 0x19, 0x01, 0x08, 0x55,
  0x3d, 0x3e, 0x5c, 0x00, 0x00, 0x02, 0x00, 0x27, 0xff, 0x59, 0x01, 0x6a,
  0x01, 0x24, 0x00, 0x19, 0x00, 0x25, 0x00, 0x00, 0x17, 0x22, 0x26, 0x35,
  0x34, 0x3e, 0x01, 0x33, 0x32, 0x16, 0x1f, 0x01, 0x07, 0x26, 0x23, 0x22,
  0x06, 0x07, 0x33, 0x36, 0x33, 0x32, 0x16, 0x15, 0x14, 0x06, 0x27, 0x32,
  0x36, 0x35, 0x34, 0x26, 0x23, 0x22, 0x06, 0x15, 0x14, 0x16, 0xd3, 0x49,
  0x63, 0x2b, 0x5f, 0x41, 0x19, 0x31, 0x0c, 0x0c, 0x1b, 0x23, 0x1f, 0x26,
  0x35, 0x09, 0x02, 0x1a, 0x25, 0x44, 0x52, 0x54, 0x43, 0x1a, 0x1e, 0x25,
  0x21, 0x19, 0x24, 0x2b, 0xa7, 0x6e, 0x5f, 0x3e, 0x71, 0x4f, 0x0c, 0x06,
  0x05, 0x51, 0x10, 0x36, 0x2b, 0x15, 0x52, 0x3e, 0x40, 0x57, 0x57, 0x26,
  0x1b, 0x1f, 0x2b, 0x18, 0x10, 0x27, 0x3c, 0x00, 0x00, 0x01, 0x00, 0x2c,
  0xff, 0x63, 0x01, 0x66, 0x01, 0x1a, 0x00, 0x0a, 0x00, 0x00, 0x17, 0x13,
  0x37, 0x35, 0x06, 0x2b, 0x01, 0x35, 0x21, 0x15, 0x03, 0x33, 0xaf, 0x18,
  0x12, 0x15, 0xa7, 0x01, 0x3a, 0xcb, 0x9d, 0x01, 0x3d, 0x26, 0x02, 0x02,
  0x54, 0x41, 0xfe, 0x8a, 0x00, 0x03, 0x00, 0x21, 0xff, 0x59, 0x01, 0x66,
  0x01, 0x24, 0x00, 0x12, 0x00, 0x22, 0x00, 0x2f, 0x00, 0x00, 0x17, 0x34,
  0x37, 0x26, 0x35, 0x34, 0x36, 0x32, 0x16, 0x15, 0x14, 0x07, 0x16, 0x15,
  0x14, 0x06, 0x23, 0x22, 0x26, 0x37, 0x34, 0x2e, 0x05, 0x27, 0x06, 0x15,
  0x14, 0x16, 0x33, 0x32, 0x36, 0x27, 0x14, 0x1e, 0x02, 0x17, 0x36, 0x35,
  0x34, 0x26, 0x23, 0x22, 0x06, 0x21, 0x44, 0x2f, 0x56, 0x78, 0x59, 0x35,
  0x3e, 0x5f, 0x41, 0x43, 0x62, 0xe6, 0x05, 0x0d, 0x0b, 0x17, 0x0d, 0x1d,
  0x07, 0x25, 0x2b, 0x1d, 0x1a, 0x28, 0x76, 0x0c, 0x1d, 0x16, 0x17, 0x1d,
  0x24, 0x18, 0x17, 0x20, 0x1e, 0x3d, 0x31, 0x23, 0x37, 0x3a, 0x40, 0x42,
  0x39, 0x37, 0x35, 0x25, 0x3e, 0x3a, 0x47, 0x49, 0x3d, 0x08, 0x0e, 0x0d,
  0x09, 0x0c, 0x07, 0x0d, 0x03, 0x23, 0x24, 0x1c, 0x21, 0x1d, 0xdf, 0x0d,
  0x15, 0x13, 0x0b, 0x0a, 0x24, 0x23, 0x16, 0x19, 0x16, 0x00, 0x00, 0x00,
  0x00, 0x02, 0x00, 0x22, 0xff, 0x59, 0x01, 0x65, 0x01, 0x24, 0x00, 0x18,
  0x00, 0x24, 0x00, 0x00, 0x37, 0x34, 0x36, 0x33, 0x32, 0x16, 0x15, 0x14,
  0x06, 0x23, 0x22, 0x26, 0x2f, 0x01, 0x37, 0x16, 0x33, 0x32, 0x36, 0x37,
  0x23, 0x06, 0x23, 0x22, 0x26, 0x37, 0x14, 0x16, 0x33, 0x32, 0x36, 0x35,
  0x34, 0x26, 0x23, 0x22, 0x06, 0x22, 0x53, 0x43, 0x4a, 0x63, 0x6c, 0x60,
  0x19, 0x31, 0x0c, 0x0c, 0x1c, 0x22, 0x1f, 0x26, 0x35, 0x0a, 0x02, 0x1c,
  0x23, 0x45, 0x51, 0x5e, 0x26, 0x20, 0x19, 0x24, 0x2b, 0x20, 0x1a, 0x1e,
  0x8d, 0x40, 0x57, 0x6e, 0x60, 0x62, 0x9b, 0x0b, 0x06, 0x06, 0x51, 0x10,
  0x35, 0x2b, 0x15, 0x52, 0x3e, 0x1f, 0x2c, 0x19, 0x0f, 0x27, 0x3c, 0x25,
  0x00, 0x01, 0x00, 0x1f, 0xff, 0xf4, 0x02, 0x30, 0x02, 0xd2, 0x00, 0x29,
  0x00, 0x00, 0x37, 0x35, 0x33, 0x26, 0x37, 0x23, 0x35, 0x33, 0x3e, 0x01,
  0x33, 0x32, 0x16, 0x1f, 0x01, 0x07, 0x26, 0x23, 0x22, 0x06, 0x07, 0x21,
  0x07, 0x21, 0x06, 0x17, 0x33, 0x07, 0x23, 0x1e, 0x01, 0x33, 0x32, 0x36,
  0x3f, 0x01, 0x17, 0x06, 0x23, 0x22, 0x26, 0x27, 0x1f, 0x38, 0x05, 0x04,
  0x37, 0x45, 0x21, 0xbb, 0x7a, 0x19, 0x36, 0x0e, 0x0e, 0x1f, 0x26, 0x29,
  0x47, 0x6a, 0x18, 0x00, 0xff, 0x0f, 0xfe, 0xfe, 0x04, 0x05, 0xf4, 0x0f,
  0xcf, 0x18, 0x6c, 0x45, 0x16, 0x2e, 0x0c, 0x0c, 0x18, 0x33, 0x43, 0x7f,
  0xb8, 0x1f, 0xfa, 0x4c, 0x19, 0x25, 0x4d, 0x72, 0x8f, 0x06, 0x04, 0x03,
  0x75, 0x0a, 0x49, 0x40, 0x4d, 0x1b, 0x23, 0x4c, 0x40, 0x4c, 0x07, 0x03,
  0x04, 0x76, 0x12, 0x90, 0x76, 0x00, 0x00, 0x00, 0x00, 0x02, 0x00, 0x12,
  0x01, 0x0b, 0x03, 0x7e, 0x02, 0xc6, 0x00, 0x14, 0x00, 0x1c, 0x00, 0x00,
  0x01, 0x13, 0x33, 0x1f, 0x01, 0x33, 0x36, 0x3f, 0x01, 0x33, 0x13, 0x23,
  0x27, 0x37, 0x23, 0x07, 0x23, 0x27, 0x23, 0x17, 0x07, 0x21, 0x11, 0x23,
  0x35, 0x21, 0x15, 0x23, 0x11, 0x01, 0xb4, 0x23, 0x59, 0x5b, 0x0e, 0x02,
  0x06, 0x07, 0x5c, 0x58, 0x22, 0x5f, 0x11, 0x01, 0x02, 0x4e, 0x4b, 0x4e,
  0x02, 0x01, 0x12, 0xfe, 0x93, 0x94, 0x01, 0x87, 0x93, 0x01, 0x0b, 0x01,
  0xbb, 0xd1, 0x2a, 0x19, 0x11, 0xd1, 0xfe, 0x45, 0xe4, 0x1f, 0xb2, 0xb2,
  0x1f, 0xe4, 0x01, 0x67, 0x54, 0x54, 0xfe, 0x99, 0x00, 0x01, 0x00, 0x2e,
  0x00, 0xec, 0x02, 0x3e, 0x01, 0x4f, 0x00, 0x03, 0x00, 0x00, 0x37, 0x35,
  0x21, 0x15, 0x2e, 0x02, 0x10, 0xec, 0x63, 0x63, 0x00, 0x01, 0x00, 0x43,
  0x00, 0x9d, 0x01, 0xc1, 0x02, 0x1c, 0x00, 0x08, 0x00, 0x00, 0x24, 0x22,
  0x26, 0x34, 0x36, 0x32, 0x16, 0x15, 0x14, 0x01, 0x52, 0x9e, 0x71, 0x71,
  0x9e, 0x6f, 0x9d, 0x71, 0x9e, 0x70, 0x6f, 0x50, 0x4f, 0x00, 0x00, 0x00,
  0x00, 0x02, 0x00, 0x37, 0x00, 0x66, 0x02, 0x36, 0x01, 0xd8, 0x00, 0x0f,
  0x00, 0x1f, 0x00, 0x00, 0x13, 0x27, 0x36, 0x33, 0x32, 0x16, 0x33, 0x32,
  0x37, 0x17, 0x06, 0x23, 0x22, 0x26, 0x23, 0x22, 0x03, 0x27, 0x36, 0x33,
  0x32, 0x16, 0x33, 0x32, 0x37, 0x17, 0x06, 0x23, 0x22, 0x26, 0x23, 0x22,
  0x68, 0x31, 0x4a, 0x52, 0x32, 0x73, 0x21, 0x3a, 0x31, 0x32, 0x4c, 0x51,
  0x32, 0x73, 0x21, 0x37, 0x34, 0x31, 0x4b, 0x51, 0x32, 0x73, 0x21, 0x3a,
  0x31, 0x32, 0x4d, 0x50, 0x32, 0x73, 0x21, 0x36, 0x01, 0x42, 0x4a, 0x4c,
  0x46, 0x37, 0x4b, 0x4c, 0x46, 0xfe, 0xfd, 0x4b, 0x4b, 0x46, 0x37, 0x4b,
  0x4b, 0x46, 0x00, 0x00, 0x00, 0x01, 0x00, 0x42, 0x00, 0x18, 0x02, 0x2a,
  0x02, 0x25, 0x00, 0x13, 0x00, 0x00, 0x3f, 0x01, 0x23, 0x35, 0x33, 0x37,
  0x23, 0x35, 0x21, 0x37, 0x17, 0x07, 0x33, 0x15, 0x23, 0x07, 0x33, 0x15,
  0x21, 0x07, 0x76, 0x31, 0x65, 0xa5, 0x4a, 0xef, 0x01, 0x30, 0x4c, 0x3d,
  0x32, 0x61, 0xa1, 0x4a, 0xeb, 0xfe, 0xd5, 0x4b, 0x3f, 0x47, 0x62, 0x6b,
  0x62, 0x70, 0x28, 0x48, 0x62, 0x6b, 0x62, 0x6e, 0x00, 0x02, 0x00, 0x40,
  0xff, 0x49, 0x02, 0x21, 0x02, 0x1d, 0x00, 0x07, 0x00, 0x0b, 0x00, 0x00,
  0x37, 0x35, 0x25, 0x15, 0x05, 0x15, 0x05, 0x15, 0x05, 0x21, 0x15, 0x21,
  0x40, 0x01, 0xe1, 0xfe, 0xa5, 0x01, 0x5b, 0xfe, 0x21, 0x01, 0xdf, 0xfe,
  0x21, 0xf5, 0x52, 0xd6, 0x6f, 0x8f, 0x02, 0x8f, 0x6f, 0x74, 0x62, 0x00,
  0x00, 0x02, 0x00, 0x4b, 0xff, 0x49, 0x02, 0x2c, 0x02, 0x1d, 0x00, 0x07,
  0x00, 0x0b, 0x00, 0x00, 0x37, 0x35, 0x25, 0x35, 0x25, 0x35, 0x05, 0x15,
  0x01, 0x21, 0x15, 0x21, 0x4b, 0x01, 0x5b, 0xfe, 0xa5, 0x01, 0xe1, 0xfe,
  0x1f, 0x01, 0xe0, 0xfe, 0x20, 0x1f, 0x6f, 0x8f, 0x02, 0x8f, 0x6f, 0xd6,
  0x52, 0xfe, 0xb6, 0x62, 0x00, 0x01, 0x00, 0x21, 0x00, 0x00, 0x02, 0xb6,
  0x02, 0xca, 0x00, 0x29, 0x00, 0x00, 0x21, 0x11, 0x23, 0x11, 0x23, 0x11,
  0x23, 0x35, 0x33, 0x35, 0x34, 0x3e, 0x03, 0x33, 0x17, 0x15, 0x26, 0x23,
  0x22, 0x1d, 0x01, 0x33, 0x35, 0x34, 0x3e, 0x03, 0x33, 0x17, 0x15, 0x26,
  0x23, 0x22, 0x1d, 0x01, 0x33, 0x15, 0x23, 0x11, 0x01, 0xbb, 0xdc, 0x7f,
  0x3f, 0x3f, 0x1e, 0x2c, 0x3d, 0x30, 0x19, 0x2b, 0x0b, 0x0f, 0x62, 0xdc,
  0x1e, 0x2c, 0x3d, 0x30, 0x19, 0x2b, 0x0b, 0x0f, 0x62, 0x6d, 0x6d, 0x01,
  0x99, 0xfe, 0x67, 0x01, 0x99, 0x65, 0x0f, 0x30, 0x47, 0x27, 0x18, 0x07,
  0x03, 0x6c, 0x02, 0x53, 0x0c, 0x0f, 0x30, 0x47, 0x27, 0x18, 0x07, 0x03,
  0x6c, 0x02, 0x53, 0x0c, 0x65, 0xfe, 0x67, 0x00, 0x00, 0x02, 0x00, 0x21,
  0x00, 0x00, 0x02, 0x20, 0x02, 0xca, 0x00, 0x18, 0x00, 0x1c, 0x00, 0x00,
  0x21, 0x11, 0x23, 0x11, 0x23, 0x11, 0x23, 0x35, 0x33, 0x35, 0x34, 0x3e,
  0x03, 0x33, 0x17, 0x15, 0x26, 0x23, 0x22, 0x1d, 0x01, 0x21, 0x11, 0x03,
  0x35, 0x33, 0x15, 0x01, 0xa1, 0xc2, 0x7f, 0x3f, 0x3f, 0x1e, 0x2c, 0x3d,
  0x30, 0x19, 0x2b, 0x0b, 0x0f, 0x62, 0x01, 0x41, 0x7f, 0x7e, 0x01, 0x99,
  0xfe, 0x67, 0x01, 0x99, 0x65, 0x0f, 0x30, 0x47, 0x27, 0x18, 0x07, 0x03,
  0x6c, 0x02, 0x53, 0x0c, 0xfe, 0x02, 0x02, 0x55, 0x71, 0x71, 0x00, 0x00,
  0x00, 0x02, 0x00, 0x21, 0xff, 0xfb, 0x02, 0x5f, 0x02, 0xca, 0x00, 0x16,
  0x00, 0x25, 0x00, 0x00, 0x33, 0x11, 0x23, 0x35, 0x33, 0x35, 0x34, 0x3e,
  0x03, 0x33, 0x17, 0x15, 0x26, 0x23, 0x22, 0x1d, 0x01, 0x33, 0x15, 0x23,
  0x11, 0x37, 0x11, 0x33, 0x11, 0x14, 0x16, 0x33, 0x37, 0x15, 0x06, 0x23,
  0x22, 0x2e, 0x02, 0x60, 0x3f, 0x3f, 0x1e, 0x2c, 0x3d, 0x30, 0x19, 0x2b,
  0x0b, 0x0f, 0x62, 0x6d, 0x6d, 0xbb, 0x7e, 0x19, 0x1b, 0x13, 0x13, 0x15,
  0x1f, 0x30, 0x32, 0x1c, 0x01, 0x91, 0x65, 0x17, 0x30, 0x47, 0x27, 0x18,
  0x07, 0x03, 0x6c, 0x02, 0x53, 0x14, 0x65, 0xfe, 0x6f, 0x9f, 0x02, 0x27,
  0xfd, 0xec, 0x28, 0x1e, 0x01, 0x6f, 0x03, 0x0b, 0x1f, 0x46, 0x00, 0x00,
  0x00, 0x02, 0x00, 0x21, 0x00, 0x00, 0x03, 0x7b, 0x02, 0xca, 0x00, 0x2b,
  0x00, 0x2f, 0x00, 0x00, 0x21, 0x11, 0x23, 0x11, 0x23, 0x11, 0x23, 0x35,
  0x33, 0x35, 0x34, 0x3e, 0x03, 0x33, 0x17, 0x15, 0x26, 0x23, 0x22, 0x1d,
  0x01, 0x33, 0x35, 0x34, 0x3e, 0x03, 0x33, 0x17, 0x15, 0x26, 0x23, 0x22,
  0x1d, 0x01, 0x21, 0x11, 0x23, 0x11, 0x23, 0x11, 0x13, 0x35, 0x33, 0x15,
  0x01, 0xbb, 0xdc, 0x7f, 0x3f, 0x3f, 0x1e, 0x2c, 0x3d, 0x30, 0x19, 0x2b,
  0x0b, 0x0f, 0x62, 0xdc, 0x1e, 0x2c, 0x3d, 0x30, 0x19, 0x2b, 0x0b, 0x0f,
  0x62, 0x01, 0x41, 0x7f, 0xc2, 0xc2, 0x7e, 0x01, 0x99, 0xfe, 0x67, 0x01,
  0x99, 0x65, 0x0f, 0x30, 0x47, 0x27, 0x18, 0x07, 0x03, 0x6c, 0x02, 0x53,
  0x0c, 0x0f, 0x30, 0x47, 0x27, 0x18, 0x07, 0x03, 0x6c, 0x02, 0x53, 0x0c,
  0xfe, 0x02, 0x01, 0x99, 0xfe, 0x67, 0x02, 0x55, 0x71, 0x71, 0x00, 0x00,
  0x00, 0x02, 0x00, 0x21, 0xff, 0xfb, 0x03, 0xba, 0x02, 0xca, 0x00, 0x29,
  0x00, 0x38, 0x00, 0x00, 0x21, 0x11, 0x23, 0x11, 0x23, 0x11, 0x23, 0x35,
  0x33, 0x35, 0x34, 0x3e, 0x03, 0x33, 0x17, 0x15, 0x26, 0x23, 0x22, 0x1d,
  0x01, 0x33, 0x35, 0x34, 0x3e, 0x03, 0x33, 0x17, 0x15, 0x26, 0x23, 0x22,
  0x1d, 0x01, 0x33, 0x15, 0x23, 0x11, 0x37, 0x11, 0x33, 0x11, 0x14, 0x16,
  0x33, 0x37, 0x15, 0x06, 0x23, 0x22, 0x2e, 0x02, 0x01, 0xbb, 0xdc, 0x7f,
  0x3f, 0x3f, 0x1e, 0x2c, 0x3d, 0x30, 0x19, 0x2b, 0x0b, 0x0f, 0x62, 0xdc,
  0x1e, 0x2c, 0x3d, 0x30, 0x19, 0x2b, 0x0b, 0x0f, 0x62, 0x6d, 0x6d, 0xbb,
  0x7e, 0x19, 0x1b, 0x13, 0x13, 0x15, 0x1f, 0x30, 0x32, 0x1c, 0x01, 0x99,
  0xfe, 0x67, 0x01, 0x99, 0x65, 0x0f, 0x30, 0x47, 0x27, 0x18, 0x07, 0x03,
  0x6c, 0x02, 0x53, 0x0c, 0x0f, 0x30, 0x47, 0x27, 0x18, 0x07, 0x03, 0x6c,
  0x02, 0x53, 0x0c, 0x65, 0xfe, 0x67, 0x9f, 0x02, 0x27, 0xfd, 0xec, 0x28,
  0x1e, 0x01, 0x6f, 0x03, 0x0b, 0x1f, 0x46, 0x00, 0x00, 0x01, 0x00, 0x6e,
  0xff, 0x32, 0x00, 0xe6, 0xff, 0xc9, 0x00, 0x09, 0x00, 0x00, 0x17, 0x33,
  0x16, 0x15, 0x14, 0x07, 0x23, 0x36, 0x35, 0x34, 0x76, 0x69, 0x07, 0x1a,
  0x5e, 0x14, 0x37, 0x1c, 0x1a, 0x2b, 0x36, 0x35, 0x22, 0x20, 0x00, 0x00,
  0x00, 0x04, 0x00, 0x2a, 0xff, 0x6e, 0x04, 0x40, 0x03, 0x5d, 0x00, 0x11,
  0x00, 0x23, 0x00, 0x35, 0x00, 0x49, 0x00, 0x00, 0x17, 0x35, 0x27, 0x11,
  0x37, 0x35, 0x25, 0x17, 0x37, 0x05, 0x15, 0x17, 0x11, 0x07, 0x15, 0x05,
  0x27, 0x07, 0x27, 0x17, 0x37, 0x17, 0x37, 0x35, 0x37, 0x35, 0x27, 0x35,
  0x27, 0x07, 0x27, 0x07, 0x15, 0x07, 0x15, 0x1f, 0x01, 0x35, 0x27, 0x35,
  0x37, 0x35, 0x37, 0x17, 0x37, 0x17, 0x15, 0x17, 0x15, 0x07, 0x15, 0x07,
  0x27, 0x07, 0x27, 0x33, 0x35, 0x33, 0x35, 0x23, 0x35, 0x33, 0x32, 0x16,
  0x1d, 0x01, 0x33, 0x35, 0x34, 0x26, 0x23, 0x21, 0x15, 0x33, 0xa8, 0x7e,
  0x7e, 0x01, 0x09, 0x86, 0x84, 0x01, 0x09, 0x7c, 0x7c, 0xfe, 0xf7, 0x84,
  0x86, 0xe1, 0xee, 0x79, 0x76, 0xee, 0x72, 0x72, 0xee, 0x76, 0x79, 0xee,
  0x72, 0x72, 0x22, 0x63, 0x63, 0xd7, 0x6e, 0x6b, 0xd6, 0x64, 0x64, 0xd6,
  0x6b, 0x6e, 0x18, 0x63, 0xc2, 0xc2, 0x7d, 0x0d, 0x08, 0x59, 0x17, 0x1c,
  0xfe, 0xaf, 0x36, 0x05, 0x98, 0x48, 0x01, 0x16, 0x47, 0x97, 0x8e, 0x47,
  0x47, 0x8e, 0x97, 0x47, 0xfe, 0xea, 0x48, 0x98, 0x8d, 0x47, 0x47, 0xb0,
  0x7e, 0x42, 0x42, 0x7e, 0x8b, 0x40, 0xf9, 0x42, 0x88, 0x7e, 0x40, 0x40,
  0x7e, 0x88, 0x42, 0xf9, 0x40, 0x69, 0x79, 0x3c, 0xe1, 0x3a, 0x7b, 0x72,
  0x3b, 0x3b, 0x72, 0x7b, 0x3a, 0xe1, 0x3c, 0x79, 0x72, 0x3a, 0x3a, 0x8d,
  0xbf, 0x54, 0x97, 0x0b, 0x0d, 0x1d, 0x56, 0x1b, 0x18, 0x54, 0x00, 0x00,
  0x00, 0x02, 0x00, 0x21, 0xff, 0x31, 0x02, 0x20, 0x02, 0xca, 0x00, 0x26,
  0x00, 0x2a, 0x00, 0x00, 0x33, 0x11, 0x23, 0x35, 0x33, 0x35, 0x34, 0x3e,
  0x03, 0x33, 0x17, 0x15, 0x26, 0x23, 0x22, 0x1d, 0x01, 0x21, 0x11, 0x14,
  0x0e, 0x03, 0x23, 0x27, 0x35, 0x16, 0x33, 0x32, 0x3e, 0x02, 0x35, 0x11,
  0x23, 0x11, 0x13, 0x35, 0x33, 0x15, 0x60, 0x3f, 0x3f, 0x1e, 0x2c, 0x3d,
  0x30, 0x19, 0x2b, 0x0b, 0x0f, 0x62, 0x01, 0x41, 0x20, 0x2d, 0x3e, 0x31,
  0x19, 0x27, 0x09, 0x0d, 0x11, 0x1e, 0x23, 0x15, 0xc2, 0xc2, 0x7e, 0x01,
  0x99, 0x65, 0x0f, 0x30, 0x47, 0x27, 0x18, 0x07, 0x03, 0x6c, 0x02, 0x53,
  0x0c, 0xfd, 0xf3, 0x31, 0x49, 0x27, 0x18, 0x07, 0x03, 0x6b, 0x02, 0x07,
  0x11, 0x29, 0x1d, 0x01, 0x9e, 0xfe, 0x67, 0x02, 0x55, 0x71, 0x71, 0x00,
  0x00, 0x02, 0x00, 0x24, 0xff, 0xf4, 0x02, 0x27, 0x02, 0xd2, 0x00, 0x0e,
  0x00, 0x14, 0x00, 0x00, 0x04, 0x22, 0x2e, 0x02, 0x35, 0x10, 0x21, 0x32,
  0x1e, 0x02, 0x14, 0x0e, 0x01, 0x24, 0x32, 0x35, 0x34, 0x22, 0x15, 0x01,
  0x6b, 0x8c, 0x67, 0x39, 0x1b, 0x01, 0x01, 0x47, 0x66, 0x3a, 0x1b, 0x1b,
  0x3a, 0xfe, 0xd6, 0xfa, 0xfa, 0x0c, 0x38, 0x68, 0x80, 0x50, 0x01, 0x6e,
  0x38, 0x66, 0x80, 0xa0, 0x80, 0x68, 0x3e, 0xfa, 0xf7, 0xf7, 0x00, 0x00,
  0x00, 0x01, 0x00, 0x4f, 0x00, 0x00, 0x02, 0x0c, 0x02, 0xc6, 0x00, 0x0e,
  0x00, 0x00, 0x33, 0x35, 0x33, 0x11, 0x37, 0x23, 0x06, 0x0f, 0x01, 0x27,
  0x37, 0x33, 0x11, 0x33, 0x15, 0x5a, 0x9a, 0x01, 0x02, 0x08, 0x17, 0x39,
  0x4c, 0xb2, 0x71, 0x9a, 0x6f, 0x01, 0x8a, 0x30, 0x11, 0x17, 0x36, 0x50,
  0xab, 0xfd, 0xa9, 0x6f, 0x00, 0x01, 0x00, 0x3b, 0x00, 0x00, 0x02, 0x18,
  0x02, 0xd2, 0x00, 0x26, 0x00, 0x00, 0x33, 0x26, 0x35, 0x34, 0x3e, 0x05,
  0x35, 0x34, 0x26, 0x23, 0x22, 0x0e, 0x02, 0x0f, 0x01, 0x27, 0x3e, 0x04,
  0x33, 0x32, 0x16, 0x15, 0x14, 0x0e, 0x04, 0x07, 0x21, 0x15, 0x41, 0x06,
  0x25, 0x3a, 0x47, 0x47, 0x3a, 0x25, 0x3e, 0x2e, 0x17, 0x2c, 0x1d, 0x16,
  0x05, 0x05, 0x60, 0x03, 0x0a, 0x29, 0x31, 0x54, 0x30, 0x62, 0x85, 0x2f,
  0x47, 0x53, 0x47, 0x30, 0x01, 0x01, 0x4c, 0x2e, 0x11, 0x34, 0x5a, 0x41,
  0x38, 0x30, 0x2e, 0x35, 0x1c, 0x2d, 0x36, 0x11, 0x19, 0x19, 0x09, 0x08,
  0x40, 0x06, 0x13, 0x31, 0x25, 0x1f, 0x71, 0x61, 0x35, 0x5c, 0x3d, 0x3c,
  0x2d, 0x3b, 0x1f, 0x6f, 0x00, 0x01, 0x00, 0x2f, 0xff, 0xf4, 0x02, 0x14,
  0x02, 0xc6, 0x00, 0x22, 0x00, 0x00, 0x3f, 0x01, 0x1e, 0x02, 0x33, 0x32,
  0x36, 0x35, 0x34, 0x26, 0x2b, 0x01, 0x27, 0x3f, 0x01, 0x35, 0x06, 0x2b,
  0x01, 0x35, 0x21, 0x15, 0x07, 0x1e, 0x01, 0x15, 0x14, 0x06, 0x23, 0x22,
  0x2e, 0x02, 0x27, 0x2f, 0x42, 0x08, 0x1b, 0x54, 0x2a, 0x37, 0x49, 0x56,
  0x42, 0x31, 0x1d, 0x82, 0x33, 0x15, 0x2a, 0xd4, 0x01, 0xb2, 0xae, 0x50,
  0x72, 0x88, 0x72, 0x2a, 0x50, 0x35, 0x29, 0x0a, 0x53, 0x63, 0x08, 0x18,
  0x28, 0x3c, 0x2e, 0x36, 0x38, 0x42, 0x9a, 0x36, 0x02, 0x03, 0x6f, 0x51,
  0xc9, 0x0b, 0x6d, 0x57, 0x60, 0x89, 0x14, 0x1b, 0x1c, 0x0a, 0x00, 0x00,
  0x00, 0x02, 0x00, 0x13, 0x00, 0x00, 0x02, 0x3a, 0x02, 0xc6, 0x00, 0x0a,
  0x00, 0x12, 0x00, 0x00, 0x37, 0x35, 0x01, 0x33, 0x11, 0x33, 0x15, 0x23,
  0x15, 0x23, 0x35, 0x27, 0x33, 0x35, 0x37, 0x23, 0x06, 0x0f, 0x01, 0x13,
  0x01, 0x32, 0x99, 0x5c, 0x5c, 0x7f, 0xc4, 0xc4, 0x05, 0x02, 0x10, 0x13,
  0xa4, 0xb7, 0x4f, 0x01, 0xc0, 0xfe, 0x5c, 0x6b, 0xb7, 0xb7, 0x6b, 0xdc,
  0x4a, 0x26, 0x1b, 0xe3, 0x00, 0x01, 0x00, 0x30, 0xff, 0xf4, 0x02, 0x13,
  0x02, 0xc6, 0x00, 0x26, 0x00, 0x00, 0x3f, 0x01, 0x1e, 0x04, 0x33, 0x32,
  0x36, 0x35, 0x34, 0x26, 0x23, 0x22, 0x06, 0x0f, 0x01, 0x27, 0x13, 0x21,
  0x15, 0x21, 0x0f, 0x01, 0x33, 0x36, 0x33, 0x32, 0x16, 0x15, 0x14, 0x06,
  0x23, 0x22, 0x2e, 0x02, 0x27, 0x30, 0x42, 0x02, 0x09, 0x1f, 0x21, 0x32,
  0x1a, 0x36, 0x50, 0x51, 0x3e, 0x1c, 0x37, 0x0d, 0x0e, 0x47, 0x21, 0x01,
  0x75, 0xfe, 0xfa, 0x0b, 0x05, 0x02, 0x21, 0x2b, 0x72, 0x88, 0x91, 0x6f,
  0x2a, 0x4e, 0x32, 0x27, 0x09, 0x54, 0x61, 0x03, 0x09, 0x19, 0x13, 0x0f,
  0x43, 0x36, 0x37, 0x44, 0x0f, 0x07, 0x08, 0x1a, 0x01, 0x68, 0x6f, 0x75,
  0x21, 0x10, 0x86, 0x63, 0x69, 0x8b, 0x14, 0x1c, 0x1c, 0x0a, 0x00, 0x00,
  0x00, 0x02, 0x00, 0x29, 0xff, 0xf4, 0x02, 0x25, 0x02, 0xd2, 0x00, 0x1c,
  0x00, 0x28, 0x00, 0x00, 0x05, 0x22, 0x26, 0x35, 0x34, 0x3e, 0x03, 0x33,
  0x32, 0x16, 0x1f, 0x01, 0x07, 0x26, 0x23, 0x22, 0x06, 0x07, 0x33, 0x3e,
  0x01, 0x33, 0x32, 0x16, 0x15, 0x14, 0x06, 0x27, 0x32, 0x36, 0x35, 0x34,
  0x26, 0x23, 0x22, 0x06, 0x15, 0x14, 0x16, 0x01, 0x3b, 0x74, 0x9e, 0x19,
  0x36, 0x4b, 0x6d, 0x40, 0x28, 0x49, 0x10, 0x10, 0x26, 0x2d, 0x37, 0x4e,
  0x60, 0x0f, 0x02, 0x13, 0x4c, 0x26, 0x66, 0x7e, 0x82, 0x68, 0x30, 0x3a,
  0x45, 0x3d, 0x30, 0x44, 0x54, 0x0c, 0xb6, 0x9b, 0x39, 0x70, 0x67, 0x4e,
  0x2f, 0x0f, 0x07, 0x08, 0x6f, 0x16, 0x6d, 0x51, 0x16, 0x1c, 0x8a, 0x63,
  0x65, 0x89, 0x76, 0x44, 0x34, 0x39, 0x4a, 0x2c, 0x21, 0x43, 0x6b, 0x00,
  0x00, 0x01, 0x00, 0x38, 0x00, 0x00, 0x02, 0x20, 0x02, 0xc6, 0x00, 0x0d,
  0x00, 0x00, 0x33, 0x01, 0x3e, 0x01, 0x3f, 0x01, 0x35, 0x06, 0x23, 0x21,
  0x35, 0x21, 0x15, 0x01, 0x63, 0x01, 0x0a, 0x0a, 0x15, 0x06, 0x06, 0x0e,
  0x23, 0xfe, 0xd1, 0x01, 0xe8, 0xfe, 0xc9, 0x02, 0x16, 0x14, 0x20, 0x06,
  0x07, 0x02, 0x02, 0x6f, 0x5a, 0xfd, 0x94, 0x00, 0x00, 0x03, 0x00, 0x25,
  0xff, 0xf4, 0x02, 0x1d, 0x02, 0xd2, 0x00, 0x15, 0x00, 0x23, 0x00, 0x34,
  0x00, 0x00, 0x37, 0x34, 0x3e, 0x01, 0x37, 0x26, 0x35, 0x34, 0x36, 0x33,
  0x32, 0x16, 0x15, 0x14, 0x07, 0x16, 0x15, 0x14, 0x06, 0x23, 0x22, 0x26,
  0x25, 0x34, 0x2e, 0x03, 0x27, 0x06, 0x15, 0x14, 0x16, 0x33, 0x32, 0x36,
  0x03, 0x14, 0x1e, 0x03, 0x17, 0x1e, 0x01, 0x17, 0x36, 0x35, 0x34, 0x26,
  0x23, 0x22, 0x06, 0x25, 0x30, 0x28, 0x13, 0x49, 0x76, 0x6e, 0x65, 0x81,
  0x4f, 0x5b, 0x88, 0x72, 0x71, 0x8d, 0x01, 0x75, 0x10, 0x2d, 0x1b, 0x4b,
  0x0c, 0x42, 0x48, 0x32, 0x33, 0x44, 0xd4, 0x12, 0x12, 0x31, 0x17, 0x21,
  0x05, 0x07, 0x04, 0x30, 0x3a, 0x30, 0x2f, 0x34, 0xce, 0x2e, 0x56, 0x26,
  0x0d, 0x38, 0x53, 0x50, 0x72, 0x6a, 0x5b, 0x55, 0x5a, 0x3a, 0x5d, 0x56,
  0x7d, 0x7d, 0x5c, 0x12, 0x1d, 0x1e, 0x0f, 0x21, 0x06, 0x37, 0x41, 0x31,
  0x41, 0x39, 0x01, 0x6e, 0x12, 0x1f, 0x14, 0x1b, 0x0b, 0x0e, 0x02, 0x03,
  0x02, 0x35, 0x43, 0x29, 0x31, 0x2e, 0x00, 0x00, 0x00, 0x02, 0x00, 0x25,
  0xff, 0xf4, 0x02, 0x21, 0x02, 0xd2, 0x00, 0x1c, 0x00, 0x28, 0x00, 0x00,
  0x17, 0x22, 0x26, 0x2f, 0x01, 0x37, 0x16, 0x33, 0x32, 0x36, 0x37, 0x23,
  0x0e, 0x01, 0x23, 0x22, 0x26, 0x35, 0x34, 0x36, 0x33, 0x32, 0x16, 0x15,
  0x14, 0x0e, 0x03, 0x13, 0x32, 0x36, 0x35, 0x34, 0x26, 0x23, 0x22, 0x06,
  0x15, 0x14, 0x16, 0xda, 0x28, 0x48, 0x10, 0x11, 0x26, 0x2d, 0x36, 0x4e,
  0x61, 0x0f, 0x02, 0x13, 0x4c, 0x27, 0x66, 0x7d, 0x82, 0x68, 0x74, 0x9e,
  0x19, 0x36, 0x4b, 0x6d, 0x0d, 0x30, 0x44, 0x55, 0x37, 0x30, 0x3b, 0x45,
  0x0c, 0x0f, 0x07, 0x08, 0x6f, 0x17, 0x6d, 0x51, 0x16, 0x1c, 0x8b, 0x63,
  0x64, 0x8a, 0xb6, 0x9b, 0x39, 0x70, 0x67, 0x4e, 0x2f, 0x01, 0x6c, 0x2d,
  0x20, 0x43, 0x6b, 0x44, 0x33, 0x39, 0x4b, 0x00, 0x00, 0x01, 0x00, 0x5f,
  0x01, 0x24, 0x01, 0x8c, 0x01, 0x93, 0x00, 0x03, 0x00, 0x00, 0x13, 0x35,
  0x21, 0x15, 0x5f, 0x01, 0x2d, 0x01, 0x24, 0x6f, 0x6f, 0x00, 0x00, 0x00,
  0x00, 0x01, 0x00, 0x53, 0xff, 0xbf, 0x01, 0x36, 0x03, 0x03, 0x00, 0x09,
  0x00, 0x00, 0x05, 0x23, 0x26, 0x35, 0x34, 0x37, 0x33, 0x06, 0x15, 0x14,
  0x01, 0x36, 0x6c, 0x77, 0x77, 0x6c, 0x71, 0x41, 0xc3, 0xf3, 0xd2, 0xbc,
  0xbc, 0xd3, 0xe5, 0x00, 0x00, 0x01, 0x00, 0x27, 0xff, 0xbf, 0x01, 0x0a,
  0x03, 0x03, 0x00, 0x09, 0x00, 0x00, 0x17, 0x23, 0x36, 0x35, 0x34, 0x27,
  0x33, 0x16, 0x15, 0x14, 0x93, 0x6c, 0x71, 0x71, 0x6c, 0x77, 0x41, 0xd0,
  0xe5, 0xd3, 0xbc, 0xbc, 0xd2, 0xf3, 0x00, 0x00, 0x00, 0x01, 0x00, 0x6f,
  0xff, 0xbf, 0x01, 0x34, 0x03, 0x03, 0x00, 0x07, 0x00, 0x00, 0x17, 0x11,
  0x33, 0x15, 0x23, 0x11, 0x33, 0x15, 0x6f, 0xc5, 0x59, 0x59, 0x41, 0x03,
  0x44, 0x5c, 0xfd, 0x74, 0x5c, 0x00, 0x00, 0x00, 0x00, 0x01, 0x00, 0x3f,
  0xff, 0xbf, 0x01, 0x04, 0x03, 0x03, 0x00, 0x07, 0x00, 0x00, 0x01, 0x11,
  0x23, 0x35, 0x33, 0x11, 0x23, 0x35, 0x01, 0x04, 0xc5, 0x58, 0x58, 0x03,
  0x03, 0xfc, 0xbc, 0x5c, 0x02, 0x8c, 0x5c, 0x00, 0x00, 0x01, 0x00, 0x3f,
  0xff, 0xbb, 0x01, 0x64, 0x03, 0x06, 0x00, 0x3a, 0x00, 0x00, 0x37, 0x35,
  0x34, 0x2e, 0x02, 0x2f, 0x01, 0x35, 0x32, 0x3e, 0x03, 0x3d, 0x01, 0x34,
  0x3e, 0x03, 0x33, 0x17, 0x15, 0x26, 0x23, 0x22, 0x0e, 0x01, 0x1d, 0x01,
  0x14, 0x0e, 0x02, 0x0f, 0x01, 0x15, 0x1e, 0x04, 0x1d, 0x01, 0x14, 0x1e,
  0x02, 0x33, 0x37, 0x15, 0x06, 0x23, 0x22, 0x2e, 0x03, 0x94, 0x12, 0x18,
  0x19, 0x09, 0x09, 0x03, 0x0c, 0x1d, 0x17, 0x12, 0x1b, 0x25, 0x35, 0x27,
  0x15, 0x1f, 0x08, 0x0a, 0x12, 0x20, 0x20, 0x11, 0x18, 0x18, 0x09, 0x08,
  0x03, 0x0b, 0x1d, 0x15, 0x12, 0x11, 0x1d, 0x17, 0x0d, 0x12, 0x0d, 0x12,
  0x15, 0x27, 0x35, 0x25, 0x1b, 0x65, 0x61, 0x1c, 0x2a, 0x14, 0x0c, 0x01,
  0x01, 0x6f, 0x02, 0x0c, 0x15, 0x2a, 0x1d, 0x56, 0x2b, 0x41, 0x23, 0x14,
  0x06, 0x01, 0x5e, 0x01, 0x09, 0x29, 0x23, 0x6d, 0x1c, 0x2f, 0x1b, 0x12,
  0x04, 0x03, 0x02, 0x01, 0x04, 0x13, 0x1a, 0x2f, 0x1d, 0x78, 0x1b, 0x25,
  0x0f, 0x06, 0x01, 0x5e, 0x02, 0x06, 0x14, 0x23, 0x41, 0x00, 0x00, 0x00,
  0x00, 0x01, 0x00, 0x3d, 0xff, 0xbb, 0x01, 0x62, 0x03, 0x06, 0x00, 0x36,
  0x00, 0x00, 0x37, 0x16, 0x33, 0x32, 0x3d, 0x01, 0x34, 0x3e, 0x02, 0x3f,
  0x01, 0x35, 0x2e, 0x04, 0x3d, 0x01, 0x34, 0x2e, 0x02, 0x23, 0x07, 0x35,
  0x36, 0x33, 0x32, 0x1e, 0x03, 0x1d, 0x01, 0x14, 0x16, 0x1f, 0x01, 0x15,
  0x22, 0x0e, 0x03, 0x1d, 0x01, 0x14, 0x0e, 0x03, 0x23, 0x27, 0x3d, 0x08,
  0x0a, 0x51, 0x11, 0x19, 0x18, 0x08, 0x09, 0x03, 0x0c, 0x1c, 0x16, 0x12,
  0x11, 0x1c, 0x17, 0x0d, 0x12, 0x0d, 0x12, 0x15, 0x27, 0x35, 0x25, 0x1b,
  0x2b, 0x15, 0x15, 0x03, 0x0c, 0x1d, 0x17, 0x12, 0x1b, 0x25, 0x35, 0x27,
  0x15, 0x1f, 0x1b, 0x01, 0x55, 0x78, 0x1d, 0x2f, 0x1a, 0x12, 0x03, 0x03,
  0x02, 0x01, 0x05, 0x14, 0x1a, 0x2f, 0x1c, 0x6d, 0x1b, 0x24, 0x10, 0x06,
  0x01, 0x5e, 0x01, 0x06, 0x14, 0x23, 0x41, 0x2b, 0x56, 0x2d, 0x35, 0x04,
  0x04, 0x6f, 0x02, 0x0c, 0x14, 0x2a, 0x1c, 0x61, 0x2c, 0x41, 0x23, 0x14,
  0x06, 0x02, 0x00, 0x00, 0x00, 0x02, 0x00, 0x42, 0xff, 0xf2, 0x03, 0x16,
  0x02, 0xd5, 0x00, 0x1d, 0x00, 0x25, 0x00, 0x00, 0x13, 0x34, 0x36, 0x33,
  0x32, 0x16, 0x1d, 0x01, 0x33, 0x15, 0x21, 0x22, 0x26, 0x35, 0x34, 0x36,
  0x3b, 0x01, 0x2e, 0x01, 0x23, 0x22, 0x06, 0x15, 0x14, 0x16, 0x33, 0x15,
  0x22, 0x26, 0x24, 0x14, 0x16, 0x3b, 0x01, 0x35, 0x23, 0x22, 0x42, 0xd9,
  0x9f, 0x8f, 0x84, 0x49, 0xfe, 0xeb, 0x61, 0x76, 0x75, 0x62, 0x55, 0x01,
  0x56, 0x41, 0x6b, 0x94, 0x95, 0x7a, 0xb0, 0xdc, 0x01, 0x66, 0x36, 0x2b,
  0x4d, 0x4b, 0x2c, 0x01, 0x61, 0x9c, 0xd8, 0x7a, 0x5f, 0xfa, 0x5b, 0x6e,
  0x4c, 0x4b, 0x6c, 0x27, 0x31, 0xa2, 0x6d, 0x71, 0x9b, 0x63, 0xd2, 0xc9,
  0x52, 0x39, 0xc4, 0x00, 0x00, 0x02, 0x00, 0x37, 0x00, 0x89, 0x02, 0x34,
  0x02, 0x24, 0x00, 0x05, 0x00, 0x0b, 0x00, 0x00, 0x25, 0x27, 0x37, 0x33,
  0x07, 0x17, 0x21, 0x27, 0x37, 0x33, 0x07, 0x17, 0x01, 0xbb, 0xa4, 0xa4,
  0x79, 0xa4, 0xa4, 0xfe, 0xa7, 0xa4, 0xa4, 0x79, 0xa4, 0xa4, 0x89, 0xcd,
  0xce, 0xce, 0xcd, 0xcd, 0xce, 0xce, 0xcd, 0x00, 0x00, 0x02, 0x00, 0x3c,
  0x00, 0x89, 0x02, 0x3a, 0x02, 0x24, 0x00, 0x05, 0x00, 0x0b, 0x00, 0x00,
  0x25, 0x37, 0x27, 0x33, 0x17, 0x07, 0x21, 0x37, 0x27, 0x33, 0x17, 0x07,
  0x01, 0x1d, 0xa4, 0xa4, 0x79, 0xa4, 0xa4, 0xfe, 0xa6, 0xa4, 0xa4, 0x79,
  0xa4, 0xa4, 0x89, 0xcd, 0xce, 0xce, 0xcd, 0xcd, 0xce, 0xce, 0xcd, 0x00,
  0x00, 0x01, 0x00, 0x37, 0x00, 0x89, 0x01, 0x54, 0x02, 0x24, 0x00, 0x05,
  0x00, 0x00, 0x37, 0x27, 0x37, 0x33, 0x07, 0x17, 0xdb, 0xa4, 0xa4, 0x79,
  0xa4, 0xa4, 0x89, 0xcd, 0xce, 0xce, 0xcd, 0x00, 0x00, 0x01, 0x00, 0x3c,
  0x00, 0x89, 0x01, 0x59, 0x02, 0x24, 0x00, 0x05, 0x00, 0x00, 0x3f, 0x01,
  0x27, 0x33, 0x17, 0x07, 0x3c, 0xa4, 0xa4, 0x79, 0xa4, 0xa4, 0x89, 0xcd,
  0xce, 0xce, 0xcd, 0x00, 0x00, 0x01, 0x00, 0x5f, 0x01, 0x28, 0x02, 0x88,
  0x01, 0x8b, 0x00, 0x03, 0x00, 0x00, 0x13, 0x35, 0x21, 0x15, 0x5f, 0x02,
  0x29, 0x01, 0x28, 0x63, 0x63, 0x00, 0x00, 0x00, 0x00, 0x01, 0x00, 0x5f,
  0x01, 0x28, 0x03, 0x50, 0x01, 0x8b, 0x00, 0x03, 0x00, 0x00, 0x13, 0x35,
  0x21, 0x15, 0x5f, 0x02, 0xf1, 0x01, 0x28, 0x63, 0x63, 0x00, 0x00, 0x00,
  0x00, 0x01, 0x00, 0x5d, 0x01, 0x1a, 0x00, 0xd8, 0x01, 0x99, 0x00, 0x03,
  0x00, 0x00, 0x13, 0x35, 0x33, 0x15, 0x5d, 0x7b, 0x01, 0x1a, 0x7f, 0x7f,
  0x00, 0x02, 0x00, 0x40, 0xff, 0xf4, 0x01, 0xd7, 0x02, 0xc6, 0x00, 0x03,
  0x00, 0x21, 0x00, 0x00, 0x13, 0x35, 0x33, 0x15, 0x01, 0x34, 0x3e, 0x03,
  0x3d, 0x01, 0x33, 0x15, 0x14, 0x0e, 0x03, 0x15, 0x14, 0x16, 0x33, 0x32,
  0x36, 0x3f, 0x01, 0x17, 0x0e, 0x02, 0x23, 0x22, 0x26, 0xef, 0x7a, 0xfe,
  0xd7, 0x24, 0x33, 0x34, 0x24, 0x7a, 0x22, 0x30, 0x30, 0x22, 0x38, 0x29,
  0x19, 0x35, 0x0e, 0x0e, 0x47, 0x08, 0x1e, 0x62, 0x34, 0x59, 0x82, 0x02,
  0x50, 0x76, 0x76, 0xfe, 0x60, 0x2d, 0x4a, 0x30, 0x2c, 0x34, 0x1d, 0x25,
  0x2e, 0x28, 0x43, 0x2d, 0x29, 0x32, 0x1c, 0x23, 0x31, 0x16, 0x0a, 0x0b,
  0x58, 0x08, 0x18, 0x27, 0x66, 0x00, 0x00, 0x00, 0x00, 0x02, 0x00, 0x70,
  0x00, 0x00, 0x00, 0xf4, 0x02, 0xc6, 0x00, 0x03, 0x00, 0x07, 0x00, 0x00,
  0x13, 0x35, 0x33, 0x15, 0x03, 0x13, 0x33, 0x13, 0x75, 0x7a, 0x7f, 0x0b,
  0x6f, 0x0a, 0x02, 0x50, 0x76, 0x76, 0xfd, 0xb0, 0x01, 0xf9, 0xfe, 0x07,
  0x00, 0x01, 0x00, 0x3d, 0x00, 0xbb, 0x01, 0x8b, 0x02, 0x09, 0x00, 0x0b,
  0x00, 0x00, 0x37, 0x22, 0x26, 0x35, 0x34, 0x36, 0x33, 0x32, 0x16, 0x15,
  0x14, 0x06, 0xe4, 0x45, 0x62, 0x62, 0x45, 0x46, 0x61, 0x61, 0xbb, 0x62,
  0x45, 0x46, 0x61, 0x61, 0x46, 0x45, 0x62, 0x00, 0x00, 0x02, 0x00, 0x2e,
  0xff, 0xf4, 0x02, 0x1b, 0x02, 0x32, 0x00, 0x0d, 0x00, 0x17, 0x00, 0x00,
  0x13, 0x34, 0x3e, 0x01, 0x33, 0x32, 0x16, 0x15, 0x14, 0x0e, 0x01, 0x23,
  0x22, 0x26, 0x36, 0x14, 0x16, 0x32, 0x36, 0x35, 0x34, 0x26, 0x23, 0x22,
  0x2e, 0x32, 0x73, 0x52, 0x79, 0x7d, 0x31, 0x73, 0x52, 0x79, 0x7e, 0x80,
  0x3b, 0x78, 0x3b, 0x3c, 0x3b, 0x3c, 0x01, 0x12, 0x4c, 0x7e, 0x56, 0xaa,
  0x77, 0x4c, 0x7d, 0x54, 0xa8, 0xc2, 0x96, 0x68, 0x67, 0x4b, 0x4a, 0x6a,
  0x00, 0x01, 0x00, 0x23, 0x00, 0x00, 0x01, 0xd4, 0x02, 0x26, 0x00, 0x0e,
  0x00, 0x00, 0x33, 0x35, 0x33, 0x35, 0x37, 0x23, 0x06, 0x0f, 0x01, 0x27,
  0x37, 0x33, 0x11, 0x33, 0x15, 0x3d, 0x94, 0x01, 0x02, 0x0f, 0x17, 0x4d,
  0x3a, 0xbb, 0x6e, 0x88, 0x6c, 0xf9, 0x41, 0x10, 0x0e, 0x2d, 0x57, 0x74,
  0xfe, 0x46, 0x6c, 0x00, 0x00, 0x01, 0x00, 0x25, 0x00, 0x00, 0x01, 0xf3,
  0x02, 0x32, 0x00, 0x1f, 0x00, 0x00, 0x33, 0x35, 0x3e, 0x03, 0x35, 0x34,
  0x26, 0x23, 0x22, 0x06, 0x0f, 0x01, 0x27, 0x3e, 0x04, 0x33, 0x32, 0x16,
  0x15, 0x14, 0x06, 0x07, 0x15, 0x36, 0x3b, 0x01, 0x15, 0x34, 0x3e, 0x56,
  0x5f, 0x31, 0x37, 0x29, 0x23, 0x48, 0x13, 0x12, 0x43, 0x03, 0x0d, 0x2d,
  0x31, 0x4e, 0x28, 0x58, 0x78, 0x79, 0x72, 0x15, 0x2a, 0xc6, 0x56, 0x28,
  0x3d, 0x4f, 0x49, 0x1f, 0x29, 0x28, 0x25, 0x12, 0x12, 0x53, 0x04, 0x0e,
  0x23, 0x1a, 0x16, 0x60, 0x4f, 0x53, 0x82, 0x44, 0x02, 0x04, 0x6c, 0x00,
  0x00, 0x01, 0x00, 0x0a, 0xff, 0x80, 0x01, 0xe1, 0x02, 0x26, 0x00, 0x27,
  0x00, 0x00, 0x17, 0x37, 0x1e, 0x04, 0x33, 0x32, 0x36, 0x35, 0x34, 0x26,
  0x2b, 0x01, 0x27, 0x37, 0x3e, 0x01, 0x3f, 0x01, 0x35, 0x06, 0x2b, 0x01,
  0x35, 0x21, 0x15, 0x07, 0x1e, 0x01, 0x15, 0x14, 0x06, 0x23, 0x22, 0x2e,
  0x02, 0x27, 0x0a, 0x3c, 0x03, 0x09, 0x20, 0x22, 0x34, 0x19, 0x38, 0x48,
  0x5b, 0x3a, 0x37, 0x1c, 0x77, 0x0c, 0x1a, 0x06, 0x07, 0x16, 0x29, 0xb4,
  0x01, 0x9a, 0xb0, 0x51, 0x76, 0x89, 0x73, 0x28, 0x4b, 0x31, 0x26, 0x09,
  0x28, 0x59, 0x03, 0x09, 0x18, 0x12, 0x0f, 0x38, 0x2f, 0x35, 0x38, 0x3e,
  0x8a, 0x0e, 0x19, 0x06, 0x06, 0x02, 0x04, 0x6d, 0x4a, 0xc1, 0x0a, 0x63,
  0x53, 0x5d, 0x7e, 0x12, 0x1a, 0x1a, 0x09, 0x00, 0x00, 0x02, 0x00, 0x18,
  0xff, 0x8c, 0x02, 0x36, 0x02, 0x26, 0x00, 0x0a, 0x00, 0x11, 0x00, 0x00,
  0x37, 0x35, 0x01, 0x33, 0x11, 0x33, 0x15, 0x23, 0x15, 0x23, 0x35, 0x27,
  0x33, 0x35, 0x37, 0x23, 0x06, 0x07, 0x18, 0x01, 0x21, 0x9e, 0x5f, 0x5f,
  0x7f, 0xb9, 0xb9, 0x05, 0x02, 0x10, 0x13, 0x1d, 0x4f, 0x01, 0xba, 0xfe,
  0x63, 0x6c, 0x91, 0x91, 0x6c, 0xd9, 0x4a, 0x28, 0x1b, 0x00, 0x00, 0x00,
  0x00, 0x01, 0x00, 0x18, 0xff, 0x84, 0x01, 0xf2, 0x02, 0x26, 0x00, 0x22,
  0x00, 0x00, 0x17, 0x37, 0x1e, 0x02, 0x33, 0x32, 0x36, 0x35, 0x34, 0x26,
  0x23, 0x22, 0x06, 0x0f, 0x01, 0x27, 0x13, 0x21, 0x15, 0x23, 0x0f, 0x01,
  0x33, 0x36, 0x33, 0x32, 0x16, 0x15, 0x14, 0x06, 0x23, 0x22, 0x26, 0x27,
  0x18, 0x3c, 0x07, 0x18, 0x4e, 0x28, 0x37, 0x52, 0x50, 0x3a, 0x1d, 0x38,
  0x0e, 0x0e, 0x44, 0x21, 0x01, 0x68, 0xfc, 0x0b, 0x05, 0x02, 0x22, 0x2b,
  0x6e, 0x85, 0x90, 0x6f, 0x40, 0x6d, 0x17, 0x24, 0x58, 0x08, 0x16, 0x26,
  0x3c, 0x36, 0x37, 0x3f, 0x0e, 0x06, 0x07, 0x19, 0x01, 0x50, 0x6d, 0x6c,
  0x1f, 0x0e, 0x77, 0x5d, 0x67, 0x7d, 0x2c, 0x16, 0x00, 0x02, 0x00, 0x34,
  0xff, 0xf4, 0x02, 0x28, 0x02, 0xa6, 0x00, 0x1b, 0x00, 0x27, 0x00, 0x00,
  0x13, 0x34, 0x3e, 0x02, 0x33, 0x32, 0x16, 0x1f, 0x01, 0x07, 0x26, 0x23,
  0x22, 0x06, 0x07, 0x33, 0x3e, 0x01, 0x33, 0x32, 0x16, 0x15, 0x14, 0x06,
  0x23, 0x22, 0x26, 0x37, 0x14, 0x16, 0x33, 0x32, 0x36, 0x35, 0x34, 0x26,
  0x23, 0x22, 0x06, 0x34, 0x28, 0x4b, 0x7e, 0x4e, 0x28, 0x48, 0x11, 0x10,
  0x25, 0x2e, 0x36, 0x4c, 0x61, 0x0e, 0x02, 0x12, 0x4d, 0x27, 0x65, 0x7b,
  0x81, 0x65, 0x74, 0x9a, 0x82, 0x50, 0x3b, 0x30, 0x38, 0x43, 0x3c, 0x30,
  0x44, 0x01, 0x2a, 0x45, 0x83, 0x70, 0x44, 0x0e, 0x07, 0x07, 0x65, 0x15,
  0x6c, 0x4d, 0x16, 0x1b, 0x80, 0x5d, 0x5e, 0x83, 0xa5, 0x6c, 0x3f, 0x66,
  0x40, 0x34, 0x35, 0x45, 0x2a, 0x00, 0x00, 0x00, 0x00, 0x01, 0x00, 0x1b,
  0xff, 0x8c, 0x01, 0xf7, 0x02, 0x26, 0x00, 0x0d, 0x00, 0x00, 0x17, 0x13,
  0x3e, 0x01, 0x3f, 0x01, 0x35, 0x06, 0x23, 0x21, 0x35, 0x21, 0x15, 0x01,
  0x48, 0xfd, 0x09, 0x13, 0x05, 0x04, 0x0b, 0x23, 0xfe, 0xdf, 0x01, 0xdc,
  0xfe, 0xd7, 0x74, 0x01, 0xf2, 0x13, 0x1e, 0x06, 0x06, 0x02, 0x03, 0x6c,
  0x55, 0xfd, 0xbb, 0x00, 0x00, 0x03, 0x00, 0x2d, 0xff, 0xf4, 0x02, 0x1a,
  0x02, 0xa5, 0x00, 0x13, 0x00, 0x23, 0x00, 0x31, 0x00, 0x00, 0x37, 0x34,
  0x37, 0x26, 0x35, 0x34, 0x36, 0x33, 0x32, 0x16, 0x15, 0x14, 0x07, 0x16,
  0x15, 0x14, 0x06, 0x23, 0x22, 0x26, 0x25, 0x34, 0x2e, 0x05, 0x27, 0x06,
  0x15, 0x14, 0x16, 0x33, 0x32, 0x36, 0x03, 0x14, 0x1e, 0x02, 0x17, 0x16,
  0x17, 0x36, 0x35, 0x34, 0x26, 0x22, 0x06, 0x2d, 0x68, 0x48, 0x73, 0x6a,
  0x62, 0x7f, 0x49, 0x58, 0x86, 0x70, 0x6e, 0x89, 0x01, 0x6d, 0x09, 0x15,
  0x13, 0x26, 0x18, 0x2f, 0x0c, 0x45, 0x48, 0x31, 0x32, 0x44, 0xd3, 0x18,
  0x25, 0x36, 0x1a, 0x09, 0x05, 0x2e, 0x39, 0x5c, 0x34, 0xc1, 0x60, 0x4b,
  0x35, 0x4e, 0x4c, 0x6a, 0x64, 0x54, 0x4b, 0x5b, 0x37, 0x55, 0x51, 0x76,
  0x76, 0x55, 0x0c, 0x16, 0x13, 0x0f, 0x12, 0x0b, 0x15, 0x05, 0x31, 0x3e,
  0x2f, 0x3d, 0x35, 0x01, 0x59, 0x15, 0x23, 0x18, 0x19, 0x0a, 0x03, 0x02,
  0x36, 0x3a, 0x27, 0x2e, 0x2c, 0x00, 0x00, 0x00, 0x00, 0x02, 0x00, 0x23,
  0xff, 0x80, 0x02, 0x17, 0x02, 0x32, 0x00, 0x1b, 0x00, 0x26, 0x00, 0x00,
  0x37, 0x16, 0x33, 0x32, 0x36, 0x37, 0x23, 0x0e, 0x01, 0x23, 0x22, 0x26,
  0x35, 0x34, 0x36, 0x33, 0x32, 0x16, 0x15, 0x14, 0x0e, 0x02, 0x23, 0x22,
  0x26, 0x2f, 0x01, 0x13, 0x32, 0x36, 0x35, 0x34, 0x26, 0x23, 0x22, 0x06,
  0x14, 0x16, 0x6c, 0x2e, 0x36, 0x4c, 0x61, 0x0e, 0x02, 0x12, 0x4d, 0x27,
  0x65, 0x7b, 0x80, 0x66, 0x74, 0x9a, 0x28, 0x4b, 0x7e, 0x4e, 0x28, 0x49,
  0x11, 0x10, 0xdb, 0x30, 0x43, 0x50, 0x3a, 0x30, 0x39, 0x44, 0x01, 0x15,
  0x6c, 0x4c, 0x15, 0x1b, 0x7f, 0x5d, 0x5f, 0x83, 0xa5, 0x92, 0x44, 0x84,
  0x6f, 0x44, 0x0e, 0x07, 0x07, 0x01, 0x3c, 0x2a, 0x1e, 0x40, 0x66, 0x40,
  0x68, 0x46, 0x00, 0x00, 0x00, 0x02, 0x00, 0x2e, 0xff, 0xf4, 0x02, 0x1b,
  0x02, 0x32, 0x00, 0x0d, 0x00, 0x17, 0x00, 0x00, 0x13, 0x34, 0x3e, 0x01,
  0x33, 0x32, 0x16, 0x15, 0x14, 0x0e, 0x01, 0x23, 0x22, 0x26, 0x36, 0x14,
  0x16, 0x32, 0x36, 0x35, 0x34, 0x26, 0x23, 0x22, 0x2e, 0x32, 0x73, 0x52,
  0x79, 0x7d, 0x31, 0x73, 0x52, 0x79, 0x7e, 0x80, 0x3b, 0x78, 0x3b, 0x3c,
  0x3b, 0x3c, 0x01, 0x12, 0x4c, 0x7e, 0x56, 0xaa, 0x77, 0x4c, 0x7d, 0x54,
  0xa8, 0xc2, 0x96, 0x68, 0x67, 0x4b, 0x4a, 0x6a, 0x00, 0x01, 0x00, 0x57,
  0x00, 0x00, 0x02, 0x08, 0x02, 0x26, 0x00, 0x0e, 0x00, 0x00, 0x33, 0x35,
  0x33, 0x35, 0x37, 0x23, 0x06, 0x0f, 0x01, 0x27, 0x37, 0x33, 0x11, 0x33,
  0x15, 0x71, 0x94, 0x01, 0x02, 0x0f, 0x17, 0x4d, 0x3a, 0xbb, 0x6e, 0x88,
  0x6c, 0xf9, 0x41, 0x10, 0x0e, 0x2d, 0x57, 0x74, 0xfe, 0x46, 0x6c, 0x00,
  0x00, 0x01, 0x00, 0x3f, 0x00, 0x00, 0x02, 0x0d, 0x02, 0x32, 0x00, 0x1f,
  0x00, 0x00, 0x33, 0x35, 0x3e, 0x03, 0x35, 0x34, 0x26, 0x23, 0x22, 0x06,
  0x0f, 0x01, 0x27, 0x3e, 0x04, 0x33, 0x32, 0x16, 0x15, 0x14, 0x06, 0x07,
  0x15, 0x36, 0x3b, 0x01, 0x15, 0x4e, 0x3e, 0x56, 0x5f, 0x31, 0x37, 0x29,
  0x23, 0x48, 0x13, 0x12, 0x43, 0x03, 0x0d, 0x2d, 0x31, 0x4e, 0x28, 0x58,
  0x78, 0x79, 0x72, 0x15, 0x2a, 0xc6, 0x56, 0x28, 0x3d, 0x4f, 0x49, 0x1f,
  0x29, 0x28, 0x25, 0x12, 0x12, 0x53, 0x04, 0x0e, 0x23, 0x1a, 0x16, 0x60,
  0x4f, 0x53, 0x82, 0x44, 0x02, 0x04, 0x6c, 0x00, 0x00, 0x01, 0x00, 0x32,
  0xff, 0x81, 0x02, 0x08, 0x02, 0x26, 0x00, 0x27, 0x00, 0x00, 0x17, 0x37,
  0x1e, 0x04, 0x33, 0x32, 0x36, 0x35, 0x34, 0x26, 0x2b, 0x01, 0x27, 0x37,
  0x3e, 0x01, 0x3f, 0x01, 0x35, 0x06, 0x2b, 0x01, 0x35, 0x21, 0x15, 0x07,
  0x1e, 0x01, 0x15, 0x14, 0x06, 0x23, 0x22, 0x2e, 0x02, 0x27, 0x32, 0x3c,
  0x03, 0x09, 0x20, 0x22, 0x33, 0x19, 0x38, 0x48, 0x5b, 0x3a, 0x36, 0x1c,
  0x76, 0x0c, 0x1a, 0x07, 0x06, 0x16, 0x29, 0xb3, 0x01, 0x99, 0xb0, 0x51,
  0x76, 0x89, 0x73, 0x28, 0x4a, 0x31, 0x26, 0x09, 0x27, 0x59, 0x03, 0x09,
  0x18, 0x12, 0x0f, 0x38, 0x2f, 0x35, 0x37, 0x3e, 0x8a, 0x0e, 0x19, 0x06,
  0x06, 0x02, 0x04, 0x6d, 0x4a, 0xc1, 0x0a, 0x63, 0x52, 0x5d, 0x7e, 0x12,
  0x1a, 0x1a, 0x09, 0x00, 0x00, 0x02, 0x00, 0x18, 0xff, 0x8c, 0x02, 0x36,
  0x02, 0x26, 0x00, 0x0a, 0x00, 0x11, 0x00, 0x00, 0x37, 0x35, 0x01, 0x33,
  0x11, 0x33, 0x15, 0x23, 0x15, 0x23, 0x35, 0x27, 0x33, 0x35, 0x37, 0x23,
  0x06, 0x07, 0x18, 0x01, 0x21, 0x9e, 0x5f, 0x5f, 0x7f, 0xb9, 0xb9, 0x05,
  0x02, 0x10, 0x13, 0x1d, 0x4f, 0x01, 0xba, 0xfe, 0x63, 0x6c, 0x91, 0x91,
  0x6c, 0xd9, 0x4a, 0x28, 0x1b, 0x00, 0x00, 0x00, 0x00, 0x01, 0x00, 0x36,
  0xff, 0x84, 0x02, 0x10, 0x02, 0x26, 0x00, 0x22, 0x00, 0x00, 0x17, 0x37,
  0x1e, 0x02, 0x33, 0x32, 0x36, 0x35, 0x34, 0x26, 0x23, 0x22, 0x06, 0x0f,
  0x01, 0x27, 0x13, 0x21, 0x15, 0x23, 0x0f, 0x01, 0x33, 0x36, 0x33, 0x32,
  0x16, 0x15, 0x14, 0x06, 0x23, 0x22, 0x26, 0x27, 0x36, 0x3c, 0x07, 0x18,
  0x4e, 0x28, 0x37, 0x52, 0x50, 0x3a, 0x1d, 0x38, 0x0e, 0x0e, 0x44, 0x21,
  0x01, 0x68, 0xfc, 0x0b, 0x05, 0x02, 0x22, 0x2b, 0x6e, 0x85, 0x90, 0x6f,
  0x40, 0x6d, 0x17, 0x24, 0x58, 0x08, 0x16, 0x26, 0x3c, 0x36, 0x37, 0x3f,
  0x0e, 0x06, 0x07, 0x19, 0x01, 0x50, 0x6d, 0x6c, 0x1f, 0x0e, 0x77, 0x5d,
  0x67, 0x7d, 0x2c, 0x16, 0x00, 0x02, 0x00, 0x2b, 0xff, 0xf4, 0x02, 0x1f,
  0x02, 0xa6, 0x00, 0x1b, 0x00, 0x27, 0x00, 0x00, 0x13, 0x34, 0x3e, 0x02,
  0x33, 0x32, 0x16, 0x1f, 0x01, 0x07, 0x26, 0x23, 0x22, 0x06, 0x07, 0x33,
  0x3e, 0x01, 0x33, 0x32, 0x16, 0x15, 0x14, 0x06, 0x23, 0x22, 0x26, 0x37,
  0x14, 0x16, 0x33, 0x32, 0x36, 0x35, 0x34, 0x26, 0x23, 0x22, 0x06, 0x2b,
  0x28, 0x4b, 0x7e, 0x4e, 0x28, 0x48, 0x10, 0x11, 0x25, 0x2e, 0x36, 0x4c,
  0x61, 0x0e, 0x02, 0x12, 0x4d, 0x27, 0x65, 0x7b, 0x81, 0x65, 0x74, 0x9a,
  0x82, 0x50, 0x3b, 0x30, 0x38, 0x43, 0x3c, 0x30, 0x44, 0x01, 0x2a, 0x45,
  0x83, 0x70, 0x44, 0x0e, 0x07, 0x07, 0x65, 0x15, 0x6c, 0x4d, 0x16, 0x1b,
  0x80, 0x5d, 0x5e, 0x83, 0xa5, 0x6c, 0x3f, 0x66, 0x40, 0x34, 0x35, 0x45,
  0x2a, 0x00, 0x00, 0x00, 0x00, 0x01, 0x00, 0x37, 0xff, 0x8c, 0x02, 0x13,
  0x02, 0x26, 0x00, 0x0d, 0x00, 0x00, 0x17, 0x13, 0x3e, 0x01, 0x3f, 0x01,
  0x35, 0x06, 0x23, 0x21, 0x35, 0x21, 0x15, 0x01, 0x64, 0xfd, 0x09, 0x13,
  0x05, 0x04, 0x0b, 0x23, 0xfe, 0xdf, 0x01, 0xdc, 0xfe, 0xd7, 0x74, 0x01,
  0xf2, 0x13, 0x1e, 0x06, 0x06, 0x02, 0x03, 0x6c, 0x55, 0xfd, 0xbb, 0x00,
  0x00, 0x03, 0x00, 0x2b, 0xff, 0xf4, 0x02, 0x18, 0x02, 0xa5, 0x00, 0x13,
  0x00, 0x23, 0x00, 0x31, 0x00, 0x00, 0x37, 0x34, 0x37, 0x26, 0x35, 0x34,
  0x36, 0x33, 0x32, 0x16, 0x15, 0x14, 0x07, 0x16, 0x15, 0x14, 0x06, 0x23,
  0x22, 0x26, 0x25, 0x34, 0x2e, 0x05, 0x27, 0x06, 0x15, 0x14, 0x16, 0x33,
  0x32, 0x36, 0x03, 0x14, 0x1e, 0x02, 0x17, 0x16, 0x17, 0x36, 0x35, 0x34,
  0x26, 0x22, 0x06, 0x2b, 0x68, 0x48, 0x73, 0x6a, 0x62, 0x7f, 0x49, 0x58,
  0x86, 0x70, 0x6e, 0x89, 0x01, 0x6d, 0x09, 0x15, 0x13, 0x26, 0x18, 0x2f,
  0x0c, 0x45, 0x48, 0x31, 0x32, 0x44, 0xd3, 0x18, 0x25, 0x36, 0x1a, 0x09,
  0x05, 0x2e, 0x39, 0x5c, 0x34, 0xc1, 0x60, 0x4b, 0x35, 0x4e, 0x4c, 0x6a,
  0x64, 0x54, 0x4b, 0x5b, 0x37, 0x55, 0x51, 0x76, 0x76, 0x55, 0x0c, 0x16,
  0x13, 0x0f, 0x12, 0x0b, 0x15, 0x05, 0x31, 0x3e, 0x2f, 0x3d, 0x35, 0x01,
  0x59, 0x15, 0x23, 0x18, 0x19, 0x0a, 0x03, 0x02, 0x36, 0x3a, 0x27, 0x2e,
  0x2c, 0x00, 0x00, 0x00, 0x00, 0x02, 0x00, 0x2a, 0xff, 0x80, 0x02, 0x1e,
  0x02, 0x32, 0x00, 0x1b, 0x00, 0x26, 0x00, 0x00, 0x37, 0x16, 0x33, 0x32,
  0x36, 0x37, 0x23, 0x0e, 0x01, 0x23, 0x22, 0x26, 0x35, 0x34, 0x36, 0x33,
  0x32, 0x16, 0x15, 0x14, 0x0e, 0x02, 0x23, 0x22, 0x26, 0x2f, 0x01, 0x13,
  0x32, 0x36, 0x35, 0x34, 0x26, 0x23, 0x22, 0x06, 0x14, 0x16, 0x73, 0x2e,
  0x36, 0x4c, 0x61, 0x0e, 0x02, 0x12, 0x4d, 0x27, 0x65, 0x7b, 0x80, 0x66,
  0x74, 0x9a, 0x28, 0x4b, 0x7e, 0x4e, 0x28, 0x49, 0x10, 0x11, 0xdb, 0x30,
  0x43, 0x50, 0x3a, 0x30, 0x39, 0x44, 0x01, 0x15, 0x6c, 0x4c, 0x15, 0x1b,
  0x7f, 0x5d, 0x5f, 0x83, 0xa5, 0x92, 0x44, 0x84, 0x6f, 0x44, 0x0e, 0x07,
  0x07, 0x01, 0x3c, 0x2a, 0x1e, 0x40, 0x66, 0x40, 0x68, 0x46, 0x00, 0x00,
  0x00, 0x01, 0x00, 0x2b, 0xff, 0x9b, 0x01, 0xe5, 0x02, 0xa6, 0x00, 0x31,
  0x00, 0x00, 0x3f, 0x01, 0x1e, 0x04, 0x33, 0x32, 0x36, 0x35, 0x34, 0x2e,
  0x04, 0x35, 0x34, 0x36, 0x37, 0x35, 0x33, 0x15, 0x1e, 0x01, 0x1f, 0x01,
  0x07, 0x2e, 0x02, 0x23, 0x22, 0x15, 0x14, 0x1e, 0x03, 0x15, 0x14, 0x06,
  0x07, 0x15, 0x23, 0x35, 0x2e, 0x01, 0x27, 0x2b, 0x3e, 0x03, 0x0a, 0x21,
  0x23, 0x33, 0x19, 0x2a, 0x31, 0x2b, 0x40, 0x4c, 0x40, 0x2b, 0x5d, 0x4c,
  0x55, 0x2e, 0x4d, 0x10, 0x10, 0x31, 0x06, 0x18, 0x47, 0x23, 0x5c, 0x3c,
  0x55, 0x55, 0x3c, 0x5d, 0x4f, 0x55, 0x35, 0x5c, 0x14, 0x54, 0x5e, 0x03,
  0x0b, 0x1a, 0x14, 0x11, 0x20, 0x1e, 0x14, 0x22, 0x18, 0x22, 0x27, 0x43,
  0x2b, 0x43, 0x56, 0x0c, 0x59, 0x58, 0x04, 0x1f, 0x0d, 0x0e, 0x65, 0x06,
  0x12, 0x1d, 0x3e, 0x17, 0x23, 0x1f, 0x29, 0x4b, 0x34, 0x41, 0x5d, 0x0b,
  0x5d, 0x5c, 0x06, 0x2f, 0x14, 0x00, 0x00, 0x00, 0x00, 0x01, 0x00, 0x2d,
  0xff, 0xe4, 0x01, 0xfb, 0x02, 0x73, 0x00, 0x22, 0x00, 0x00, 0x36, 0x34,
  0x36, 0x37, 0x35, 0x33, 0x15, 0x1e, 0x01, 0x1f, 0x01, 0x07, 0x2e, 0x02,
  0x23, 0x22, 0x06, 0x15, 0x14, 0x16, 0x33, 0x32, 0x36, 0x3f, 0x01, 0x17,
  0x0e, 0x02, 0x07, 0x15, 0x23, 0x35, 0x26, 0x2d, 0x6f, 0x5e, 0x59, 0x30,
  0x54, 0x12, 0x12, 0x3a, 0x06, 0x15, 0x42, 0x22, 0x44, 0x52, 0x52, 0x44,
  0x22, 0x3f, 0x0f, 0x0f, 0x3a, 0x07, 0x1a, 0x57, 0x30, 0x59, 0x5e, 0xd0,
  0xb6, 0x87, 0x12, 0x54, 0x4f, 0x04, 0x27, 0x11, 0x12, 0x5d, 0x07, 0x14,
  0x21, 0x4f, 0x39, 0x3b, 0x50, 0x1e, 0x0e, 0x0f, 0x5c, 0x08, 0x17, 0x2c,
  0x04, 0x4e, 0x53, 0x12, 0x00, 0x01, 0x00, 0x34, 0x00, 0x00, 0x02, 0x26,
  0x02, 0x51, 0x00, 0x1b, 0x00, 0x00, 0x33, 0x35, 0x33, 0x35, 0x23, 0x35,
  0x33, 0x35, 0x34, 0x36, 0x33, 0x32, 0x16, 0x1f, 0x01, 0x07, 0x26, 0x23,
  0x22, 0x06, 0x1d, 0x01, 0x33, 0x15, 0x23, 0x15, 0x21, 0x15, 0x34, 0x3b,
  0x2c, 0x2c, 0x87, 0x64, 0x31, 0x5b, 0x15, 0x15, 0x39, 0x3a, 0x40, 0x30,
  0x3e, 0xca, 0xca, 0x01, 0x37, 0x6c, 0x81, 0x54, 0x46, 0x57, 0x73, 0x1d,
  0x0e, 0x0e, 0x5d, 0x25, 0x34, 0x27, 0x44, 0x54, 0x81, 0x6c, 0x00, 0x00,
  0x00, 0x01, 0x00, 0x2c, 0x00, 0x00, 0x02, 0x51, 0x02, 0x45, 0x00, 0x1f,
  0x00, 0x00, 0x13, 0x35, 0x33, 0x27, 0x33, 0x17, 0x1e, 0x01, 0x1f, 0x01,
  0x33, 0x36, 0x3f, 0x01, 0x33, 0x07, 0x33, 0x15, 0x23, 0x07, 0x15, 0x33,
  0x15, 0x23, 0x15, 0x23, 0x35, 0x23, 0x35, 0x33, 0x35, 0x27, 0x5b, 0x52,
  0x81, 0x92, 0x55, 0x0a, 0x16, 0x05, 0x06, 0x02, 0x14, 0x17, 0x54, 0x92,
  0x81, 0x57, 0x84, 0x24, 0xa8, 0xa8, 0x81, 0xa3, 0xa3, 0x25, 0x01, 0x1f,
  0x4c, 0xda, 0x9e, 0x13, 0x31, 0x0f, 0x0f, 0x37, 0x2b, 0x9e, 0xda, 0x4c,
  0x3f, 0x04, 0x4c, 0x90, 0x90, 0x4c, 0x04, 0x3f, 0x00, 0x01, 0x00, 0x14,
  0xff, 0x81, 0x02, 0x1c, 0x02, 0xa6, 0x00, 0x20, 0x00, 0x00, 0x17, 0x16,
  0x33, 0x32, 0x3f, 0x01, 0x23, 0x35, 0x33, 0x37, 0x3e, 0x04, 0x33, 0x17,
  0x15, 0x26, 0x23, 0x22, 0x0f, 0x01, 0x33, 0x15, 0x23, 0x07, 0x0e, 0x03,
  0x23, 0x27, 0x14, 0x2c, 0x17, 0x62, 0x08, 0x13, 0x4b, 0x54, 0x09, 0x04,
  0x25, 0x2e, 0x3e, 0x31, 0x1a, 0x56, 0x36, 0x19, 0x62, 0x09, 0x08, 0x6d,
  0x76, 0x13, 0x05, 0x32, 0x4a, 0x3e, 0x21, 0x4a, 0x0c, 0x06, 0x5c, 0xd7,
  0x65, 0x63, 0x30, 0x47, 0x27, 0x18, 0x07, 0x08, 0x6c, 0x07, 0x5c, 0x57,
  0x65, 0xe3, 0x3b, 0x51, 0x24, 0x0d, 0x07, 0x00, 0x00, 0x01, 0x00, 0x31,
  0xff, 0xf4, 0x02, 0x1f, 0x02, 0x51, 0x00, 0x2c, 0x00, 0x00, 0x37, 0x35,
  0x33, 0x26, 0x35, 0x34, 0x37, 0x23, 0x35, 0x33, 0x3e, 0x01, 0x33, 0x32,
  0x16, 0x1f, 0x01, 0x07, 0x26, 0x23, 0x22, 0x06, 0x07, 0x33, 0x07, 0x23,
  0x06, 0x15, 0x14, 0x17, 0x33, 0x07, 0x23, 0x16, 0x33, 0x32, 0x36, 0x3f,
  0x01, 0x17, 0x06, 0x23, 0x22, 0x26, 0x27, 0x31, 0x40, 0x02, 0x01, 0x3f,
  0x4c, 0x1c, 0x9e, 0x7a, 0x19, 0x31, 0x0d, 0x0c, 0x1c, 0x22, 0x27, 0x3f,
  0x58, 0x16, 0xe3, 0x0f, 0xe7, 0x01, 0x02, 0xde, 0x0e, 0xb9, 0x35, 0x77,
  0x16, 0x2b, 0x0b, 0x0b, 0x15, 0x2f, 0x3f, 0x76, 0x9e, 0x1e, 0xc0, 0x46,
  0x14, 0x0c, 0x0f, 0x08, 0x46, 0x5a, 0x74, 0x06, 0x03, 0x03, 0x66, 0x0a,
  0x38, 0x2e, 0x46, 0x08, 0x0e, 0x0b, 0x16, 0x46, 0x62, 0x07, 0x03, 0x04,
  0x67, 0x11, 0x72, 0x5a, 0x00, 0x02, 0x00, 0x23, 0x01, 0x05, 0x01, 0x68,
  0x02, 0xd0, 0x00, 0x07, 0x00, 0x0f, 0x00, 0x00, 0x13, 0x22, 0x35, 0x34,
  0x33, 0x32, 0x15, 0x14, 0x27, 0x32, 0x35, 0x34, 0x23, 0x22, 0x15, 0x14,
  0xc6, 0xa3, 0xa3, 0xa2, 0xa2, 0x42, 0x42, 0x43, 0x01, 0x05, 0xe6, 0xe5,
  0xe5, 0xe6, 0x57, 0x8f, 0x8d, 0x8d, 0x8f, 0x00, 0x00, 0x01, 0x00, 0x39,
  0x01, 0x0f, 0x01, 0x59, 0x02, 0xc6, 0x00, 0x0e, 0x00, 0x00, 0x13, 0x35,
  0x33, 0x35, 0x37, 0x23, 0x06, 0x0f, 0x01, 0x27, 0x37, 0x33, 0x11, 0x33,
  0x15, 0x43, 0x5c, 0x02, 0x02, 0x04, 0x0b, 0x1f, 0x38, 0x71, 0x54, 0x5b,
  0x01, 0x0f, 0x53, 0xcf, 0x1c, 0x09, 0x0a, 0x1d, 0x3c, 0x6d, 0xfe, 0x9c,
  0x53, 0x00, 0x00, 0x00, 0x00, 0x01, 0x00, 0x2c, 0x01, 0x0f, 0x01, 0x61,
  0x02, 0xd0, 0x00, 0x20, 0x00, 0x00, 0x13, 0x26, 0x35, 0x34, 0x3e, 0x03,
  0x34, 0x26, 0x23, 0x22, 0x06, 0x0f, 0x01, 0x27, 0x3e, 0x04, 0x33, 0x32,
  0x16, 0x15, 0x14, 0x0e, 0x03, 0x07, 0x33, 0x15, 0x30, 0x04, 0x2b, 0x3d,
  0x3c, 0x2b, 0x23, 0x1b, 0x14, 0x28, 0x09, 0x0a, 0x3e, 0x02, 0x07, 0x1b,
  0x20, 0x33, 0x1c, 0x3f, 0x59, 0x27, 0x39, 0x39, 0x2b, 0x02, 0xcc, 0x01,
  0x0f, 0x1c, 0x0d, 0x30, 0x4b, 0x2c, 0x25, 0x29, 0x2e, 0x1d, 0x17, 0x0b,
  0x0c, 0x37, 0x03, 0x0b, 0x1b, 0x15, 0x11, 0x49, 0x3f, 0x28, 0x3f, 0x27,
  0x20, 0x24, 0x14, 0x53, 0x00, 0x01, 0x00, 0x24, 0x01, 0x05, 0x01, 0x5f,
  0x02, 0xc6, 0x00, 0x1f, 0x00, 0x00, 0x13, 0x22, 0x26, 0x2f, 0x01, 0x37,
  0x1e, 0x02, 0x33, 0x32, 0x36, 0x34, 0x26, 0x2b, 0x01, 0x27, 0x3f, 0x01,
  0x35, 0x06, 0x2b, 0x01, 0x35, 0x21, 0x15, 0x07, 0x1e, 0x01, 0x15, 0x14,
  0x06, 0xb9, 0x2d, 0x4a, 0x0f, 0x0f, 0x32, 0x04, 0x0f, 0x32, 0x1c, 0x1e,
  0x2a, 0x2e, 0x20, 0x23, 0x14, 0x4f, 0x18, 0x14, 0x0f, 0x81, 0x01, 0x18,
  0x63, 0x31, 0x3c, 0x5c, 0x01, 0x05, 0x21, 0x11, 0x11, 0x43, 0x05, 0x10,
  0x1a, 0x24, 0x36, 0x1e, 0x2d, 0x5a, 0x18, 0x02, 0x03, 0x54, 0x3d, 0x70,
  0x09, 0x42, 0x34, 0x3d, 0x58, 0x00, 0x00, 0x00, 0x00, 0x02, 0x00, 0x14,
  0x01, 0x0f, 0x01, 0x77, 0x02, 0xc6, 0x00, 0x0a, 0x00, 0x12, 0x00, 0x00,
  0x13, 0x35, 0x23, 0x35, 0x13, 0x33, 0x11, 0x33, 0x15, 0x23, 0x15, 0x27,
  0x33, 0x35, 0x37, 0x23, 0x06, 0x0f, 0x01, 0xe0, 0xcc, 0xbd, 0x6c, 0x3a,
  0x3a, 0xc8, 0x6b, 0x03, 0x02, 0x0c, 0x0e, 0x52, 0x01, 0x0f, 0x63, 0x40,
  0x01, 0x14, 0xfe, 0xfe, 0x52, 0x63, 0xb5, 0x6e, 0x37, 0x1b, 0x14, 0x74,
  0x00, 0x01, 0x00, 0x28, 0x01, 0x05, 0x01, 0x65, 0x02, 0xc6, 0x00, 0x23,
  0x00, 0x00, 0x13, 0x22, 0x2e, 0x02, 0x2f, 0x01, 0x37, 0x1e, 0x02, 0x33,
  0x32, 0x36, 0x34, 0x26, 0x23, 0x22, 0x06, 0x0f, 0x01, 0x27, 0x37, 0x33,
  0x15, 0x23, 0x0f, 0x01, 0x17, 0x36, 0x33, 0x32, 0x16, 0x15, 0x14, 0x06,
  0xbf, 0x1b, 0x34, 0x22, 0x1a, 0x06, 0x06, 0x34, 0x04, 0x0e, 0x30, 0x1a,
  0x1f, 0x2e, 0x2e, 0x21, 0x13, 0x23, 0x08, 0x09, 0x33, 0x16, 0xf5, 0xa8,
  0x04, 0x05, 0x02, 0x15, 0x1e, 0x44, 0x56, 0x5b, 0x01, 0x05, 0x0e, 0x13,
  0x14, 0x07, 0x07, 0x43, 0x05, 0x10, 0x1a, 0x26, 0x3c, 0x27, 0x09, 0x04,
  0x05, 0x13, 0xe0, 0x54, 0x2f, 0x19, 0x01, 0x08, 0x55, 0x3d, 0x3e, 0x5c,
  0x00, 0x02, 0x00, 0x27, 0x01, 0x05, 0x01, 0x6a, 0x02, 0xd0, 0x00, 0x19,
  0x00, 0x25, 0x00, 0x00, 0x13, 0x22, 0x26, 0x35, 0x34, 0x3e, 0x01, 0x33,
  0x32, 0x16, 0x1f, 0x01, 0x07, 0x26, 0x23, 0x22, 0x06, 0x07, 0x33, 0x36,
  0x33, 0x32, 0x16, 0x15, 0x14, 0x06, 0x27, 0x32, 0x36, 0x35, 0x34, 0x26,
  0x23, 0x22, 0x06, 0x15, 0x14, 0x16, 0xd3, 0x49, 0x63, 0x2b, 0x5f, 0x41,
  0x19, 0x31, 0x0c, 0x0c, 0x1b, 0x23, 0x1f, 0x26, 0x35, 0x09, 0x02, 0x1a,
  0x25, 0x44, 0x52, 0x54, 0x43, 0x1a, 0x1e, 0x25, 0x21, 0x19, 0x24, 0x2b,
  0x01, 0x05, 0x6e, 0x5f, 0x3e, 0x71, 0x4f, 0x0c, 0x06, 0x05, 0x51, 0x10,
  0x36, 0x2b, 0x15, 0x52, 0x3e, 0x40, 0x57, 0x57, 0x26, 0x1b, 0x1f, 0x2b,
  0x18, 0x10, 0x27, 0x3c, 0x00, 0x01, 0x00, 0x2c, 0x01, 0x0f, 0x01, 0x66,
  0x02, 0xc6, 0x00, 0x0a, 0x00, 0x00, 0x1b, 0x01, 0x37, 0x35, 0x06, 0x2b,
  0x01, 0x35, 0x21, 0x15, 0x03, 0x33, 0xaf, 0x18, 0x12, 0x15, 0xa7, 0x01,
  0x3a, 0xcb, 0x01, 0x0f, 0x01, 0x3d, 0x26, 0x02, 0x02, 0x54, 0x41, 0xfe,
  0x8a, 0x00, 0x00, 0x00, 0x00, 0x03, 0x00, 0x21, 0x01, 0x05, 0x01, 0x66,
  0x02, 0xd0, 0x00, 0x12, 0x00, 0x22, 0x00, 0x2f, 0x00, 0x00, 0x13, 0x34,
  0x37, 0x26, 0x35, 0x34, 0x36, 0x32, 0x16, 0x15, 0x14, 0x07, 0x16, 0x15,
  0x14, 0x06, 0x23, 0x22, 0x26, 0x37, 0x34, 0x2e, 0x05, 0x27, 0x06, 0x15,
  0x14, 0x16, 0x33, 0x32, 0x36, 0x27, 0x14, 0x1e, 0x02, 0x17, 0x36, 0x35,
  0x34, 0x26, 0x23, 0x22, 0x06, 0x21, 0x44, 0x2f, 0x56, 0x78, 0x59, 0x35,
  0x3e, 0x5f, 0x41, 0x43, 0x62, 0xe6, 0x05, 0x0d, 0x0b, 0x17, 0x0d, 0x1d,
  0x07, 0x25, 0x2b, 0x1d, 0x1a, 0x28, 0x76, 0x0c, 0x1d, 0x16, 0x17, 0x1d,
  0x24, 0x18, 0x17, 0x20, 0x01, 0x8e, 0x3d, 0x31, 0x23, 0x37, 0x3a, 0x40,
  0x42, 0x39, 0x37, 0x35, 0x25, 0x3e, 0x3a, 0x47, 0x49, 0x3d, 0x08, 0x0e,
  0x0d, 0x09, 0x0c, 0x07, 0x0d, 0x03, 0x23, 0x24, 0x1c, 0x21, 0x1d, 0xdf,
  0x0d, 0x15, 0x13, 0x0b, 0x0a, 0x24, 0x23, 0x16, 0x19, 0x16, 0x00, 0x00,
  0x00, 0x02, 0x00, 0x22, 0x01, 0x05, 0x01, 0x65, 0x02, 0xd0, 0x00, 0x18,
  0x00, 0x24, 0x00, 0x00, 0x13, 0x34, 0x36, 0x33, 0x32, 0x16, 0x15, 0x14,
  0x06, 0x23, 0x22, 0x26, 0x2f, 0x01, 0x37, 0x16, 0x33, 0x32, 0x36, 0x37,
  0x23, 0x06, 0x23, 0x22, 0x26, 0x37, 0x14, 0x16, 0x33, 0x32, 0x36, 0x35,
  0x34, 0x26, 0x23, 0x22, 0x06, 0x22, 0x53, 0x43, 0x4a, 0x63, 0x6c, 0x60,
  0x19, 0x31, 0x0c, 0x0c, 0x1c, 0x22, 0x1f, 0x26, 0x35, 0x0a, 0x02, 0x1c,
  0x23, 0x45, 0x51, 0x5e, 0x26, 0x20, 0x19, 0x24, 0x2b, 0x20, 0x1a, 0x1e,
  0x02, 0x39, 0x40, 0x57, 0x6e, 0x60, 0x62, 0x9b, 0x0c, 0x05, 0x06, 0x51,
  0x10, 0x35, 0x2b, 0x15, 0x52, 0x3e, 0x1f, 0x2c, 0x19, 0x0f, 0x27, 0x3c,
  0x25, 0x00, 0x00, 0x00, 0x00, 0x02, 0x00, 0x23, 0xff, 0xf6, 0x01, 0x68,
  0x01, 0xc1, 0x00, 0x07, 0x00, 0x0f, 0x00, 0x00, 0x17, 0x22, 0x35, 0x34,
  0x33, 0x32, 0x15, 0x14, 0x27, 0x32, 0x35, 0x34, 0x23, 0x22, 0x15, 0x14,
  0xc6, 0xa3, 0xa3, 0xa2, 0xa2, 0x42, 0x42, 0x43, 0x0a, 0xe6, 0xe5, 0xe5,
  0xe6, 0x57, 0x8f, 0x8d, 0x8d, 0x8f, 0x00, 0x00, 0x00, 0x01, 0x00, 0x39,
  0x00, 0x00, 0x01, 0x59, 0x01, 0xb7, 0x00, 0x0e, 0x00, 0x00, 0x33, 0x35,
  0x33, 0x35, 0x37, 0x23, 0x06, 0x0f, 0x01, 0x27, 0x37, 0x33, 0x11, 0x33,
  0x15, 0x43, 0x5c, 0x02, 0x02, 0x04, 0x0b, 0x1f, 0x38, 0x71, 0x54, 0x5b,
  0x53, 0xcf, 0x1c, 0x09, 0x0a, 0x1d, 0x3c, 0x6d, 0xfe, 0x9c, 0x53, 0x00,
  0x00, 0x01, 0x00, 0x2c, 0x00, 0x00, 0x01, 0x61, 0x01, 0xc1, 0x00, 0x20,
  0x00, 0x00, 0x33, 0x26, 0x35, 0x34, 0x3e, 0x03, 0x34, 0x26, 0x23, 0x22,
  0x06, 0x0f, 0x01, 0x27, 0x3e, 0x04, 0x33, 0x32, 0x16, 0x15, 0x14, 0x0e,
  0x03, 0x07, 0x33, 0x15, 0x30, 0x04, 0x2b, 0x3d, 0x3c, 0x2b, 0x23, 0x1b,
  0x14, 0x27, 0x0a, 0x0a, 0x3e, 0x02, 0x07, 0x1b, 0x20, 0x33, 0x1c, 0x3f,
  0x59, 0x27, 0x39, 0x39, 0x2b, 0x02, 0xcc, 0x1c, 0x0d, 0x30, 0x4b, 0x2c,
  0x25, 0x29, 0x2e, 0x1d, 0x17, 0x0c, 0x0b, 0x37, 0x03, 0x0b, 0x1b, 0x15,
  0x11, 0x49, 0x3f, 0x28, 0x3f, 0x27, 0x20, 0x24, 0x14, 0x53, 0x00, 0x00,
  0x00, 0x01, 0x00, 0x24, 0xff, 0xf6, 0x01, 0x5f, 0x01, 0xb7, 0x00, 0x1f,
  0x00, 0x00, 0x17, 0x22, 0x26, 0x2f, 0x01, 0x37, 0x1e, 0x02, 0x33, 0x32,
  0x36, 0x34, 0x26, 0x2b, 0x01, 0x27, 0x3f, 0x01, 0x35, 0x06, 0x2b, 0x01,
  0x35, 0x21, 0x15, 0x07, 0x1e, 0x01, 0x15, 0x14, 0x06, 0xb9, 0x2d, 0x4a,
  0x0f, 0x0f, 0x32, 0x04, 0x0f, 0x32, 0x1c, 0x1e, 0x2a, 0x2e, 0x20, 0x23,
  0x14, 0x4f, 0x18, 0x14, 0x0f, 0x81, 0x01, 0x18, 0x63, 0x31, 0x3c, 0x5c,
  0x0a, 0x21, 0x11, 0x11, 0x43, 0x05, 0x10, 0x1a, 0x24, 0x36, 0x1e, 0x2d,
  0x5a, 0x18, 0x02, 0x03, 0x54, 0x3d, 0x70, 0x09, 0x42, 0x34, 0x3d, 0x58,
  0x00, 0x02, 0x00, 0x14, 0x00, 0x00, 0x01, 0x77, 0x01, 0xb7, 0x00, 0x0a,
  0x00, 0x12, 0x00, 0x00, 0x33, 0x35, 0x23, 0x35, 0x13, 0x33, 0x11, 0x33,
  0x15, 0x23, 0x15, 0x27, 0x33, 0x35, 0x37, 0x23, 0x06, 0x0f, 0x01, 0xe0,
  0xcc, 0xbd, 0x6c, 0x3a, 0x3a, 0xc8, 0x6b, 0x03, 0x02, 0x0c, 0x0e, 0x52,
  0x63, 0x40, 0x01, 0x14, 0xfe, 0xfe, 0x52, 0x63, 0xb5, 0x6e, 0x37, 0x1b,
  0x14, 0x74, 0x00, 0x00, 0x00, 0x01, 0x00, 0x28, 0xff, 0xf6, 0x01, 0x65,
  0x01, 0xb7, 0x00, 0x23, 0x00, 0x00, 0x17, 0x22, 0x2e, 0x02, 0x2f, 0x01,
  0x37, 0x1e, 0x02, 0x33, 0x32, 0x36, 0x34, 0x26, 0x23, 0x22, 0x06, 0x0f,
  0x01, 0x27, 0x37, 0x33, 0x15, 0x23, 0x0f, 0x01, 0x17, 0x36, 0x33, 0x32,
  0x16, 0x15, 0x14, 0x06, 0xbf, 0x1b, 0x34, 0x22, 0x1a, 0x06, 0x06, 0x34,
  0x04, 0x0e, 0x30, 0x1a, 0x1f, 0x2e, 0x2e, 0x21, 0x13, 0x23, 0x08, 0x09,
  0x33, 0x16, 0xf5, 0xa8, 0x04, 0x05, 0x02, 0x15, 0x1e, 0x44, 0x56, 0x5b,
  0x0a, 0x0e, 0x13, 0x14, 0x07, 0x07, 0x43, 0x05, 0x10, 0x1a, 0x26, 0x3c,
  0x27, 0x09, 0x05, 0x04, 0x13, 0xe0, 0x54, 0x2f, 0x19, 0x01, 0x08, 0x55,
  0x3d, 0x3e, 0x5c, 0x00, 0x00, 0x02, 0x00, 0x27, 0xff, 0xf6, 0x01, 0x6a,
  0x01, 0xc1, 0x00, 0x19, 0x00, 0x25, 0x00, 0x00, 0x17, 0x22, 0x26, 0x35,
  0x34, 0x3e, 0x01, 0x33, 0x32, 0x16, 0x1f, 0x01, 0x07, 0x26, 0x23, 0x22,
  0x06, 0x07, 0x33, 0x36, 0x33, 0x32, 0x16, 0x15, 0x14, 0x06, 0x27, 0x32,
  0x36, 0x35, 0x34, 0x26, 0x23, 0x22, 0x06, 0x15, 0x14, 0x16, 0xd3, 0x49,
  0x63, 0x2b, 0x5f, 0x41, 0x19, 0x31, 0x0c, 0x0c, 0x1b, 0x23, 0x1f, 0x26,
  0x35, 0x09, 0x02, 0x1a, 0x25, 0x44, 0x52, 0x54, 0x43, 0x1a, 0x1e, 0x25,
  0x21, 0x19, 0x24, 0x2b, 0x0a, 0x6e, 0x5f, 0x3e, 0x71, 0x4f, 0x0c, 0x05,
  0x06, 0x51, 0x10, 0x36, 0x2b, 0x15, 0x52, 0x3e, 0x40, 0x57, 0x57, 0x25,
  0x1c, 0x1f, 0x2b, 0x18, 0x10, 0x27, 0x3c, 0x00, 0x00, 0x01, 0x00, 0x2c,
  0x00, 0x00, 0x01, 0x66, 0x01, 0xb7, 0x00, 0x0a, 0x00, 0x00, 0x33, 0x13,
  0x37, 0x35, 0x06, 0x2b, 0x01, 0x35, 0x21, 0x15, 0x03, 0x33, 0xaf, 0x18,
  0x12, 0x15, 0xa7, 0x01, 0x3a, 0xcb, 0x01, 0x3d, 0x26, 0x02, 0x02, 0x54,
  0x41, 0xfe, 0x8a, 0x00, 0x00, 0x03, 0x00, 0x21, 0xff, 0xf6, 0x01, 0x66,
  0x01, 0xc1, 0x00, 0x12, 0x00, 0x22, 0x00, 0x2f, 0x00, 0x00, 0x37, 0x34,
  0x37, 0x26, 0x35, 0x34, 0x36, 0x32, 0x16, 0x15, 0x14, 0x07, 0x16, 0x15,
  0x14, 0x06, 0x23, 0x22, 0x26, 0x37, 0x34, 0x2e, 0x05, 0x27, 0x06, 0x15,
  0x14, 0x16, 0x33, 0x32, 0x36, 0x27, 0x14, 0x1e, 0x02, 0x17, 0x36, 0x35,
  0x34, 0x26, 0x23, 0x22, 0x06, 0x21, 0x44, 0x2f, 0x56, 0x78, 0x59, 0x35,
  0x3e, 0x5f, 0x41, 0x43, 0x62, 0xe6, 0x05, 0x0d, 0x0b, 0x17, 0x0d, 0x1d,
  0x07, 0x25, 0x2b, 0x1d, 0x1a, 0x28, 0x76, 0x0c, 0x1d, 0x16, 0x17, 0x1d,
  0x24, 0x18, 0x17, 0x20, 0x7f, 0x3d, 0x31, 0x23, 0x37, 0x3a, 0x40, 0x42,
  0x39, 0x37, 0x35, 0x25, 0x3e, 0x3a, 0x47, 0x49, 0x3d, 0x08, 0x0e, 0x0d,
  0x09, 0x0c, 0x07, 0x0d, 0x03, 0x23, 0x24, 0x1c, 0x21, 0x1d, 0xdf, 0x0d,
  0x15, 0x13, 0x0b, 0x0a, 0x24, 0x23, 0x16, 0x19, 0x16, 0x00, 0x00, 0x00,
  0x00, 0x02, 0x00, 0x22, 0xff, 0xf6, 0x01, 0x65, 0x01, 0xc1, 0x00, 0x18,
  0x00, 0x24, 0x00, 0x00, 0x13, 0x34, 0x36, 0x33, 0x32, 0x16, 0x15, 0x14,
  0x06, 0x23, 0x22, 0x26, 0x2f, 0x01, 0x37, 0x16, 0x33, 0x32, 0x36, 0x37,
  0x23, 0x06, 0x23, 0x22, 0x26, 0x37, 0x14, 0x16, 0x33, 0x32, 0x36, 0x35,
  0x34, 0x26, 0x23, 0x22, 0x06, 0x22, 0x53, 0x43, 0x4a, 0x63, 0x6c, 0x60,
  0x19, 0x31, 0x0c, 0x0c, 0x1c, 0x22, 0x1f, 0x26, 0x35, 0x0a, 0x02, 0x1c,
  0x23, 0x45, 0x51, 0x5e, 0x26, 0x20, 0x19, 0x24, 0x2b, 0x20, 0x1a, 0x1e,
  0x01, 0x2a, 0x40, 0x57, 0x6e, 0x60, 0x62, 0x9b, 0x0c, 0x06, 0x05, 0x51,
  0x10, 0x35, 0x2b, 0x15, 0x52, 0x3e, 0x1f, 0x2c, 0x19, 0x0f, 0x27, 0x3c,
  0x25, 0x00, 0x00, 0x00, 0x00, 0x00, 0x00, 0x1e, 0x01, 0x6e, 0x00, 0x01,
  0x00, 0x00, 0x00, 0x00, 0x00, 0x00, 0x00, 0x38, 0x00, 0x72, 0x00, 0x01,
  0x00, 0x00, 0x00, 0x00, 0x00, 0x01, 0x00, 0x0e, 0x00, 0xc9, 0x00, 0x01,
  0x00, 0x00, 0x00, 0x00, 0x00, 0x02, 0x00, 0x07, 0x00, 0xe8, 0x00, 0x01,
  0x00, 0x00, 0x00, 0x00, 0x00, 0x03, 0x00, 0x11, 0x01, 0x14, 0x00, 0x01,
  0x00, 0x00, 0x00, 0x00, 0x00, 0x04, 0x00, 0x0d, 0x01, 0x42, 0x00, 0x01,
  0x00, 0x00, 0x00, 0x00, 0x00, 0x05, 0x00, 0x05, 0x01, 0x5c, 0x00, 0x01,
  0x00, 0x00, 0x00, 0x00, 0x00, 0x06, 0x00, 0x0d, 0x01, 0x7e, 0x00, 0x01,
  0x00, 0x00, 0x00, 0x00, 0x00, 0x07, 0x00, 0x2a, 0x01, 0xe2, 0x00, 0x01,
  0x00, 0x00, 0x00, 0x00, 0x00, 0x08, 0x00, 0x0c, 0x02, 0x27, 0x00, 0x01,
  0x00, 0x00, 0x00, 0x00, 0x00, 0x09, 0x00, 0x0c, 0x02, 0x4e, 0x00, 0x01,
  0x00, 0x00, 0x00, 0x00, 0x00, 0x0a, 0x00, 0x1d, 0x02, 0x97, 0x00, 0x01,
  0x00, 0x00, 0x00, 0x00, 0x00, 0x0b, 0x00, 0x1f, 0x02, 0xf5, 0x00, 0x01,
  0x00, 0x00, 0x00, 0x00, 0x00, 0x0c, 0x00, 0x1f, 0x03, 0x55, 0x00, 0x01,
  0x00, 0x00, 0x00, 0x00, 0x00, 0x10, 0x00, 0x0a, 0x03, 0x8b, 0x00, 0x01,
  0x00, 0x00, 0x00, 0x00, 0x00, 0x11, 0x00, 0x03, 0x03, 0x9e, 0x00, 0x03,
  0x00, 0x01, 0x04, 0x09, 0x00, 0x00, 0x00, 0x70, 0x00, 0x00, 0x00, 0x03,
  0x00, 0x01, 0x04, 0x09, 0x00, 0x01, 0x00, 0x1c, 0x00, 0xab, 0x00, 0x03,
  0x00, 0x01, 0x04, 0x09, 0x00, 0x02, 0x00, 0x0e, 0x00, 0xd8, 0x00, 0x03,
  0x00, 0x01, 0x04, 0x09, 0x00, 0x03, 0x00, 0x22, 0x00, 0xf0, 0x00, 0x03,
  0x00, 0x01, 0x04, 0x09, 0x00, 0x04, 0x00, 0x1a, 0x01, 0x26, 0x00, 0x03,
  0x00, 0x01, 0x04, 0x09, 0x00, 0x05, 0x00, 0x0a, 0x01, 0x50, 0x00, 0x03,
  0x00, 0x01, 0x04, 0x09, 0x00, 0x06, 0x00, 0x1a, 0x01, 0x62, 0x00, 0x03,
  0x00, 0x01, 0x04, 0x09, 0x00, 0x07, 0x00, 0x54, 0x01, 0x8c, 0x00, 0x03,
  0x00, 0x01, 0x04, 0x09, 0x00, 0x08, 0x00, 0x18, 0x02, 0x0d, 0x00, 0x03,
  0x00, 0x01, 0x04, 0x09, 0x00, 0x09, 0x00, 0x18, 0x02, 0x34, 0x00, 0x03,
  0x00, 0x01, 0x04, 0x09, 0x00, 0x0a, 0x00, 0x3a, 0x02, 0x5b, 0x00, 0x03,
  0x00, 0x01, 0x04, 0x09, 0x00, 0x0b, 0x00, 0x3e, 0x02, 0xb5, 0x00, 0x03,
  0x00, 0x01, 0x04, 0x09, 0x00, 0x0c, 0x00, 0x3e, 0x03, 0x15, 0x00, 0x03,
  0x00, 0x01, 0x04, 0x09, 0x00, 0x10, 0x00, 0x14, 0x03, 0x75, 0x00, 0x03,
  0x00, 0x01, 0x04, 0x09, 0x00, 0x11, 0x00, 0x06, 0x03, 0x96, 0x00, 0x43,
  0x00, 0x6f, 0x00, 0x70, 0x00, 0x79, 0x00, 0x72, 0x00, 0x69, 0x00, 0x67,
  0x00, 0x68, 0x00, 0x74, 0x00, 0x20, 0x00, 0x28, 0x00, 0x63, 0x00, 0x29,
  0x00, 0x20, 0x00, 0x32, 0x00, 0x30, 0x00, 0x30, 0x00, 0x38, 0x00, 0x20,
  0x00, 0x62, 0x00, 0x79, 0x00, 0x20, 0x00, 0x4a, 0x00, 0x6f, 0x00, 0x73,
  0x00, 0x20, 0x00, 0x42, 0x00, 0x75, 0x00, 0x69, 0x00, 0x76, 0x00, 0x65,
  0x00, 0x6e, 0x00, 0x67, 0x00, 0x61, 0x00, 0x2e, 0x00, 0x20, 0x00, 0x41,
  0x00, 0x6c, 0x00, 0x6c, 0x00, 0x20, 0x00, 0x72, 0x00, 0x69, 0x00, 0x67,
  0x00, 0x68, 0x00, 0x74, 0x00, 0x73, 0x00, 0x20, 0x00, 0x72, 0x00, 0x65,
  0x00, 0x73, 0x00, 0x65, 0x00, 0x72, 0x00, 0x76, 0x00, 0x65, 0x00, 0x64,
  0x00, 0x2e, 0x00, 0x00, 0x43, 0x6f, 0x70, 0x79, 0x72, 0x69, 0x67, 0x68,
  0x74, 0x20, 0x28, 0x63, 0x29, 0x20, 0x32, 0x30, 0x30, 0x38, 0x20, 0x62,
  0x79, 0x20, 0x4a, 0x6f, 0x73, 0x20, 0x42, 0x75, 0x69, 0x76, 0x65, 0x6e,
  0x67, 0x61, 0x2e, 0x20, 0x41, 0x6c, 0x6c, 0x20, 0x72, 0x69, 0x67, 0x68,
  0x74, 0x73, 0x20, 0x72, 0x65, 0x73, 0x65, 0x72, 0x76, 0x65, 0x64, 0x2e,
  0x00, 0x00, 0x4d, 0x00, 0x75, 0x00, 0x73, 0x00, 0x65, 0x00, 0x6f, 0x00,
  0x20, 0x00, 0x53, 0x00, 0x61, 0x00, 0x6e, 0x00, 0x73, 0x00, 0x20, 0x00,
  0x37, 0x00, 0x30, 0x00, 0x30, 0x00, 0x00, 0x4d, 0x75, 0x73, 0x65, 0x6f,
  0x20, 0x53, 0x61, 0x6e, 0x73, 0x20, 0x37, 0x30, 0x30, 0x00, 0x00, 0x52,
  0x00, 0x65, 0x00, 0x67, 0x00, 0x75, 0x00, 0x6c, 0x00, 0x61, 0x00, 0x72,
  0x00, 0x00, 0x52, 0x65, 0x67, 0x75, 0x6c, 0x61, 0x72, 0x00, 0x00, 0x46,
  0x00, 0x4f, 0x00, 0x4e, 0x00, 0x54, 0x00, 0x4c, 0x00, 0x41, 0x00, 0x42,
  0x00, 0x3a, 0x00, 0x4f, 0x00, 0x54, 0x00, 0x46, 0x00, 0x45, 0x00, 0x58,
  0x00, 0x50, 0x00, 0x4f, 0x00, 0x52, 0x00, 0x54, 0x00, 0x00, 0x46, 0x4f,
  0x4e, 0x54, 0x4c, 0x41, 0x42, 0x3a, 0x4f, 0x54, 0x46, 0x45, 0x58, 0x50,
  0x4f, 0x52, 0x54, 0x00, 0x00, 0x4d, 0x00, 0x75, 0x00, 0x73, 0x00, 0x65,
  0x00, 0x6f, 0x00, 0x53, 0x00, 0x61, 0x00, 0x6e, 0x00, 0x73, 0x00, 0x2d,
  0x00, 0x37, 0x00, 0x30, 0x00, 0x30, 0x00, 0x00, 0x4d, 0x75, 0x73, 0x65,
  0x6f, 0x53, 0x61, 0x6e, 0x73, 0x2d, 0x37, 0x30, 0x30, 0x00, 0x00, 0x31,
  0x00, 0x2e, 0x00, 0x30, 0x00, 0x30, 0x00, 0x30, 0x00, 0x00, 0x31, 0x2e,
  0x30, 0x30, 0x30, 0x00, 0x00, 0x4d, 0x00, 0x75, 0x00, 0x73, 0x00, 0x65,
  0x00, 0x6f, 0x00, 0x53, 0x00, 0x61, 0x00, 0x6e, 0x00, 0x73, 0x00, 0x2d,
  0x00, 0x37, 0x00, 0x30, 0x00, 0x30, 0x00, 0x00, 0x4d, 0x75, 0x73, 0x65,
  0x6f, 0x53, 0x61, 0x6e, 0x73, 0x2d, 0x37, 0x30, 0x30, 0x00, 0x00, 0x4d,
  0x00, 0x75, 0x00, 0x73, 0x00, 0x65, 0x00, 0x6f, 0x00, 0x20, 0x00, 0x53,
  0x00, 0x61, 0x00, 0x6e, 0x00, 0x73, 0x00, 0x20, 0x00, 0x69, 0x00, 0x73,
  0x00, 0x20, 0x00, 0x61, 0x00, 0x20, 0x00, 0x74, 0x00, 0x72, 0x00, 0x61,
  0x00, 0x64, 0x00, 0x65, 0x00, 0x6d, 0x00, 0x61, 0x00, 0x72, 0x00, 0x6b,
  0x00, 0x20, 0x00, 0x6f, 0x00, 0x66, 0x00, 0x20, 0x00, 0x4a, 0x00, 0x6f,
  0x00, 0x73, 0x00, 0x20, 0x00, 0x42, 0x00, 0x75, 0x00, 0x69, 0x00, 0x76,
  0x00, 0x65, 0x00, 0x6e, 0x00, 0x67, 0x00, 0x61, 0x00, 0x2e, 0x00, 0x00,
  0x4d, 0x75, 0x73, 0x65, 0x6f, 0x20, 0x53, 0x61, 0x6e, 0x73, 0x20, 0x69,
  0x73, 0x20, 0x61, 0x20, 0x74, 0x72, 0x61, 0x64, 0x65, 0x6d, 0x61, 0x72,
  0x6b, 0x20, 0x6f, 0x66, 0x20, 0x4a, 0x6f, 0x73, 0x20, 0x42, 0x75, 0x69,
  0x76, 0x65, 0x6e, 0x67, 0x61, 0x2e, 0x00, 0x00, 0x4a, 0x00, 0x6f, 0x00,
  0x73, 0x00, 0x20, 0x00, 0x42, 0x00, 0x75, 0x00, 0x69, 0x00, 0x76, 0x00,
  0x65, 0x00, 0x6e, 0x00, 0x67, 0x00, 0x61, 0x00, 0x00, 0x4a, 0x6f, 0x73,
  0x20, 0x42, 0x75, 0x69, 0x76, 0x65, 0x6e, 0x67, 0x61, 0x00, 0x00, 0x4a,
  0x00, 0x6f, 0x00, 0x73, 0x00, 0x20, 0x00, 0x42, 0x00, 0x75, 0x00, 0x69,
  0x00, 0x76, 0x00, 0x65, 0x00, 0x6e, 0x00, 0x67, 0x00, 0x61, 0x00, 0x00,
  0x4a, 0x6f, 0x73, 0x20, 0x42, 0x75, 0x69, 0x76, 0x65, 0x6e, 0x67, 0x61,
  0x00, 0x00, 0x53, 0x00, 0x70, 0x00, 0x61, 0x00, 0x63, 0x00, 0x65, 0x00,
  0x64, 0x00, 0x20, 0x00, 0x61, 0x00, 0x6e, 0x00, 0x64, 0x00, 0x20, 0x00,
  0x6b, 0x00, 0x65, 0x00, 0x72, 0x00, 0x6e, 0x00, 0x65, 0x00, 0x64, 0x00,
  0x20, 0x00, 0x77, 0x00, 0x69, 0x00, 0x74, 0x00, 0x68, 0x00, 0x20, 0x00,
  0x69, 0x00, 0x4b, 0x00, 0x65, 0x00, 0x72, 0x00, 0x6e, 0x00, 0x2e, 0x00,
  0x00, 0x53, 0x70, 0x61, 0x63, 0x65, 0x64, 0x20, 0x61, 0x6e, 0x64, 0x20,
  0x6b, 0x65, 0x72, 0x6e, 0x65, 0x64, 0x20, 0x77, 0x69, 0x74, 0x68, 0x20,
  0x69, 0x4b, 0x65, 0x72, 0x6e, 0x2e, 0x00, 0x00, 0x68, 0x00, 0x74, 0x00,
  0x74, 0x00, 0x70, 0x00, 0x3a, 0x00, 0x2f, 0x00, 0x2f, 0x00, 0x77, 0x00,
  0x77, 0x00, 0x77, 0x00, 0x2e, 0x00, 0x6a, 0x00, 0x6f, 0x00, 0x73, 0x00,
  0x62, 0x00, 0x75, 0x00, 0x69, 0x00, 0x76, 0x00, 0x65, 0x00, 0x6e, 0x00,
  0x67, 0x00, 0x61, 0x00, 0x2e, 0x00, 0x64, 0x00, 0x65, 0x00, 0x6d, 0x00,
  0x6f, 0x00, 0x6e, 0x00, 0x2e, 0x00, 0x6e, 0x00, 0x6c, 0x00, 0x00, 0x68,
  0x74, 0x74, 0x70, 0x3a, 0x2f, 0x2f, 0x77, 0x77, 0x77, 0x2e, 0x6a, 0x6f,
  0x73, 0x62, 0x75, 0x69, 0x76, 0x65, 0x6e, 0x67, 0x61, 0x2e, 0x64, 0x65,
  0x6d, 0x6f, 0x6e, 0x2e, 0x6e, 0x6c, 0x00, 0x00, 0x68, 0x00, 0x74, 0x00,
  0x74, 0x00, 0x70, 0x00, 0x3a, 0x00, 0x2f, 0x00, 0x2f, 0x00, 0x77, 0x00,
  0x77, 0x00, 0x77, 0x00, 0x2e, 0x00, 0x6a, 0x00, 0x6f, 0x00, 0x73, 0x00,
  0x62, 0x00, 0x75, 0x00, 0x69, 0x00, 0x76, 0x00, 0x65, 0x00, 0x6e, 0x00,
  0x67, 0x00, 0x61, 0x00, 0x2e, 0x00, 0x64, 0x00, 0x65, 0x00, 0x6d, 0x00,
  0x6f, 0x00, 0x6e, 0x00, 0x2e, 0x00, 0x6e, 0x00, 0x6c, 0x00, 0x00, 0x68,
  0x74, 0x74, 0x70, 0x3a, 0x2f, 0x2f, 0x77, 0x77, 0x77, 0x2e, 0x6a, 0x6f,
  0x73, 0x62, 0x75, 0x69, 0x76, 0x65, 0x6e, 0x67, 0x61, 0x2e, 0x64, 0x65,
  0x6d, 0x6f, 0x6e, 0x2e, 0x6e, 0x6c, 0x00, 0x00, 0x4d, 0x00, 0x75, 0x00,
  0x73, 0x00, 0x65, 0x00, 0x6f, 0x00, 0x20, 0x00, 0x53, 0x00, 0x61, 0x00,
  0x6e, 0x00, 0x73, 0x00, 0x00, 0x4d, 0x75, 0x73, 0x65, 0x6f, 0x20, 0x53,
  0x61, 0x6e, 0x73, 0x00, 0x00, 0x37, 0x00, 0x30, 0x00, 0x30, 0x00, 0x00,
  0x37, 0x30, 0x30, 0x00, 0x00, 0x02, 0x00, 0x00, 0x00, 0x00, 0x00, 0x00,
  0xff, 0xb5, 0x00, 0x32, 0x00, 0x00, 0x00, 0x00, 0x00, 0x00, 0x00, 0x00,
  0x00, 0x00, 0x00, 0x00, 0x00, 0x00, 0x00, 0x00, 0x00, 0x00, 0x00, 0x00,
  0x01, 0xca, 0x00, 0x00, 0x00, 0x01, 0x00, 0x02, 0x00, 0x03, 0x00, 0x04,
  0x00, 0x05, 0x00, 0x06, 0x00, 0x07, 0x00, 0x08, 0x00, 0x09, 0x00, 0x0a,
  0x00, 0x0b, 0x00, 0x0c, 0x00, 0x0d, 0x00, 0x0e, 0x00, 0x0f, 0x00, 0x10,
  0x00, 0x11, 0x00, 0x12, 0x00, 0x13, 0x00, 0x14, 0x00, 0x15, 0x00, 0x16,
  0x00, 0x17, 0x00, 0x18, 0x00, 0x19, 0x00, 0x1a, 0x00, 0x1b, 0x00, 0x1c,
  0x00, 0x1d, 0x00, 0x1e, 0x00, 0x1f, 0x00, 0x20, 0x00, 0x21, 0x00, 0x22,
  0x00, 0x23, 0x00, 0x24, 0x00, 0x25, 0x00, 0x26, 0x00, 0x27, 0x00, 0x28,
  0x00, 0x29, 0x00, 0x2a, 0x00, 0x2b, 0x00, 0x2c, 0x00, 0x2d, 0x00, 0x2e,
  0x00, 0x2f, 0x00, 0x30, 0x00, 0x31, 0x00, 0x32, 0x00, 0x33, 0x00, 0x34,
  0x00, 0x35, 0x00, 0x36, 0x00, 0x37, 0x00, 0x38, 0x00, 0x39, 0x00, 0x3a,
  0x00, 0x3b, 0x00, 0x3c, 0x00, 0x3d, 0x00, 0x3e, 0x00, 0x3f, 0x00, 0x40,
  0x00, 0x41, 0x00, 0x42, 0x00, 0x43, 0x00, 0x44, 0x00, 0x45, 0x00, 0x46,
  0x00, 0x47, 0x00, 0x48, 0x00, 0x49, 0x00, 0x4a, 0x00, 0x4b, 0x00, 0x4c,
  0x00, 0x4d, 0x00, 0x4e, 0x00, 0x4f, 0x00, 0x50, 0x00, 0x51, 0x00, 0x52,
  0x00, 0x53, 0x00, 0x54, 0x00, 0x55, 0x00, 0x56, 0x00, 0x57, 0x00, 0x58,
  0x00, 0x59, 0x00, 0x5a, 0x00, 0x5b, 0x00, 0x5c, 0x00, 0x5d, 0x00, 0x5e,
  0x00, 0x5f, 0x00, 0x60, 0x00, 0x61, 0x01, 0x02, 0x00, 0xa3, 0x00, 0x84,
  0x00, 0x85, 0x00, 0x96, 0x00, 0x86, 0x00, 0x8e, 0x00, 0x8b, 0x00, 0x9d,
  0x00, 0xa9, 0x00, 0xa4, 0x01, 0x03, 0x00, 0x8a, 0x00, 0xda, 0x00, 0x83,
  0x00, 0x93, 0x00, 0xf2, 0x00, 0xf3, 0x00, 0x8d, 0x00, 0x97, 0x00, 0x88,
  0x00, 0xc3, 0x00, 0xde, 0x00, 0xf1, 0x00, 0x9e, 0x00, 0xaa, 0x00, 0xf5,
  0x00, 0xf4, 0x00, 0xf6, 0x00, 0xa2, 0x00, 0xad, 0x00, 0xc9, 0x00, 0xc7,
  0x00, 0xae, 0x00, 0x62, 0x00, 0x63, 0x00, 0x90, 0x00, 0x64, 0x00, 0xcb,
  0x00, 0x65, 0x00, 0xc8, 0x00, 0xca, 0x00, 0xcf, 0x00, 0xcc, 0x00, 0xcd,
  0x00, 0xce, 0x00, 0xe9, 0x00, 0x66, 0x00, 0xd3, 0x00, 0xd0, 0x00, 0xd1,
  0x00, 0xaf, 0x00, 0x67, 0x00, 0xf0, 0x00, 0x91, 0x00, 0xd6, 0x00, 0xd4,
  0x00, 0xd5, 0x00, 0x68, 0x00, 0xeb, 0x00, 0xed, 0x00, 0x89, 0x00, 0x6a,
  0x00, 0x69, 0x00, 0x6b, 0x00, 0x6d, 0x00, 0x6c, 0x00, 0x6e, 0x00, 0xa0,
  0x00, 0x6f, 0x00, 0x71, 0x00, 0x70, 0x00, 0x72, 0x00, 0x73, 0x00, 0x75,
  0x00, 0x74, 0x00, 0x76, 0x00, 0x77, 0x00, 0xea, 0x00, 0x78, 0x00, 0x7a,
  0x00, 0x79, 0x00, 0x7b, 0x00, 0x7d, 0x00, 0x7c, 0x00, 0xb8, 0x00, 0xa1,
  0x00, 0x7f, 0x00, 0x7e, 0x00, 0x80, 0x00, 0x81, 0x00, 0xec, 0x00, 0xee,
  0x00, 0xba, 0x01, 0x04, 0x01, 0x05, 0x01, 0x06, 0x01, 0x07, 0x01, 0x08,
  0x01, 0x09, 0x00, 0xfd, 0x00, 0xfe, 0x01, 0x0a, 0x01, 0x0b, 0x01, 0x0c,
  0x01, 0x0d, 0x00, 0xff, 0x01, 0x00, 0x01, 0x0e, 0x01, 0x0f, 0x01, 0x10,
  0x01, 0x01, 0x01, 0x11, 0x01, 0x12, 0x01, 0x13, 0x01, 0x14, 0x01, 0x15,
  0x01, 0x16, 0x01, 0x17, 0x01, 0x18, 0x01, 0x19, 0x01, 0x1a, 0x01, 0x1b,
  0x01, 0x1c, 0x00, 0xf8, 0x00, 0xf9, 0x01, 0x1d, 0x01, 0x1e, 0x01, 0x1f,
  0x01, 0x20, 0x01, 0x21, 0x01, 0x22, 0x01, 0x23, 0x01, 0x24, 0x01, 0x25,
  0x01, 0x26, 0x01, 0x27, 0x01, 0x28, 0x01, 0x29, 0x01, 0x2a, 0x01, 0x2b,
  0x01, 0x2c, 0x00, 0xfa, 0x00, 0xd7, 0x01, 0x2d, 0x01, 0x2e, 0x01, 0x2f,
  0x01, 0x30, 0x01, 0x31, 0x01, 0x32, 0x01, 0x33, 0x01, 0x34, 0x01, 0x35,
  0x01, 0x36, 0x01, 0x37, 0x01, 0x38, 0x01, 0x39, 0x01, 0x3a, 0x01, 0x3b,
  0x00, 0xe2, 0x00, 0xe3, 0x01, 0x3c, 0x01, 0x3d, 0x01, 0x3e, 0x01, 0x3f,
  0x01, 0x40, 0x01, 0x41, 0x01, 0x42, 0x01, 0x43, 0x01, 0x44, 0x01, 0x45,
  0x01, 0x46, 0x01, 0x47, 0x01, 0x48, 0x01, 0x49, 0x01, 0x4a, 0x00, 0xb0,
  0x00, 0xb1, 0x01, 0x4b, 0x01, 0x4c, 0x01, 0x4d, 0x01, 0x4e, 0x01, 0x4f,
  0x01, 0x50, 0x01, 0x51, 0x01, 0x52, 0x01, 0x53, 0x01, 0x54, 0x00, 0xfb,
  0x00, 0xfc, 0x00, 0xe4, 0x00, 0xe5, 0x01, 0x55, 0x01, 0x56, 0x01, 0x57,
  0x01, 0x58, 0x01, 0x59, 0x01, 0x5a, 0x01, 0x5b, 0x01, 0x5c, 0x01, 0x5d,
  0x01, 0x5e, 0x01, 0x5f, 0x01, 0x60, 0x01, 0x61, 0x01, 0x62, 0x01, 0x63,
  0x01, 0x64, 0x01, 0x65, 0x01, 0x66, 0x01, 0x67, 0x01, 0x68, 0x01, 0x69,
  0x01, 0x6a, 0x00, 0xbb, 0x01, 0x6b, 0x01, 0x6c, 0x01, 0x6d, 0x01, 0x6e,
  0x00, 0xe6, 0x00, 0xe7, 0x01, 0x6f, 0x00, 0xa6, 0x01, 0x70, 0x01, 0x71,
  0x01, 0x72, 0x01, 0x73, 0x00, 0xd8, 0x00, 0xe1, 0x00, 0xdb, 0x00, 0xdc,
  0x00, 0xdd, 0x00, 0xe0, 0x00, 0xd9, 0x00, 0xdf, 0x01, 0x74, 0x01, 0x75,
  0x00, 0xb2, 0x00, 0xb3, 0x00, 0xb6, 0x00, 0xb7, 0x00, 0xc4, 0x00, 0xb4,
  0x00, 0xb5, 0x00, 0xc5, 0x00, 0x82, 0x00, 0xc2, 0x00, 0x87, 0x00, 0xab,
  0x00, 0xc6, 0x00, 0xbe, 0x00, 0xbf, 0x00, 0xbc, 0x01, 0x76, 0x01, 0x77,
  0x01, 0x78, 0x01, 0x79, 0x01, 0x7a, 0x01, 0x7b, 0x01, 0x7c, 0x01, 0x7d,
  0x01, 0x7e, 0x01, 0x7f, 0x01, 0x80, 0x01, 0x81, 0x01, 0x82, 0x01, 0x83,
  0x01, 0x84, 0x01, 0x85, 0x01, 0x86, 0x01, 0x87, 0x00, 0x8c, 0x00, 0xef,
  0x00, 0x92, 0x00, 0xa7, 0x00, 0x8f, 0x00, 0x94, 0x00, 0x95, 0x01, 0x88,
  0x00, 0xc0, 0x00, 0xc1, 0x01, 0x89, 0x01, 0x8a, 0x01, 0x8b, 0x00, 0xd2,
  0x01, 0x8c, 0x01, 0x8d, 0x01, 0x8e, 0x01, 0x8f, 0x01, 0x90, 0x01, 0x91,
  0x01, 0x92, 0x01, 0x93, 0x01, 0x94, 0x01, 0x95, 0x01, 0x96, 0x01, 0x97,
  0x01, 0x98, 0x01, 0x99, 0x01, 0x9a, 0x01, 0x9b, 0x01, 0x9c, 0x01, 0x9d,
  0x01, 0x9e, 0x01, 0x9f, 0x01, 0xa0, 0x01, 0xa1, 0x01, 0xa2, 0x01, 0xa3,
  0x01, 0xa4, 0x01, 0xa5, 0x01, 0xa6, 0x01, 0xa7, 0x01, 0xa8, 0x01, 0xa9,
  0x01, 0xaa, 0x01, 0xab, 0x01, 0xac, 0x01, 0xad, 0x01, 0xae, 0x01, 0xaf,
  0x01, 0xb0, 0x01, 0xb1, 0x01, 0xb2, 0x01, 0xb3, 0x01, 0xb4, 0x01, 0xb5,
  0x01, 0xb6, 0x01, 0xb7, 0x01, 0xb8, 0x01, 0xb9, 0x01, 0xba, 0x01, 0xbb,
  0x01, 0xbc, 0x01, 0xbd, 0x01, 0xbe, 0x01, 0xbf, 0x01, 0xc0, 0x01, 0xc1,
  0x01, 0xc2, 0x01, 0xc3, 0x01, 0xc4, 0x01, 0xc5, 0x01, 0xc6, 0x01, 0xc7,
  0x01, 0xc8, 0x01, 0xc9, 0x01, 0xca, 0x01, 0xcb, 0x01, 0xcc, 0x01, 0xcd,
  0x01, 0xce, 0x01, 0xcf, 0x01, 0xd0, 0x01, 0xd1, 0x01, 0xd2, 0x01, 0xd3,
  0x01, 0xd4, 0x01, 0xd5, 0x01, 0xd6, 0x07, 0x75, 0x6e, 0x69, 0x30, 0x30,
  0x41, 0x30, 0x07, 0x75, 0x6e, 0x69, 0x30, 0x30, 0x41, 0x44, 0x07, 0x41,
  0x6d, 0x61, 0x63, 0x72, 0x6f, 0x6e, 0x07, 0x61, 0x6d, 0x61, 0x63, 0x72,
  0x6f, 0x6e, 0x06, 0x41, 0x62, 0x72, 0x65, 0x76, 0x65, 0x06, 0x61, 0x62,
  0x72, 0x65, 0x76, 0x65, 0x07, 0x41, 0x6f, 0x67, 0x6f, 0x6e, 0x65, 0x6b,
  0x07, 0x61, 0x6f, 0x67, 0x6f, 0x6e, 0x65, 0x6b, 0x0b, 0x43, 0x63, 0x69,
  0x72, 0x63, 0x75, 0x6d, 0x66, 0x6c, 0x65, 0x78, 0x0b, 0x63, 0x63, 0x69,
  0x72, 0x63, 0x75, 0x6d, 0x66, 0x6c, 0x65, 0x78, 0x0a, 0x43, 0x64, 0x6f,
  0x74, 0x61, 0x63, 0x63, 0x65, 0x6e, 0x74, 0x0a, 0x63, 0x64, 0x6f, 0x74,
  0x61, 0x63, 0x63, 0x65, 0x6e, 0x74, 0x06, 0x44, 0x63, 0x61, 0x72, 0x6f,
  0x6e, 0x06, 0x64, 0x63, 0x61, 0x72, 0x6f, 0x6e, 0x06, 0x44, 0x63, 0x72,
  0x6f, 0x61, 0x74, 0x07, 0x45, 0x6d, 0x61, 0x63, 0x72, 0x6f, 0x6e, 0x07,
  0x65, 0x6d, 0x61, 0x63, 0x72, 0x6f, 0x6e, 0x06, 0x45, 0x62, 0x72, 0x65,
  0x76, 0x65, 0x06, 0x65, 0x62, 0x72, 0x65, 0x76, 0x65, 0x0a, 0x45, 0x64,
  0x6f, 0x74, 0x61, 0x63, 0x63, 0x65, 0x6e, 0x74, 0x0a, 0x65, 0x64, 0x6f,
  0x74, 0x61, 0x63, 0x63, 0x65, 0x6e, 0x74, 0x07, 0x45, 0x6f, 0x67, 0x6f,
  0x6e, 0x65, 0x6b, 0x07, 0x65, 0x6f, 0x67, 0x6f, 0x6e, 0x65, 0x6b, 0x06,
  0x45, 0x63, 0x61, 0x72, 0x6f, 0x6e, 0x06, 0x65, 0x63, 0x61, 0x72, 0x6f,
  0x6e, 0x0b, 0x47, 0x63, 0x69, 0x72, 0x63, 0x75, 0x6d, 0x66, 0x6c, 0x65,
  0x78, 0x0b, 0x67, 0x63, 0x69, 0x72, 0x63, 0x75, 0x6d, 0x66, 0x6c, 0x65,
  0x78, 0x0a, 0x47, 0x64, 0x6f, 0x74, 0x61, 0x63, 0x63, 0x65, 0x6e, 0x74,
  0x0a, 0x67, 0x64, 0x6f, 0x74, 0x61, 0x63, 0x63, 0x65, 0x6e, 0x74, 0x0c,
  0x47, 0x63, 0x6f, 0x6d, 0x6d, 0x61, 0x61, 0x63, 0x63, 0x65, 0x6e, 0x74,
  0x0c, 0x67, 0x63, 0x6f, 0x6d, 0x6d, 0x61, 0x61, 0x63, 0x63, 0x65, 0x6e,
  0x74, 0x0b, 0x48, 0x63, 0x69, 0x72, 0x63, 0x75, 0x6d, 0x66, 0x6c, 0x65,
  0x78, 0x0b, 0x68, 0x63, 0x69, 0x72, 0x63, 0x75, 0x6d, 0x66, 0x6c, 0x65,
  0x78, 0x04, 0x48, 0x62, 0x61, 0x72, 0x04, 0x68, 0x62, 0x61, 0x72, 0x06,
  0x49, 0x74, 0x69, 0x6c, 0x64, 0x65, 0x06, 0x69, 0x74, 0x69, 0x6c, 0x64,
  0x65, 0x07, 0x49, 0x6d, 0x61, 0x63, 0x72, 0x6f, 0x6e, 0x07, 0x69, 0x6d,
  0x61, 0x63, 0x72, 0x6f, 0x6e, 0x06, 0x49, 0x62, 0x72, 0x65, 0x76, 0x65,
  0x06, 0x69, 0x62, 0x72, 0x65, 0x76, 0x65, 0x07, 0x49, 0x6f, 0x67, 0x6f,
  0x6e, 0x65, 0x6b, 0x07, 0x69, 0x6f, 0x67, 0x6f, 0x6e, 0x65, 0x6b, 0x02,
  0x49, 0x4a, 0x02, 0x69, 0x6a, 0x0b, 0x4a, 0x63, 0x69, 0x72, 0x63, 0x75,
  0x6d, 0x66, 0x6c, 0x65, 0x78, 0x0b, 0x6a, 0x63, 0x69, 0x72, 0x63, 0x75,
  0x6d, 0x66, 0x6c, 0x65, 0x78, 0x0c, 0x4b, 0x63, 0x6f, 0x6d, 0x6d, 0x61,
  0x61, 0x63, 0x63, 0x65, 0x6e, 0x74, 0x0c, 0x6b, 0x63, 0x6f, 0x6d, 0x6d,
  0x61, 0x61, 0x63, 0x63, 0x65, 0x6e, 0x74, 0x0c, 0x6b, 0x67, 0x72, 0x65,
  0x65, 0x6e, 0x6c, 0x61, 0x6e, 0x64, 0x69, 0x63, 0x06, 0x4c, 0x61, 0x63,
  0x75, 0x74, 0x65, 0x06, 0x6c, 0x61, 0x63, 0x75, 0x74, 0x65, 0x0c, 0x4c,
  0x63, 0x6f, 0x6d, 0x6d, 0x61, 0x61, 0x63, 0x63, 0x65, 0x6e, 0x74, 0x0c,
  0x6c, 0x63, 0x6f, 0x6d, 0x6d, 0x61, 0x61, 0x63, 0x63, 0x65, 0x6e, 0x74,
  0x06, 0x4c, 0x63, 0x61, 0x72, 0x6f, 0x6e, 0x06, 0x6c, 0x63, 0x61, 0x72,
  0x6f, 0x6e, 0x04, 0x4c, 0x64, 0x6f, 0x74, 0x04, 0x6c, 0x64, 0x6f, 0x74,
  0x06, 0x4e, 0x61, 0x63, 0x75, 0x74, 0x65, 0x06, 0x6e, 0x61, 0x63, 0x75,
  0x74, 0x65, 0x0c, 0x4e, 0x63, 0x6f, 0x6d, 0x6d, 0x61, 0x61, 0x63, 0x63,
  0x65, 0x6e, 0x74, 0x0c, 0x6e, 0x63, 0x6f, 0x6d, 0x6d, 0x61, 0x61, 0x63,
  0x63, 0x65, 0x6e, 0x74, 0x06, 0x4e, 0x63, 0x61, 0x72, 0x6f, 0x6e, 0x06,
  0x6e, 0x63, 0x61, 0x72, 0x6f, 0x6e, 0x0b, 0x6e, 0x61, 0x70, 0x6f, 0x73,
  0x74, 0x72, 0x6f, 0x70, 0x68, 0x65, 0x03, 0x45, 0x6e, 0x67, 0x03, 0x65,
  0x6e, 0x67, 0x07, 0x4f, 0x6d, 0x61, 0x63, 0x72, 0x6f, 0x6e, 0x07, 0x6f,
  0x6d, 0x61, 0x63, 0x72, 0x6f, 0x6e, 0x06, 0x4f, 0x62, 0x72, 0x65, 0x76,
  0x65, 0x06, 0x6f, 0x62, 0x72, 0x65, 0x76, 0x65, 0x0d, 0x4f, 0x68, 0x75,
  0x6e, 0x67, 0x61, 0x72, 0x75, 0x6d, 0x6c, 0x61, 0x75, 0x74, 0x0d, 0x6f,
  0x68, 0x75, 0x6e, 0x67, 0x61, 0x72, 0x75, 0x6d, 0x6c, 0x61, 0x75, 0x74,
  0x06, 0x52, 0x61, 0x63, 0x75, 0x74, 0x65, 0x06, 0x72, 0x61, 0x63, 0x75,
  0x74, 0x65, 0x0c, 0x52, 0x63, 0x6f, 0x6d, 0x6d, 0x61, 0x61, 0x63, 0x63,
  0x65, 0x6e, 0x74, 0x0c, 0x72, 0x63, 0x6f, 0x6d, 0x6d, 0x61, 0x61, 0x63,
  0x63, 0x65, 0x6e, 0x74, 0x06, 0x52, 0x63, 0x61, 0x72, 0x6f, 0x6e, 0x06,
  0x72, 0x63, 0x61, 0x72, 0x6f, 0x6e, 0x06, 0x53, 0x61, 0x63, 0x75, 0x74,
  0x65, 0x06, 0x73, 0x61, 0x63, 0x75, 0x74, 0x65, 0x0b, 0x53, 0x63, 0x69,
  0x72, 0x63, 0x75, 0x6d, 0x66, 0x6c, 0x65, 0x78, 0x0b, 0x73, 0x63, 0x69,
  0x72, 0x63, 0x75, 0x6d, 0x66, 0x6c, 0x65, 0x78, 0x0c, 0x54, 0x63, 0x6f,
  0x6d, 0x6d, 0x61, 0x61, 0x63, 0x63, 0x65, 0x6e, 0x74, 0x0c, 0x74, 0x63,
  0x6f, 0x6d, 0x6d, 0x61, 0x61, 0x63, 0x63, 0x65, 0x6e, 0x74, 0x06, 0x54,
  0x63, 0x61, 0x72, 0x6f, 0x6e, 0x06, 0x74, 0x63, 0x61, 0x72, 0x6f, 0x6e,
  0x04, 0x54, 0x62, 0x61, 0x72, 0x04, 0x74, 0x62, 0x61, 0x72, 0x06, 0x55,
  0x74, 0x69, 0x6c, 0x64, 0x65, 0x06, 0x75, 0x74, 0x69, 0x6c, 0x64, 0x65,
  0x07, 0x55, 0x6d, 0x61, 0x63, 0x72, 0x6f, 0x6e, 0x07, 0x75, 0x6d, 0x61,
  0x63, 0x72, 0x6f, 0x6e, 0x06, 0x55, 0x62, 0x72, 0x65, 0x76, 0x65, 0x06,
  0x75, 0x62, 0x72, 0x65, 0x76, 0x65, 0x05, 0x55, 0x72, 0x69, 0x6e, 0x67,
  0x05, 0x75, 0x72, 0x69, 0x6e, 0x67, 0x0d, 0x55, 0x68, 0x75, 0x6e, 0x67,
  0x61, 0x72, 0x75, 0x6d, 0x6c, 0x61, 0x75, 0x74, 0x0d, 0x75, 0x68, 0x75,
  0x6e, 0x67, 0x61, 0x72, 0x75, 0x6d, 0x6c, 0x61, 0x75, 0x74, 0x07, 0x55,
  0x6f, 0x67, 0x6f, 0x6e, 0x65, 0x6b, 0x07, 0x75, 0x6f, 0x67, 0x6f, 0x6e,
  0x65, 0x6b, 0x0b, 0x57, 0x63, 0x69, 0x72, 0x63, 0x75, 0x6d, 0x66, 0x6c,
  0x65, 0x78, 0x0b, 0x77, 0x63, 0x69, 0x72, 0x63, 0x75, 0x6d, 0x66, 0x6c,
  0x65, 0x78, 0x0b, 0x59, 0x63, 0x69, 0x72, 0x63, 0x75, 0x6d, 0x66, 0x6c,
  0x65, 0x78, 0x0b, 0x79, 0x63, 0x69, 0x72, 0x63, 0x75, 0x6d, 0x66, 0x6c,
  0x65, 0x78, 0x06, 0x5a, 0x61, 0x63, 0x75, 0x74, 0x65, 0x06, 0x7a, 0x61,
  0x63, 0x75, 0x74, 0x65, 0x0a, 0x5a, 0x64, 0x6f, 0x74, 0x61, 0x63, 0x63,
  0x65, 0x6e, 0x74, 0x0a, 0x7a, 0x64, 0x6f, 0x74, 0x61, 0x63, 0x63, 0x65,
  0x6e, 0x74, 0x05, 0x6c, 0x6f, 0x6e, 0x67, 0x73, 0x0c, 0x53, 0x63, 0x6f,
  0x6d, 0x6d, 0x61, 0x61, 0x63, 0x63, 0x65, 0x6e, 0x74, 0x0c, 0x73, 0x63,
  0x6f, 0x6d, 0x6d, 0x61, 0x61, 0x63, 0x63, 0x65, 0x6e, 0x74, 0x07, 0x75,
  0x6e, 0x69, 0x30, 0x32, 0x31, 0x41, 0x07, 0x75, 0x6e, 0x69, 0x30, 0x32,
  0x31, 0x42, 0x07, 0x75, 0x6e, 0x69, 0x31, 0x45, 0x39, 0x45, 0x09, 0x74,
  0x68, 0x69, 0x6e, 0x73, 0x70, 0x61, 0x63, 0x65, 0x0c, 0x7a, 0x65, 0x72,
  0x6f, 0x73, 0x75, 0x70, 0x65, 0x72, 0x69, 0x6f, 0x72, 0x0c, 0x66, 0x6f,
  0x75, 0x72, 0x73, 0x75, 0x70, 0x65, 0x72, 0x69, 0x6f, 0x72, 0x0c, 0x66,
  0x69, 0x76, 0x65, 0x73, 0x75, 0x70, 0x65, 0x72, 0x69, 0x6f, 0x72, 0x0b,
  0x73, 0x69, 0x78, 0x73, 0x75, 0x70, 0x65, 0x72, 0x69, 0x6f, 0x72, 0x0d,
  0x73, 0x65, 0x76, 0x65, 0x6e, 0x73, 0x75, 0x70, 0x65, 0x72, 0x69, 0x6f,
  0x72, 0x0d, 0x65, 0x69, 0x67, 0x68, 0x74, 0x73, 0x75, 0x70, 0x65, 0x72,
  0x69, 0x6f, 0x72, 0x0c, 0x6e, 0x69, 0x6e, 0x65, 0x73, 0x75, 0x70, 0x65,
  0x72, 0x69, 0x6f, 0x72, 0x0c, 0x7a, 0x65, 0x72, 0x6f, 0x69, 0x6e, 0x66,
  0x65, 0x72, 0x69, 0x6f, 0x72, 0x0b, 0x6f, 0x6e, 0x65, 0x69, 0x6e, 0x66,
  0x65, 0x72, 0x69, 0x6f, 0x72, 0x0b, 0x74, 0x77, 0x6f, 0x69, 0x6e, 0x66,
  0x65, 0x72, 0x69, 0x6f, 0x72, 0x0d, 0x74, 0x68, 0x72, 0x65, 0x65, 0x69,
  0x6e, 0x66, 0x65, 0x72, 0x69, 0x6f, 0x72, 0x0c, 0x66, 0x6f, 0x75, 0x72,
  0x69, 0x6e, 0x66, 0x65, 0x72, 0x69, 0x6f, 0x72, 0x0c, 0x66, 0x69, 0x76,
  0x65, 0x69, 0x6e, 0x66, 0x65, 0x72, 0x69, 0x6f, 0x72, 0x0b, 0x73, 0x69,
  0x78, 0x69, 0x6e, 0x66, 0x65, 0x72, 0x69, 0x6f, 0x72, 0x0d, 0x73, 0x65,
  0x76, 0x65, 0x6e, 0x69, 0x6e, 0x66, 0x65, 0x72, 0x69, 0x6f, 0x72, 0x0d,
  0x65, 0x69, 0x67, 0x68, 0x74, 0x69, 0x6e, 0x66, 0x65, 0x72, 0x69, 0x6f,
  0x72, 0x0c, 0x6e, 0x69, 0x6e, 0x65, 0x69, 0x6e, 0x66, 0x65, 0x72, 0x69,
  0x6f, 0x72, 0x04, 0x45, 0x75, 0x72, 0x6f, 0x03, 0x66, 0x5f, 0x66, 0x05,
  0x66, 0x5f, 0x66, 0x5f, 0x69, 0x05, 0x66, 0x5f, 0x66, 0x5f, 0x6c, 0x0b,
  0x63, 0x6f, 0x6d, 0x6d, 0x61, 0x61, 0x63, 0x63, 0x65, 0x6e, 0x74, 0x03,
  0x66, 0x5f, 0x6a, 0x09, 0x7a, 0x65, 0x72, 0x6f, 0x2e, 0x74, 0x6e, 0x75,
  0x6d, 0x08, 0x6f, 0x6e, 0x65, 0x2e, 0x74, 0x6e, 0x75, 0x6d, 0x08, 0x74,
  0x77, 0x6f, 0x2e, 0x74, 0x6e, 0x75, 0x6d, 0x0a, 0x74, 0x68, 0x72, 0x65,
  0x65, 0x2e, 0x74, 0x6e, 0x75, 0x6d, 0x09, 0x66, 0x6f, 0x75, 0x72, 0x2e,
  0x74, 0x6e, 0x75, 0x6d, 0x09, 0x66, 0x69, 0x76, 0x65, 0x2e, 0x74, 0x6e,
  0x75, 0x6d, 0x08, 0x73, 0x69, 0x78, 0x2e, 0x74, 0x6e, 0x75, 0x6d, 0x0a,
  0x73, 0x65, 0x76, 0x65, 0x6e, 0x2e, 0x74, 0x6e, 0x75, 0x6d, 0x0a, 0x65,
  0x69, 0x67, 0x68, 0x74, 0x2e, 0x74, 0x6e, 0x75, 0x6d, 0x09, 0x6e, 0x69,
  0x6e, 0x65, 0x2e, 0x74, 0x6e, 0x75, 0x6d, 0x0b, 0x68, 0x79, 0x70, 0x68,
  0x65, 0x6e, 0x2e, 0x63, 0x61, 0x73, 0x65, 0x0e, 0x70, 0x61, 0x72, 0x65,
  0x6e, 0x6c, 0x65, 0x66, 0x74, 0x2e, 0x63, 0x61, 0x73, 0x65, 0x0f, 0x70,
  0x61, 0x72, 0x65, 0x6e, 0x72, 0x69, 0x67, 0x68, 0x74, 0x2e, 0x63, 0x61,
  0x73, 0x65, 0x10, 0x62, 0x72, 0x61, 0x63, 0x6b, 0x65, 0x74, 0x6c, 0x65,
  0x66, 0x74, 0x2e, 0x63, 0x61, 0x73, 0x65, 0x11, 0x62, 0x72, 0x61, 0x63,
  0x6b, 0x65, 0x74, 0x72, 0x69, 0x67, 0x68, 0x74, 0x2e, 0x63, 0x61, 0x73,
  0x65, 0x0e, 0x62, 0x72, 0x61, 0x63, 0x65, 0x6c, 0x65, 0x66, 0x74, 0x2e,
  0x63, 0x61, 0x73, 0x65, 0x0f, 0x62, 0x72, 0x61, 0x63, 0x65, 0x72, 0x69,
  0x67, 0x68, 0x74, 0x2e, 0x63, 0x61, 0x73, 0x65, 0x07, 0x61, 0x74, 0x2e,
  0x63, 0x61, 0x73, 0x65, 0x12, 0x67, 0x75, 0x69, 0x6c, 0x6c, 0x65, 0x6d,
  0x6f, 0x74, 0x6c, 0x65, 0x66, 0x74, 0x2e, 0x63, 0x61, 0x73, 0x65, 0x13,
  0x67, 0x75, 0x69, 0x6c, 0x6c, 0x65, 0x6d, 0x6f, 0x74, 0x72, 0x69, 0x67,
  0x68, 0x74, 0x2e, 0x63, 0x61, 0x73, 0x65, 0x12, 0x67, 0x75, 0x69, 0x6c,
  0x73, 0x69, 0x6e, 0x67, 0x6c, 0x6c, 0x65, 0x66, 0x74, 0x2e, 0x63, 0x61,
  0x73, 0x65, 0x13, 0x67, 0x75, 0x69, 0x6c, 0x73, 0x69, 0x6e, 0x67, 0x6c,
  0x72, 0x69, 0x67, 0x68, 0x74, 0x2e, 0x63, 0x61, 0x73, 0x65, 0x0b, 0x65,
  0x6e, 0x64, 0x61, 0x73, 0x68, 0x2e, 0x63, 0x61, 0x73, 0x65, 0x0b, 0x65,
  0x6d, 0x64, 0x61, 0x73, 0x68, 0x2e, 0x63, 0x61, 0x73, 0x65, 0x13, 0x70,
  0x65, 0x72, 0x69, 0x6f, 0x64, 0x63, 0x65, 0x6e, 0x74, 0x65, 0x72, 0x65,
  0x64, 0x2e, 0x63, 0x61, 0x73, 0x65, 0x11, 0x71, 0x75, 0x65, 0x73, 0x74,
  0x69, 0x6f, 0x6e, 0x64, 0x6f, 0x77, 0x6e, 0x2e, 0x63, 0x61, 0x73, 0x65,
  0x0f, 0x65, 0x78, 0x63, 0x6c, 0x61, 0x6d, 0x64, 0x6f, 0x77, 0x6e, 0x2e,
  0x63, 0x61, 0x73, 0x65, 0x0b, 0x62, 0x75, 0x6c, 0x6c, 0x65, 0x74, 0x2e,
  0x63, 0x61, 0x73, 0x65, 0x0a, 0x7a, 0x65, 0x72, 0x6f, 0x2e, 0x70, 0x5f,
  0x6f, 0x73, 0x66, 0x09, 0x6f, 0x6e, 0x65, 0x2e, 0x70, 0x5f, 0x6f, 0x73,
  0x66, 0x09, 0x74, 0x77, 0x6f, 0x2e, 0x70, 0x5f, 0x6f, 0x73, 0x66, 0x0b,
  0x74, 0x68, 0x72, 0x65, 0x65, 0x2e, 0x70, 0x5f, 0x6f, 0x73, 0x66, 0x0a,
  0x66, 0x6f, 0x75, 0x72, 0x2e, 0x70, 0x5f, 0x6f, 0x73, 0x66, 0x0a, 0x66,
  0x69, 0x76, 0x65, 0x2e, 0x70, 0x5f, 0x6f, 0x73, 0x66, 0x09, 0x73, 0x69,
  0x78, 0x2e, 0x70, 0x5f, 0x6f, 0x73, 0x66, 0x0b, 0x73, 0x65, 0x76, 0x65,
  0x6e, 0x2e, 0x70, 0x5f, 0x6f, 0x73, 0x66, 0x0b, 0x65, 0x69, 0x67, 0x68,
  0x74, 0x2e, 0x70, 0x5f, 0x6f, 0x73, 0x66, 0x0a, 0x6e, 0x69, 0x6e, 0x65,
  0x2e, 0x70, 0x5f, 0x6f, 0x73, 0x66, 0x0a, 0x7a, 0x65, 0x72, 0x6f, 0x2e,
  0x74, 0x5f, 0x6f, 0x73, 0x66, 0x09, 0x6f, 0x6e, 0x65, 0x2e, 0x74, 0x5f,
  0x6f, 0x73, 0x66, 0x09, 0x74, 0x77, 0x6f, 0x2e, 0x74, 0x5f, 0x6f, 0x73,
  0x66, 0x0b, 0x74, 0x68, 0x72, 0x65, 0x65, 0x2e, 0x74, 0x5f, 0x6f, 0x73,
  0x66, 0x0a, 0x66, 0x6f, 0x75, 0x72, 0x2e, 0x74, 0x5f, 0x6f, 0x73, 0x66,
  0x0a, 0x66, 0x69, 0x76, 0x65, 0x2e, 0x74, 0x5f, 0x6f, 0x73, 0x66, 0x09,
  0x73, 0x69, 0x78, 0x2e, 0x74, 0x5f, 0x6f, 0x73, 0x66, 0x0b, 0x73, 0x65,
  0x76, 0x65, 0x6e, 0x2e, 0x74, 0x5f, 0x6f, 0x73, 0x66, 0x0b, 0x65, 0x69,
  0x67, 0x68, 0x74, 0x2e, 0x74, 0x5f, 0x6f, 0x73, 0x66, 0x0a, 0x6e, 0x69,
  0x6e, 0x65, 0x2e, 0x74, 0x5f, 0x6f, 0x73, 0x66, 0x0a, 0x64, 0x6f, 0x6c,
  0x6c, 0x61, 0x72, 0x2e, 0x6f, 0x73, 0x66, 0x08, 0x63, 0x65, 0x6e, 0x74,
  0x2e, 0x6f, 0x73, 0x66, 0x0c, 0x73, 0x74, 0x65, 0x72, 0x6c, 0x69, 0x6e,
  0x67, 0x2e, 0x6f, 0x73, 0x66, 0x07, 0x79, 0x65, 0x6e, 0x2e, 0x6f, 0x73,
  0x66, 0x0a, 0x66, 0x6c, 0x6f, 0x72, 0x69, 0x6e, 0x2e, 0x6f, 0x73, 0x66,
  0x08, 0x45, 0x75, 0x72, 0x6f, 0x2e, 0x6f, 0x73, 0x66, 0x0e, 0x7a, 0x65,
  0x72, 0x6f, 0x2e, 0x6e, 0x75, 0x6d, 0x65, 0x72, 0x61, 0x74, 0x6f, 0x72,
  0x0d, 0x6f, 0x6e, 0x65, 0x2e, 0x6e, 0x75, 0x6d, 0x65, 0x72, 0x61, 0x74,
  0x6f, 0x72, 0x0d, 0x74, 0x77, 0x6f, 0x2e, 0x6e, 0x75, 0x6d, 0x65, 0x72,
  0x61, 0x74, 0x6f, 0x72, 0x0f, 0x74, 0x68, 0x72, 0x65, 0x65, 0x2e, 0x6e,
  0x75, 0x6d, 0x65, 0x72, 0x61, 0x74, 0x6f, 0x72, 0x0e, 0x66, 0x6f, 0x75,
  0x72, 0x2e, 0x6e, 0x75, 0x6d, 0x65, 0x72, 0x61, 0x74, 0x6f, 0x72, 0x0e,
  0x66, 0x69, 0x76, 0x65, 0x2e, 0x6e, 0x75, 0x6d, 0x65, 0x72, 0x61, 0x74,
  0x6f, 0x72, 0x0d, 0x73, 0x69, 0x78, 0x2e, 0x6e, 0x75, 0x6d, 0x65, 0x72,
  0x61, 0x74, 0x6f, 0x72, 0x0f, 0x73, 0x65, 0x76, 0x65, 0x6e, 0x2e, 0x6e,
  0x75, 0x6d, 0x65, 0x72, 0x61, 0x74, 0x6f, 0x72, 0x0f, 0x65, 0x69, 0x67,
  0x68, 0x74, 0x2e, 0x6e, 0x75, 0x6d, 0x65, 0x72, 0x61, 0x74, 0x6f, 0x72,
  0x0e, 0x6e, 0x69, 0x6e, 0x65, 0x2e, 0x6e, 0x75, 0x6d, 0x65, 0x72, 0x61,
  0x74, 0x6f, 0x72, 0x10, 0x7a, 0x65, 0x72, 0x6f, 0x2e, 0x64, 0x65, 0x6e,
  0x6f, 0x6d, 0x69, 0x6e, 0x61, 0x74, 0x6f, 0x72, 0x0f, 0x6f, 0x6e, 0x65,
  0x2e, 0x64, 0x65, 0x6e, 0x6f, 0x6d, 0x69, 0x6e, 0x61, 0x74, 0x6f, 0x72,
  0x0f, 0x74, 0x77, 0x6f, 0x2e, 0x64, 0x65, 0x6e, 0x6f, 0x6d, 0x69, 0x6e,
  0x61, 0x74, 0x6f, 0x72, 0x11, 0x74, 0x68, 0x72, 0x65, 0x65, 0x2e, 0x64,
  0x65, 0x6e, 0x6f, 0x6d, 0x69, 0x6e, 0x61, 0x74, 0x6f, 0x72, 0x10, 0x66,
  0x6f, 0x75, 0x72, 0x2e, 0x64, 0x65, 0x6e, 0x6f, 0x6d, 0x69, 0x6e, 0x61,
  0x74, 0x6f, 0x72, 0x10, 0x66, 0x69, 0x76, 0x65, 0x2e, 0x64, 0x65, 0x6e,
  0x6f, 0x6d, 0x69, 0x6e, 0x61, 0x74, 0x6f, 0x72, 0x0f, 0x73, 0x69, 0x78,
  0x2e, 0x64, 0x65, 0x6e, 0x6f, 0x6d, 0x69, 0x6e, 0x61, 0x74, 0x6f, 0x72,
  0x11, 0x73, 0x65, 0x76, 0x65, 0x6e, 0x2e, 0x64, 0x65, 0x6e, 0x6f, 0x6d,
  0x69, 0x6e, 0x61, 0x74, 0x6f, 0x72, 0x11, 0x65, 0x69, 0x67, 0x68, 0x74,
  0x2e, 0x64, 0x65, 0x6e, 0x6f, 0x6d, 0x69, 0x6e, 0x61, 0x74, 0x6f, 0x72,
  0x10, 0x6e, 0x69, 0x6e, 0x65, 0x2e, 0x64, 0x65, 0x6e, 0x6f, 0x6d, 0x69,
  0x6e, 0x61, 0x74, 0x6f, 0x72, 0x00, 0x00, 0x00, 0x00, 0x00, 0x00, 0x01,
  0xff, 0xff, 0x00, 0x02, 0x00, 0x01, 0x00, 0x00, 0x00, 0x0c, 0x00, 0x00,
  0x00, 0x2e, 0x00, 0x00, 0x00, 0x02, 0x00, 0x05, 0x00, 0x03, 0x01, 0x77,
  0x00, 0x01, 0x01, 0x78, 0x01, 0x7c, 0x00, 0x02, 0x01, 0x7d, 0x01, 0x7e,
  0x00, 0x01, 0x01, 0x7f, 0x01, 0x7f, 0x00, 0x02, 0x01, 0x80, 0x01, 0xc9,
  0x00, 0x01, 0x00, 0x04, 0x00, 0x00, 0x00, 0x02, 0x00, 0x00, 0x00, 0x00,
  0x00, 0x01, 0x00, 0x00, 0x00, 0x0a, 0x00, 0x32, 0x00, 0xd0, 0x00, 0x01,
  0x6c, 0x61, 0x74, 0x6e, 0x00, 0x08, 0x00, 0x04, 0x00, 0x00, 0x00, 0x00,
  0xff, 0xff, 0x00, 0x0b, 0x00, 0x00, 0x00, 0x01, 0x00, 0x02, 0x00, 0x03,
  0x00, 0x04, 0x00, 0x05, 0x00, 0x06, 0x00, 0x07, 0x00, 0x08, 0x00, 0x09,
  0x00, 0x0a, 0x00, 0x0b, 0x63, 0x61, 0x73, 0x65, 0x00, 0x44, 0x64, 0x6e,
  0x6f, 0x6d, 0x00, 0x4a, 0x66, 0x72, 0x61, 0x63, 0x00, 0x50, 0x6c, 0x69,
  0x67, 0x61, 0x00, 0x6e, 0x6c, 0x6e, 0x75, 0x6d, 0x00, 0x74, 0x6e, 0x75,
  0x6d, 0x72, 0x00, 0x7a, 0x6f, 0x6e, 0x75, 0x6d, 0x00, 0x80, 0x70, 0x6e,
  0x75, 0x6d, 0x00, 0x86, 0x73, 0x69, 0x6e, 0x66, 0x00, 0x8c, 0x73, 0x75,
  0x70, 0x73, 0x00, 0x92, 0x74, 0x6e, 0x75, 0x6d, 0x00, 0x98, 0x00, 0x00,
  0x00, 0x01, 0x00, 0x00, 0x00, 0x00, 0x00, 0x01, 0x00, 0x14, 0x00, 0x00,
  0x00, 0x0d, 0x00, 0x02, 0x00, 0x03, 0x00, 0x04, 0x00, 0x05, 0x00, 0x06,
  0x00, 0x07, 0x00, 0x08, 0x00, 0x09, 0x00, 0x0a, 0x00, 0x0b, 0x00, 0x0c,
  0x00, 0x0d, 0x00, 0x0e, 0x00, 0x00, 0x00, 0x01, 0x00, 0x01, 0x00, 0x00,
  0x00, 0x01, 0x00, 0x10, 0x00, 0x00, 0x00, 0x01, 0x00, 0x13, 0x00, 0x00,
  0x00, 0x01, 0x00, 0x0f, 0x00, 0x00, 0x00, 0x01, 0x00, 0x11, 0x00, 0x00,
  0x00, 0x01, 0x00, 0x16, 0x00, 0x00, 0x00, 0x01, 0x00, 0x15, 0x00, 0x00,
  0x00, 0x01, 0x00, 0x12, 0x00, 0x19, 0x00, 0x34, 0x00, 0x3c, 0x00, 0x44,
  0x00, 0x4c, 0x00, 0x54, 0x00, 0x5c, 0x00, 0x64, 0x00, 0x6c, 0x00, 0x74,
  0x00, 0x7c, 0x00, 0x84, 0x00, 0x8c, 0x00, 0x94, 0x00, 0x9c, 0x00, 0xa4,
  0x00, 0xac, 0x00, 0xb4, 0x00, 0xbc, 0x00, 0xc4, 0x00, 0xcc, 0x00, 0xd4,
  0x00, 0xdc, 0x00, 0xe4, 0x00, 0xec, 0x00, 0xf4, 0x00, 0x01, 0x00, 0x00,
  0x00, 0x01, 0x00, 0xc8, 0x00, 0x04, 0x00, 0x00, 0x00, 0x01, 0x01, 0x12,
  0x00, 0x06, 0x00, 0x00, 0x00, 0x01, 0x01, 0x4e, 0x00, 0x06, 0x00, 0x00,
  0x00, 0x01, 0x01, 0x74, 0x00, 0x06, 0x00, 0x00, 0x00, 0x01, 0x01, 0x8e,
  0x00, 0x06, 0x00, 0x00, 0x00, 0x01, 0x01, 0xb4, 0x00, 0x06, 0x00, 0x00,
  0x00, 0x01, 0x01, 0xe6, 0x00, 0x06, 0x00, 0x00, 0x00, 0x01, 0x02, 0x24,
  0x00, 0x06, 0x00, 0x00, 0x00, 0x01, 0x02, 0x6e, 0x00, 0x06, 0x00, 0x00,
  0x00, 0x01, 0x02, 0xc4, 0x00, 0x06, 0x00, 0x00, 0x00, 0x01, 0x03, 0x26,
  0x00, 0x06, 0x00, 0x00, 0x00, 0x01, 0x03, 0x94, 0x00, 0x06, 0x00, 0x00,
  0x00, 0x01, 0x04, 0x0e, 0x00, 0x06, 0x00, 0x00, 0x00, 0x01, 0x04, 0x94,
  0x00, 0x06, 0x00, 0x00, 0x00, 0x01, 0x04, 0xb8, 0x00, 0x01, 0x00, 0x00,
  0x00, 0x01, 0x04, 0xde, 0x00, 0x01, 0x00, 0x00, 0x00, 0x01, 0x05, 0x38,
  0x00, 0x01, 0x00, 0x00, 0x00, 0x01, 0x05, 0x74, 0x00, 0x01, 0x00, 0x00,
  0x00, 0x01, 0x05, 0xaa, 0x00, 0x01, 0x00, 0x00, 0x00, 0x01, 0x05, 0xe0,
  0x00, 0x01, 0x00, 0x00, 0x00, 0x01, 0x06, 0x44, 0x00, 0x01, 0x00, 0x00,
  0x00, 0x01, 0x06, 0xa8, 0x00, 0x01, 0x00, 0x00, 0x00, 0x01, 0x07, 0x0c,
  0x00, 0x01, 0x00, 0x00, 0x00, 0x01, 0x07, 0x70, 0x00, 0x01, 0x00, 0x00,
  0x00, 0x01, 0x07, 0x96, 0x00, 0x02, 0x00, 0x2a, 0x00, 0x12, 0x01, 0x8b,
  0x01, 0x8c, 0x01, 0x8a, 0x01, 0x91, 0x01, 0x8d, 0x01, 0x8e, 0x01, 0x8f,
  0x01, 0x90, 0x01, 0x9a, 0x01, 0x92, 0x01, 0x98, 0x01, 0x93, 0x01, 0x99,
  0x01, 0x96, 0x01, 0x97, 0x01, 0x9b, 0x01, 0x94, 0x01, 0x95, 0x00, 0x01,
  0x00, 0x12, 0x00, 0x0b, 0x00, 0x0c, 0x00, 0x10, 0x00, 0x23, 0x00, 0x3e,
  0x00, 0x40, 0x00, 0x5e, 0x00, 0x60, 0x00, 0x63, 0x00, 0x6b, 0x00, 0x77,
  0x00, 0x7b, 0x00, 0x7f, 0x01, 0x4f, 0x01, 0x50, 0x01, 0x59, 0x01, 0x5c,
  0x01, 0x5d, 0x00, 0x01, 0x00, 0x3e, 0x00, 0x01, 0x00, 0x08, 0x00, 0x06,
  0x00, 0x0e, 0x00, 0x16, 0x00, 0x1e, 0x00, 0x24, 0x00, 0x2a, 0x00, 0x30,
  0x01, 0x7c, 0x00, 0x03, 0x00, 0x49, 0x00, 0x4f, 0x01, 0x7b, 0x00, 0x03,
  0x00, 0x49, 0x00, 0x4c, 0x01, 0x7f, 0x00, 0x02, 0x00, 0x4d, 0x01, 0x7a,
  0x00, 0x02, 0x00, 0x4f, 0x01, 0x79, 0x00, 0x02, 0x00, 0x4c, 0x01, 0x78,
  0x00, 0x02, 0x00, 0x49, 0x00, 0x01, 0x00, 0x01, 0x00, 0x49, 0x00, 0x03,
  0x00, 0x01, 0x00, 0x1a, 0x00, 0x01, 0x00, 0x14, 0x00, 0x01, 0x00, 0x24,
  0x00, 0x01, 0x00, 0x00, 0x00, 0x17, 0x00, 0x01, 0x00, 0x01, 0x00, 0x12,
  0x00, 0x02, 0x00, 0x01, 0x00, 0x13, 0x00, 0x1c, 0x00, 0x00, 0x00, 0x02,
  0x00, 0x01, 0x00, 0x13, 0x00, 0x1c, 0x00, 0x00, 0x00, 0x03, 0x00, 0x00,
  0x00, 0x01, 0x00, 0x12, 0x00, 0x01, 0x00, 0x1c, 0x00, 0x01, 0x00, 0x00,
  0x00, 0x17, 0x00, 0x02, 0x00, 0x01, 0x00, 0x13, 0x00, 0x1c, 0x00, 0x00,
  0x00, 0x01, 0x00, 0x01, 0x01, 0x5e, 0x00, 0x03, 0x00, 0x00, 0x00, 0x01,
  0x00, 0x14, 0x00, 0x02, 0x00, 0x1e, 0x00, 0x28, 0x00, 0x01, 0x00, 0x00,
  0x00, 0x17, 0x00, 0x02, 0x00, 0x01, 0x00, 0x13, 0x00, 0x1c, 0x00, 0x00,
  0x00, 0x02, 0x00, 0x01, 0x01, 0xb6, 0x01, 0xbf, 0x00, 0x00, 0x00, 0x01,
  0x00, 0x01, 0x01, 0x5e, 0x00, 0x03, 0x00, 0x00, 0x00, 0x01, 0x00, 0x16,
  0x00, 0x03, 0x00, 0x20, 0x00, 0x2a, 0x00, 0x34, 0x00, 0x01, 0x00, 0x00,
  0x00, 0x17, 0x00, 0x02, 0x00, 0x01, 0x00, 0x13, 0x00, 0x1c, 0x00, 0x00,
  0x00, 0x02, 0x00, 0x01, 0x01, 0xb6, 0x01, 0xbf, 0x00, 0x00, 0x00, 0x02,
  0x00, 0x01, 0x01, 0xb6, 0x01, 0xbf, 0x00, 0x00, 0x00, 0x01, 0x00, 0x01,
  0x01, 0x5e, 0x00, 0x03, 0x00, 0x00, 0x00, 0x01, 0x00, 0x18, 0x00, 0x04,
  0x00, 0x22, 0x00, 0x2c, 0x00, 0x36, 0x00, 0x40, 0x00, 0x01, 0x00, 0x00,
  0x00, 0x17, 0x00, 0x02, 0x00, 0x01, 0x00, 0x13, 0x00, 0x1c, 0x00, 0x00,
  0x00, 0x02, 0x00, 0x01, 0x01, 0xb6, 0x01, 0xbf, 0x00, 0x00, 0x00, 0x02,
  0x00, 0x01, 0x01, 0xb6, 0x01, 0xbf, 0x00, 0x00, 0x00, 0x02, 0x00, 0x01,
  0x01, 0xb6, 0x01, 0xbf, 0x00, 0x00, 0x00, 0x01, 0x00, 0x01, 0x01, 0x5e,
  0x00, 0x03, 0x00, 0x00, 0x00, 0x01, 0x00, 0x1a, 0x00, 0x05, 0x00, 0x24,
  0x00, 0x2e, 0x00, 0x38, 0x00, 0x42, 0x00, 0x4c, 0x00, 0x01, 0x00, 0x00,
  0x00, 0x17, 0x00, 0x02, 0x00, 0x01, 0x00, 0x13, 0x00, 0x1c, 0x00, 0x00,
  0x00, 0x02, 0x00, 0x01, 0x01, 0xb6, 0x01, 0xbf, 0x00, 0x00, 0x00, 0x02,
  0x00, 0x01, 0x01, 0xb6, 0x01, 0xbf, 0x00, 0x00, 0x00, 0x02, 0x00, 0x01,
  0x01, 0xb6, 0x01, 0xbf, 0x00, 0x00, 0x00, 0x02, 0x00, 0x01, 0x01, 0xb6,
  0x01, 0xbf, 0x00, 0x00, 0x00, 0x01, 0x00, 0x01, 0x01, 0x5e, 0x00, 0x03,
  0x00, 0x00, 0x00, 0x01, 0x00, 0x1c, 0x00, 0x06, 0x00, 0x26, 0x00, 0x30,
  0x00, 0x3a, 0x00, 0x44, 0x00, 0x4e, 0x00, 0x58, 0x00, 0x01, 0x00, 0x00,
  0x00, 0x17, 0x00, 0x02, 0x00, 0x01, 0x00, 0x13, 0x00, 0x1c, 0x00, 0x00,
  0x00, 0x02, 0x00, 0x01, 0x01, 0xb6, 0x01, 0xbf, 0x00, 0x00, 0x00, 0x02,
  0x00, 0x01, 0x01, 0xb6, 0x01, 0xbf, 0x00, 0x00, 0x00, 0x02, 0x00, 0x01,
  0x01, 0xb6, 0x01, 0xbf, 0x00, 0x00, 0x00, 0x02, 0x00, 0x01, 0x01, 0xb6,
  0x01, 0xbf, 0x00, 0x00, 0x00, 0x02, 0x00, 0x01, 0x01, 0xb6, 0x01, 0xbf,
  0x00, 0x00, 0x00, 0x01, 0x00, 0x01, 0x01, 0x5e, 0x00, 0x03, 0x00, 0x00,
  0x00, 0x01, 0x00, 0x1e, 0x00, 0x07, 0x00, 0x28, 0x00, 0x32, 0x00, 0x3c,
  0x00, 0x46, 0x00, 0x50, 0x00, 0x5a, 0x00, 0x64, 0x00, 0x01, 0x00, 0x00,
  0x00, 0x17, 0x00, 0x02, 0x00, 0x01, 0x00, 0x13, 0x00, 0x1c, 0x00, 0x00,
  0x00, 0x02, 0x00, 0x01, 0x01, 0xb6, 0x01, 0xbf, 0x00, 0x00, 0x00, 0x02,
  0x00, 0x01, 0x01, 0xb6, 0x01, 0xbf, 0x00, 0x00, 0x00, 0x02, 0x00, 0x01,
  0x01, 0xb6, 0x01, 0xbf, 0x00, 0x00, 0x00, 0x02, 0x00, 0x01, 0x01, 0xb6,
  0x01, 0xbf, 0x00, 0x00, 0x00, 0x02, 0x00, 0x01, 0x01, 0xb6, 0x01, 0xbf,
  0x00, 0x00, 0x00, 0x02, 0x00, 0x01, 0x01, 0xb6, 0x01, 0xbf, 0x00, 0x00,
  0x00, 0x01, 0x00, 0x01, 0x01, 0x5e, 0x00, 0x03, 0x00, 0x00, 0x00, 0x01,
  0x00, 0x20, 0x00, 0x08, 0x00, 0x2a, 0x00, 0x34, 0x00, 0x3e, 0x00, 0x48,
  0x00, 0x52, 0x00, 0x5c, 0x00, 0x66, 0x00, 0x70, 0x00, 0x01, 0x00, 0x00,
  0x00, 0x17, 0x00, 0x02, 0x00, 0x01, 0x00, 0x13, 0x00, 0x1c, 0x00, 0x00,
  0x00, 0x02, 0x00, 0x01, 0x01, 0xb6, 0x01, 0xbf, 0x00, 0x00, 0x00, 0x02,
  0x00, 0x01, 0x01, 0xb6, 0x01, 0xbf, 0x00, 0x00, 0x00, 0x02, 0x00, 0x01,
  0x01, 0xb6, 0x01, 0xbf, 0x00, 0x00, 0x00, 0x02, 0x00, 0x01, 0x01, 0xb6,
  0x01, 0xbf, 0x00, 0x00, 0x00, 0x02, 0x00, 0x01, 0x01, 0xb6, 0x01, 0xbf,
  0x00, 0x00, 0x00, 0x02, 0x00, 0x01, 0x01, 0xb6, 0x01, 0xbf, 0x00, 0x00,
  0x00, 0x02, 0x00, 0x01, 0x01, 0xb6, 0x01, 0xbf, 0x00, 0x00, 0x00, 0x01,
  0x00, 0x01, 0x01, 0x5e, 0x00, 0x03, 0x00, 0x00, 0x00, 0x01, 0x00, 0x22,
  0x00, 0x09, 0x00, 0x2c, 0x00, 0x36, 0x00, 0x40, 0x00, 0x4a, 0x00, 0x54,
  0x00, 0x5e, 0x00, 0x68, 0x00, 0x72, 0x00, 0x7c, 0x00, 0x01, 0x00, 0x00,
  0x00, 0x17, 0x00, 0x02, 0x00, 0x01, 0x00, 0x13, 0x00, 0x1c, 0x00, 0x00,
  0x00, 0x02, 0x00, 0x01, 0x01, 0xb6, 0x01, 0xbf, 0x00, 0x00, 0x00, 0x02,
  0x00, 0x01, 0x01, 0xb6, 0x01, 0xbf, 0x00, 0x00, 0x00, 0x02, 0x00, 0x01,
  0x01, 0xb6, 0x01, 0xbf, 0x00, 0x00, 0x00, 0x02, 0x00, 0x01, 0x01, 0xb6,
  0x01, 0xbf, 0x00, 0x00, 0x00, 0x02, 0x00, 0x01, 0x01, 0xb6, 0x01, 0xbf,
  0x00, 0x00, 0x00, 0x02, 0x00, 0x01, 0x01, 0xb6, 0x01, 0xbf, 0x00, 0x00,
  0x00, 0x02, 0x00, 0x01, 0x01, 0xb6, 0x01, 0xbf, 0x00, 0x00, 0x00, 0x02,
  0x00, 0x01, 0x01, 0xb6, 0x01, 0xbf, 0x00, 0x00, 0x00, 0x01, 0x00, 0x01,
  0x01, 0x5e, 0x00, 0x03, 0x00, 0x00, 0x00, 0x01, 0x00, 0x24, 0x00, 0x0a,
  0x00, 0x2e, 0x00, 0x38, 0x00, 0x42, 0x00, 0x4c, 0x00, 0x56, 0x00, 0x60,
  0x00, 0x6a, 0x00, 0x74, 0x00, 0x7e, 0x00, 0x88, 0x00, 0x01, 0x00, 0x00,
  0x00, 0x17, 0x00, 0x02, 0x00, 0x01, 0x00, 0x13, 0x00, 0x1c, 0x00, 0x00,
  0x00, 0x02, 0x00, 0x01, 0x01, 0xb6, 0x01, 0xbf, 0x00, 0x00, 0x00, 0x02,
  0x00, 0x01, 0x01, 0xb6, 0x01, 0xbf, 0x00, 0x00, 0x00, 0x02, 0x00, 0x01,
  0x01, 0xb6, 0x01, 0xbf, 0x00, 0x00, 0x00, 0x02, 0x00, 0x01, 0x01, 0xb6,
  0x01, 0xbf, 0x00, 0x00, 0x00, 0x02, 0x00, 0x01, 0x01, 0xb6, 0x01, 0xbf,
  0x00, 0x00, 0x00, 0x02, 0x00, 0x01, 0x01, 0xb6, 0x01, 0xbf, 0x00, 0x00,
  0x00, 0x02, 0x00, 0x01, 0x01, 0xb6, 0x01, 0xbf, 0x00, 0x00, 0x00, 0x02,
  0x00, 0x01, 0x01, 0xb6, 0x01, 0xbf, 0x00, 0x00, 0x00, 0x02, 0x00, 0x01,
  0x01, 0xb6, 0x01, 0xbf, 0x00, 0x00, 0x00, 0x01, 0x00, 0x01, 0x01, 0x5e,
  0x00, 0x03, 0x00, 0x01, 0x00, 0x1c, 0x00, 0x01, 0x00, 0x12, 0x00, 0x00,
  0x00, 0x01, 0x00, 0x00, 0x00, 0x18, 0x00, 0x02, 0x00, 0x01, 0x00, 0x13,
  0x00, 0x1c, 0x00, 0x00, 0x00, 0x02, 0x00, 0x02, 0x01, 0x5e, 0x01, 0x5e,
  0x00, 0x00, 0x01, 0xc0, 0x01, 0xc9, 0x00, 0x01, 0x00, 0x03, 0x00, 0x01,
  0x00, 0x1a, 0x00, 0x01, 0x00, 0x14, 0x00, 0x01, 0x00, 0x24, 0x00, 0x01,
  0x00, 0x00, 0x00, 0x17, 0x00, 0x01, 0x00, 0x01, 0x00, 0x03, 0x00, 0x02,
  0x00, 0x01, 0x00, 0x13, 0x00, 0x1c, 0x00, 0x00, 0x00, 0x02, 0x00, 0x01,
  0x01, 0xb6, 0x01, 0xbf, 0x00, 0x00, 0x00, 0x02, 0x00, 0x3a, 0x00, 0x1a,
  0x01, 0xb0, 0x01, 0x9c, 0x01, 0x9d, 0x01, 0x9e, 0x01, 0x9f, 0x01, 0xa0,
  0x01, 0xa1, 0x01, 0xa2, 0x01, 0xa3, 0x01, 0xa4, 0x01, 0xa5, 0x01, 0xb1,
  0x01, 0xb2, 0x01, 0xb3, 0x01, 0xb4, 0x01, 0xb5, 0x01, 0xa6, 0x01, 0xa7,
  0x01, 0xa8, 0x01, 0xa9, 0x01, 0xaa, 0x01, 0xab, 0x01, 0xac, 0x01, 0xad,
  0x01, 0xae, 0x01, 0xaf, 0x00, 0x02, 0x00, 0x06, 0x00, 0x07, 0x00, 0x07,
  0x00, 0x00, 0x00, 0x13, 0x00, 0x1c, 0x00, 0x01, 0x00, 0x64, 0x00, 0x66,
  0x00, 0x0b, 0x01, 0x40, 0x01, 0x40, 0x00, 0x0e, 0x01, 0x70, 0x01, 0x70,
  0x00, 0x0f, 0x01, 0x80, 0x01, 0x89, 0x00, 0x10, 0x00, 0x02, 0x00, 0x3a,
  0x00, 0x1a, 0x00, 0x13, 0x00, 0x14, 0x00, 0x15, 0x00, 0x16, 0x00, 0x17,
  0x00, 0x18, 0x00, 0x19, 0x00, 0x1a, 0x00, 0x1b, 0x00, 0x1c, 0x01, 0x80,
  0x01, 0x81, 0x01, 0x82, 0x01, 0x83, 0x01, 0x84, 0x01, 0x85, 0x01, 0x86,
  0x01, 0x87, 0x01, 0x88, 0x01, 0x89, 0x00, 0x07, 0x00, 0x64, 0x00, 0x65,
  0x00, 0x66, 0x01, 0x40, 0x01, 0x70, 0x00, 0x02, 0x00, 0x01, 0x01, 0x9c,
  0x01, 0xb5, 0x00, 0x00, 0x00, 0x02, 0x00, 0x2e, 0x00, 0x14, 0x00, 0x13,
  0x00, 0x14, 0x00, 0x15, 0x00, 0x16, 0x00, 0x17, 0x00, 0x18, 0x00, 0x19,
  0x00, 0x1a, 0x00, 0x1b, 0x00, 0x1c, 0x01, 0x9c, 0x01, 0x9d, 0x01, 0x9e,
  0x01, 0x9f, 0x01, 0xa0, 0x01, 0xa1, 0x01, 0xa2, 0x01, 0xa3, 0x01, 0xa4,
  0x01, 0xa5, 0x00, 0x02, 0x00, 0x02, 0x01, 0x80, 0x01, 0x89, 0x00, 0x00,
  0x01, 0xa6, 0x01, 0xaf, 0x00, 0x0a, 0x00, 0x02, 0x00, 0x2e, 0x00, 0x14,
  0x01, 0x80, 0x01, 0x81, 0x01, 0x82, 0x01, 0x83, 0x01, 0x84, 0x01, 0x85,
  0x01, 0x86, 0x01, 0x87, 0x01, 0x88, 0x01, 0x89, 0x01, 0xa6, 0x01, 0xa7,
  0x01, 0xa8, 0x01, 0xa9, 0x01, 0xaa, 0x01, 0xab, 0x01, 0xac, 0x01, 0xad,
  0x01, 0xae, 0x01, 0xaf, 0x00, 0x02, 0x00, 0x02, 0x00, 0x13, 0x00, 0x1c,
  0x00, 0x00, 0x01, 0x9c, 0x01, 0xa5, 0x00, 0x0a, 0x00, 0x02, 0x00, 0x56,
  0x00, 0x28, 0x01, 0xb6, 0x01, 0xb7, 0x01, 0xb8, 0x01, 0xb9, 0x01, 0xba,
  0x01, 0xbb, 0x01, 0xbc, 0x01, 0xbd, 0x01, 0xbe, 0x01, 0xbf, 0x01, 0xb6,
  0x01, 0xb7, 0x01, 0xb8, 0x01, 0xb9, 0x01, 0xba, 0x01, 0xbb, 0x01, 0xbc,
  0x01, 0xbd, 0x01, 0xbe, 0x01, 0xbf, 0x01, 0xb6, 0x01, 0xb7, 0x01, 0xb8,
  0x01, 0xb9, 0x01, 0xba, 0x01, 0xbb, 0x01, 0xbc, 0x01, 0xbd, 0x01, 0xbe,
  0x01, 0xbf, 0x01, 0xb6, 0x01, 0xb7, 0x01, 0xb8, 0x01, 0xb9, 0x01, 0xba,
  0x01, 0xbb, 0x01, 0xbc, 0x01, 0xbd, 0x01, 0xbe, 0x01, 0xbf, 0x00, 0x02,
  0x00, 0x03, 0x00, 0x13, 0x00, 0x1c, 0x00, 0x00, 0x01, 0x80, 0x01, 0x89,
  0x00, 0x0a, 0x01, 0x9c, 0x01, 0xaf, 0x00, 0x14, 0x00, 0x02, 0x00, 0x56,
  0x00, 0x28, 0x01, 0xc0, 0x01, 0xc1, 0x01, 0xc2, 0x01, 0xc3, 0x01, 0xc4,
  0x01, 0xc5, 0x01, 0xc6, 0x01, 0xc7, 0x01, 0xc8, 0x01, 0xc9, 0x01, 0xc0,
  0x01, 0xc1, 0x01, 0xc2, 0x01, 0xc3, 0x01, 0xc4, 0x01, 0xc5, 0x01, 0xc6,
  0x01, 0xc7, 0x01, 0xc8, 0x01, 0xc9, 0x01, 0xc0, 0x01, 0xc1, 0x01, 0xc2,
  0x01, 0xc3, 0x01, 0xc4, 0x01, 0xc5, 0x01, 0xc6, 0x01, 0xc7, 0x01, 0xc8,
  0x01, 0xc9, 0x01, 0xc0, 0x01, 0xc1, 0x01, 0xc2, 0x01, 0xc3, 0x01, 0xc4,
  0x01, 0xc5, 0x01, 0xc6, 0x01, 0xc7, 0x01, 0xc8, 0x01, 0xc9, 0x00, 0x02,
  0x00, 0x03, 0x00, 0x13, 0x00, 0x1c, 0x00, 0x00, 0x01, 0x80, 0x01, 0x89,
  0x00, 0x0a, 0x01, 0x9c, 0x01, 0xaf, 0x00, 0x14, 0x00, 0x02, 0x00, 0x56,
  0x00, 0x28, 0x01, 0x5f, 0x00, 0x79, 0x00, 0x72, 0x00, 0x73, 0x01, 0x60,
  0x01, 0x61, 0x01, 0x62, 0x01, 0x63, 0x01, 0x64, 0x01, 0x65, 0x01, 0x5f,
  0x00, 0x79, 0x00, 0x72, 0x00, 0x73, 0x01, 0x60, 0x01, 0x61, 0x01, 0x62,
  0x01, 0x63, 0x01, 0x64, 0x01, 0x65, 0x01, 0x5f, 0x00, 0x79, 0x00, 0x72,
  0x00, 0x73, 0x01, 0x60, 0x01, 0x61, 0x01, 0x62, 0x01, 0x63, 0x01, 0x64,
  0x01, 0x65, 0x01, 0x5f, 0x00, 0x79, 0x00, 0x72, 0x00, 0x73, 0x01, 0x60,
  0x01, 0x61, 0x01, 0x62, 0x01, 0x63, 0x01, 0x64, 0x01, 0x65, 0x00, 0x02,
  0x00, 0x03, 0x00, 0x13, 0x00, 0x1c, 0x00, 0x00, 0x01, 0x80, 0x01, 0x89,
  0x00, 0x0a, 0x01, 0x9c, 0x01, 0xaf, 0x00, 0x14, 0x00, 0x02, 0x00, 0x56,
  0x00, 0x28, 0x01, 0x66, 0x01, 0x67, 0x01, 0x68, 0x01, 0x69, 0x01, 0x6a,
  0x01, 0x6b, 0x01, 0x6c, 0x01, 0x6d, 0x01, 0x6e, 0x01, 0x6f, 0x01, 0x66,
  0x01, 0x67, 0x01, 0x68, 0x01, 0x69, 0x01, 0x6a, 0x01, 0x6b, 0x01, 0x6c,
  0x01, 0x6d, 0x01, 0x6e, 0x01, 0x6f, 0x01, 0x66, 0x01, 0x67, 0x01, 0x68,
  0x01, 0x69, 0x01, 0x6a, 0x01, 0x6b, 0x01, 0x6c, 0x01, 0x6d, 0x01, 0x6e,
  0x01, 0x6f, 0x01, 0x66, 0x01, 0x67, 0x01, 0x68, 0x01, 0x69, 0x01, 0x6a,
  0x01, 0x6b, 0x01, 0x6c, 0x01, 0x6d, 0x01, 0x6e, 0x01, 0x6f, 0x00, 0x02,
  0x00, 0x03, 0x00, 0x13, 0x00, 0x1c, 0x00, 0x00, 0x01, 0x80, 0x01, 0x89,
  0x00, 0x0a, 0x01, 0x9c, 0x01, 0xaf, 0x00, 0x14, 0x00, 0x02, 0x00, 0x1e,
  0x00, 0x0c, 0x01, 0x4e, 0x01, 0x5e, 0x01, 0xb6, 0x01, 0xb7, 0x01, 0xb8,
  0x01, 0xb9, 0x01, 0xba, 0x01, 0xbb, 0x01, 0xbc, 0x01, 0xbd, 0x01, 0xbe,
  0x01, 0xbf, 0x00, 0x02, 0x00, 0x02, 0x00, 0x03, 0x00, 0x03, 0x00, 0x00,
  0x00, 0x12, 0x00, 0x1c, 0x00, 0x01, 0x00, 0x01, 0x00, 0x06, 0x01, 0xad,
  0x00, 0x02, 0x00, 0x01, 0x00, 0x13, 0x00, 0x1c, 0x00, 0x00, 0x00, 0x00,
  0x00, 0x01, 0x00, 0x00, 0x00, 0x0a, 0x00, 0x1e, 0x00, 0x2c, 0x00, 0x01,
  0x6c, 0x61, 0x74, 0x6e, 0x00, 0x08, 0x00, 0x04, 0x00, 0x00, 0x00, 0x00,
  0xff, 0xff, 0x00, 0x01, 0x00, 0x00, 0x00, 0x01, 0x6b, 0x65, 0x72, 0x6e,
  0x00, 0x08, 0x00, 0x00, 0x00, 0x01, 0x00, 0x00, 0x00, 0x01, 0x00, 0x04,
  0x00, 0x02, 0x00, 0x00, 0x00, 0x02, 0x00, 0x0a, 0x09, 0x7e, 0x00, 0x01,
  0x08, 0x90, 0x00, 0x04, 0x00, 0x00, 0x00, 0x70, 0x00, 0xea, 0x00, 0xea,
  0x01, 0x04, 0x01, 0x26, 0x01, 0x54, 0x01, 0x7e, 0x01, 0x88, 0x01, 0x8e,
  0x01, 0x94, 0x01, 0x9e, 0x01, 0xa8, 0x01, 0xb2, 0x01, 0xb8, 0x01, 0xc6,
  0x01, 0xd0, 0x01, 0xda, 0x01, 0xe8, 0x01, 0xee, 0x01, 0xf4, 0x02, 0x2e,
  0x02, 0x40, 0x02, 0x4a, 0x02, 0x50, 0x02, 0x6e, 0x02, 0x74, 0x02, 0x7a,
  0x02, 0xbc, 0x03, 0x0e, 0x03, 0x2c, 0x03, 0x52, 0x03, 0x80, 0x03, 0x86,
  0x03, 0xb4, 0x03, 0xca, 0x03, 0xdc, 0x03, 0xee, 0x04, 0x24, 0x04, 0x3a,
  0x04, 0x54, 0x04, 0x66, 0x04, 0x24, 0x04, 0x80, 0x04, 0x9a, 0x04, 0xac,
  0x04, 0x24, 0x04, 0xba, 0x04, 0xd0, 0x04, 0xe6, 0x04, 0xf4, 0x05, 0x0a,
  0x05, 0x1c, 0x05, 0x4a, 0x05, 0x50, 0x05, 0x5a, 0x01, 0xe8, 0x01, 0xee,
  0x01, 0xee, 0x01, 0xee, 0x01, 0xee, 0x03, 0x52, 0x05, 0x60, 0x05, 0x6e,
  0x05, 0x74, 0x05, 0x92, 0x05, 0xac, 0x05, 0xc2, 0x01, 0xe8, 0x01, 0xe8,
  0x01, 0xe8, 0x01, 0xe8, 0x05, 0xc8, 0x06, 0x52, 0x01, 0xee, 0x01, 0xee,
  0x01, 0xee, 0x01, 0xee, 0x01, 0xee, 0x06, 0x64, 0x06, 0x6a, 0x06, 0x90,
  0x06, 0xa2, 0x06, 0xc0, 0x02, 0x2e, 0x06, 0xce, 0x05, 0x5a, 0x07, 0x14,
  0x07, 0x26, 0x02, 0x74, 0x02, 0x74, 0x02, 0x74, 0x02, 0x74, 0x02, 0x7a,
  0x02, 0x7a, 0x07, 0x38, 0x07, 0x76, 0x03, 0x0e, 0x03, 0x52, 0x03, 0x52,
  0x03, 0x80, 0x03, 0x80, 0x03, 0x80, 0x08, 0x34, 0x02, 0x74, 0x02, 0x7a,
  0x08, 0x3a, 0x08, 0x4c, 0x08, 0x4c, 0x08, 0x6a, 0x08, 0x70, 0x08, 0x76,
  0x08, 0x7c, 0x08, 0x82, 0x00, 0x06, 0x00, 0xac, 0x00, 0x0f, 0x00, 0xae,
  0x00, 0x13, 0x00, 0xe9, 0x00, 0x2d, 0x00, 0xed, 0x00, 0x0a, 0x00, 0xf5,
  0x00, 0x0e, 0x01, 0x09, 0x00, 0x10, 0x00, 0x08, 0x00, 0x39, 0x00, 0x0b,
  0x00, 0x4d, 0x00, 0x06, 0x00, 0xac, 0x00, 0x15, 0x00, 0xaf, 0x00, 0x14,
  0x00, 0xe9, 0x00, 0x1c, 0x00, 0xed, 0x00, 0x16, 0x00, 0xf5, 0x00, 0x38,
  0x01, 0x09, 0x00, 0x15, 0x00, 0x0b, 0x00, 0x13, 0xff, 0xf6, 0x00, 0x17,
  0xff, 0xf8, 0x00, 0x19, 0xff, 0xf6, 0x00, 0x1a, 0xff, 0xf2, 0x00, 0x1c,
  0xff, 0xf4, 0x00, 0x30, 0xff, 0xfb, 0x00, 0x39, 0xff, 0xd0, 0x00, 0x59,
  0xff, 0xf4, 0x01, 0x4d, 0xff, 0xf9, 0x01, 0xa3, 0xff, 0xea, 0x01, 0xa5,
  0xff, 0xfb, 0x00, 0x0a, 0x00, 0x13, 0xff, 0xf3, 0x00, 0x17, 0xff, 0xe0,
  0x00, 0x19, 0xff, 0xf3, 0x00, 0x1a, 0xff, 0xf7, 0x00, 0x1b, 0xff, 0xfb,
  0x00, 0x1c, 0xff, 0xf9, 0x00, 0x39, 0xff, 0xce, 0x00, 0x59, 0xff, 0xf1,
  0x01, 0x4d, 0xff, 0xfa, 0x01, 0xa3, 0xff, 0xf0, 0x00, 0x02, 0x00, 0x0f,
  0xff, 0xf2, 0x00, 0x11, 0xff, 0xf3, 0x00, 0x01, 0x00, 0x17, 0xff, 0xf0,
  0x00, 0x01, 0x00, 0x17, 0xff, 0xf7, 0x00, 0x02, 0x00, 0x0f, 0xff, 0xf8,
  0x00, 0x11, 0xff, 0xf9, 0x00, 0x02, 0x00, 0x0f, 0xff, 0xf3, 0x00, 0x11,
  0xff, 0xf0, 0x00, 0x02, 0x00, 0x0f, 0xff, 0xfa, 0x00, 0x11, 0xff, 0xfb,
  0x00, 0x01, 0x00, 0x0f, 0xff, 0xfb, 0x00, 0x03, 0x00, 0x0f, 0xff, 0xc0,
  0x00, 0x11, 0xff, 0xc1, 0x00, 0x17, 0xff, 0xed, 0x00, 0x02, 0x00, 0x0f,
  0xff, 0xf9, 0x00, 0x11, 0xff, 0xfa, 0x00, 0x02, 0x00, 0x0f, 0xff, 0xe7,
  0x00, 0x11, 0xff, 0xe9, 0x00, 0x03, 0x00, 0x0f, 0xff, 0xf9, 0x00, 0x39,
  0xff, 0xfd, 0x00, 0x3b, 0xff, 0xfd, 0x00, 0x01, 0x00, 0xe9, 0x00, 0x17,
  0x00, 0x01, 0x00, 0xe9, 0x00, 0x0e, 0x00, 0x0e, 0x00, 0x0f, 0xff, 0xb9,
  0x00, 0x1d, 0xff, 0xf4, 0x00, 0x1e, 0xff, 0xf1, 0x00, 0x30, 0xff, 0xfd,
  0x00, 0x39, 0x00, 0x05, 0x00, 0x53, 0xff, 0xf8, 0x00, 0x5b, 0xff, 0xe7,
  0x00, 0xac, 0x00, 0x0d, 0x00, 0xae, 0x00, 0x12, 0x00, 0xe9, 0x00, 0x2b,
  0x00, 0xed, 0x00, 0x0a, 0x00, 0xf1, 0xff, 0xf8, 0x00, 0xf5, 0x00, 0x0d,
  0x01, 0x09, 0x00, 0x06, 0x00, 0x04, 0x00, 0xac, 0x00, 0x0e, 0x00, 0xe9,
  0x00, 0x13, 0x00, 0xed, 0x00, 0x0b, 0x01, 0x09, 0x00, 0x07, 0x00, 0x02,
  0x00, 0x77, 0xfe, 0xe0, 0x01, 0x98, 0xff, 0xb5, 0x00, 0x01, 0x00, 0x39,
  0xff, 0xfb, 0x00, 0x07, 0x00, 0x0f, 0xff, 0xa6, 0x00, 0x3b, 0xff, 0xfb,
  0x00, 0x59, 0x00, 0x08, 0x00, 0xae, 0x00, 0x0c, 0x00, 0xe9, 0x00, 0x27,
  0x00, 0xf5, 0x00, 0x08, 0x01, 0x09, 0x00, 0x0e, 0x00, 0x01, 0x00, 0x39,
  0xff, 0xfa, 0x00, 0x01, 0x00, 0xe9, 0x00, 0x10, 0x00, 0x10, 0x00, 0xa3,
  0xff, 0xe9, 0x00, 0xac, 0x00, 0x28, 0x00, 0xae, 0x00, 0x29, 0x00, 0xaf,
  0x00, 0x1d, 0x00, 0xe7, 0x00, 0x13, 0x00, 0xe9, 0x00, 0x46, 0x00, 0xeb,
  0x00, 0x13, 0x00, 0xed, 0x00, 0x25, 0x00, 0xf1, 0xff, 0xaf, 0x00, 0xf5,
  0x00, 0x25, 0x01, 0x09, 0x00, 0x21, 0x01, 0x19, 0xff, 0xde, 0x01, 0x1d,
  0xff, 0xec, 0x01, 0x21, 0xff, 0xee, 0x01, 0x26, 0x00, 0x0f, 0x01, 0x3e,
  0xff, 0xcb, 0x00, 0x14, 0x00, 0x0c, 0x00, 0x0b, 0x00, 0x0f, 0xff, 0xce,
  0x00, 0x1d, 0xff, 0xf7, 0x00, 0x1e, 0xff, 0xf4, 0x00, 0x22, 0x00, 0x09,
  0x00, 0x30, 0xff, 0xfb, 0x00, 0x40, 0x00, 0x12, 0x00, 0x53, 0xff, 0xf1,
  0x00, 0x60, 0x00, 0x10, 0x00, 0xac, 0x00, 0x2c, 0x00, 0xae, 0x00, 0x08,
  0x00, 0xaf, 0x00, 0x22, 0x00, 0xe9, 0x00, 0x31, 0x00, 0xeb, 0x00, 0x15,
  0x00, 0xed, 0x00, 0x2a, 0x00, 0xf1, 0xff, 0xf1, 0x01, 0x09, 0x00, 0x25,
  0x01, 0x21, 0xff, 0xf5, 0x01, 0x26, 0x00, 0x13, 0x01, 0x4d, 0xff, 0xfb,
  0x00, 0x07, 0x00, 0xac, 0x00, 0x13, 0x00, 0xad, 0xff, 0xfa, 0x00, 0xaf,
  0x00, 0x08, 0x00, 0xe9, 0x00, 0x1c, 0x00, 0xed, 0x00, 0x10, 0x00, 0xf1,
  0xff, 0xf3, 0x01, 0x09, 0x00, 0x0b, 0x00, 0x09, 0x00, 0x40, 0x00, 0x06,
  0x00, 0x59, 0xff, 0xf5, 0x00, 0x60, 0x00, 0x06, 0x00, 0xac, 0x00, 0x11,
  0x00, 0xaf, 0x00, 0x06, 0x00, 0xb0, 0xff, 0xfd, 0x00, 0xe9, 0x00, 0x16,
  0x00, 0xed, 0x00, 0x0e, 0x01, 0x09, 0x00, 0x0a, 0x00, 0x0b, 0x00, 0x9f,
  0xff, 0xf5, 0x00, 0xac, 0x00, 0x29, 0x00, 0xad, 0xff, 0xf4, 0x00, 0xaf,
  0x00, 0x1e, 0x00, 0xe9, 0x00, 0x2c, 0x00, 0xeb, 0x00, 0x15, 0x00, 0xed,
  0x00, 0x26, 0x00, 0xf1, 0xff, 0xdf, 0x01, 0x09, 0x00, 0x22, 0x01, 0x21,
  0xff, 0xf1, 0x01, 0x26, 0x00, 0x13, 0x00, 0x01, 0x00, 0xe9, 0x00, 0x19,
  0x00, 0x0b, 0x00, 0x39, 0x00, 0x12, 0x00, 0x3b, 0x00, 0x07, 0x00, 0x86,
  0x00, 0x09, 0x00, 0xac, 0x00, 0x1a, 0x00, 0xaf, 0x00, 0x1b, 0x00, 0xe7,
  0x00, 0x0b, 0x00, 0xe9, 0x00, 0x27, 0x00, 0xeb, 0x00, 0x14, 0x00, 0xed,
  0x00, 0x1d, 0x00, 0xf5, 0x00, 0x33, 0x01, 0x09, 0x00, 0x1b, 0x00, 0x05,
  0x00, 0x37, 0xff, 0xab, 0x00, 0x38, 0xff, 0xfc, 0x00, 0x39, 0xff, 0xe4,
  0x00, 0x3a, 0xff, 0xf0, 0x00, 0x3c, 0xff, 0xc7, 0x00, 0x04, 0x00, 0x37,
  0xff, 0xbf, 0x00, 0x39, 0xff, 0xf4, 0x00, 0x3a, 0xff, 0xf8, 0x00, 0x3c,
  0xff, 0xe1, 0x00, 0x04, 0x00, 0x37, 0xff, 0xb9, 0x00, 0x39, 0xff, 0xea,
  0x00, 0x3a, 0xff, 0xf3, 0x00, 0x3c, 0xff, 0xd3, 0x00, 0x0d, 0x00, 0x0c,
  0x00, 0x0c, 0x00, 0x0f, 0xff, 0xfa, 0x00, 0x22, 0x00, 0x0c, 0x00, 0x24,
  0xff, 0xfc, 0x00, 0x2d, 0xff, 0xf7, 0x00, 0x37, 0x00, 0x1e, 0x00, 0x39,
  0x00, 0x22, 0x00, 0x3a, 0x00, 0x08, 0x00, 0x3b, 0x00, 0x06, 0x00, 0x3c,
  0x00, 0x1f, 0x00, 0x40, 0x00, 0x13, 0x00, 0x60, 0x00, 0x10, 0x01, 0x09,
  0x00, 0x22, 0x00, 0x05, 0x00, 0x37, 0xff, 0xaf, 0x00, 0x38, 0xff, 0xfd,
  0x00, 0x39, 0xff, 0xf1, 0x00, 0x3a, 0xff, 0xf4, 0x00, 0x3c, 0xff, 0xdf,
  0x00, 0x06, 0x00, 0x2d, 0xff, 0xfd, 0x00, 0x37, 0xff, 0xc8, 0x00, 0x38,
  0xff, 0xfd, 0x00, 0x39, 0xff, 0xfc, 0x00, 0x3a, 0xff, 0xfd, 0x00, 0x3c,
  0xff, 0xf7, 0x00, 0x04, 0x00, 0x38, 0xff, 0xfb, 0x00, 0x3a, 0xff, 0xfc,
  0x00, 0x3c, 0xff, 0xfc, 0x00, 0x77, 0xff, 0xbb, 0x00, 0x06, 0x00, 0x37,
  0xff, 0xb0, 0x00, 0x39, 0xff, 0xe3, 0x00, 0x3a, 0xff, 0xef, 0x00, 0x3b,
  0xff, 0xf7, 0x00, 0x3c, 0xff, 0xc8, 0x00, 0x3d, 0xff, 0xfd, 0x00, 0x06,
  0x00, 0x24, 0xff, 0xf2, 0x00, 0x2d, 0xff, 0xd8, 0x00, 0x37, 0xff, 0xd1,
  0x00, 0x3b, 0xff, 0xef, 0x00, 0x3c, 0xff, 0xfa, 0x00, 0x3d, 0xff, 0xd7,
  0x00, 0x04, 0x00, 0x37, 0xff, 0xbf, 0x00, 0x39, 0xff, 0xf5, 0x00, 0x3a,
  0xff, 0xf9, 0x00, 0x3c, 0xff, 0xde, 0x00, 0x03, 0x00, 0x37, 0xff, 0xdc,
  0x00, 0x39, 0xff, 0xfc, 0x00, 0x3c, 0xff, 0xf5, 0x00, 0x05, 0x00, 0x0f,
  0xff, 0xef, 0x00, 0x24, 0xff, 0xfa, 0x00, 0x37, 0xff, 0xd2, 0x00, 0x3b,
  0xff, 0xf6, 0x00, 0x3d, 0xff, 0xe1, 0x00, 0x05, 0x00, 0x24, 0xff, 0xfa,
  0x00, 0x37, 0xff, 0xc9, 0x00, 0x3b, 0xff, 0xf3, 0x00, 0x3c, 0xff, 0xfa,
  0x00, 0x3d, 0xff, 0xe6, 0x00, 0x03, 0x00, 0x37, 0xff, 0xcb, 0x00, 0x3c,
  0xff, 0xfa, 0x00, 0xb0, 0xff, 0xfc, 0x00, 0x05, 0x00, 0x24, 0xff, 0xf8,
  0x00, 0x2d, 0xff, 0xfc, 0x00, 0x37, 0xff, 0xd1, 0x00, 0x3b, 0xff, 0xf4,
  0x00, 0x3d, 0xff, 0xdd, 0x00, 0x04, 0x00, 0x37, 0xff, 0xc1, 0x00, 0x39,
  0xff, 0xfb, 0x00, 0x3a, 0xff, 0xfc, 0x00, 0x3c, 0xff, 0xf1, 0x00, 0x0b,
  0x00, 0x39, 0x00, 0x10, 0x00, 0x3b, 0x00, 0x06, 0x00, 0x86, 0x00, 0x09,
  0x00, 0xac, 0x00, 0x19, 0x00, 0xaf, 0x00, 0x19, 0x00, 0xe7, 0x00, 0x09,
  0x00, 0xe9, 0x00, 0x25, 0x00, 0xeb, 0x00, 0x12, 0x00, 0xed, 0x00, 0x1b,
  0x00, 0xf5, 0x00, 0x33, 0x01, 0x09, 0x00, 0x19, 0x00, 0x01, 0x00, 0x4f,
  0xff, 0xbb, 0x00, 0x02, 0x00, 0x4d, 0x00, 0x38, 0x00, 0xf5, 0x00, 0x38,
  0x00, 0x01, 0x00, 0xe9, 0x00, 0x0f, 0x00, 0x03, 0x00, 0x0f, 0xff, 0xdb,
  0x00, 0x39, 0xff, 0xfd, 0x00, 0x3b, 0xff, 0xeb, 0x00, 0x01, 0x00, 0x59,
  0xff, 0xfc, 0x00, 0x07, 0x00, 0x05, 0x00, 0x0d, 0x00, 0x0a, 0x00, 0x0d,
  0x00, 0x0c, 0x00, 0x15, 0x00, 0x22, 0x00, 0x0a, 0x00, 0x40, 0x00, 0x1a,
  0x00, 0x60, 0x00, 0x18, 0x01, 0x09, 0x00, 0x2b, 0x00, 0x06, 0x00, 0x05,
  0x00, 0x12, 0x00, 0x0a, 0x00, 0x12, 0x00, 0x22, 0x00, 0x06, 0x01, 0x09,
  0x00, 0x32, 0x01, 0x52, 0x00, 0x0f, 0x01, 0x55, 0x00, 0x0f, 0x00, 0x05,
  0x00, 0x0c, 0x00, 0x14, 0x00, 0x22, 0x00, 0x17, 0x00, 0x40, 0x00, 0x1b,
  0x00, 0x60, 0x00, 0x19, 0x01, 0x09, 0x00, 0x22, 0x00, 0x01, 0x00, 0x5b,
  0xff, 0xfb, 0x00, 0x22, 0x00, 0x04, 0x00, 0x19, 0x00, 0x05, 0x00, 0x40,
  0x00, 0x0a, 0x00, 0x40, 0x00, 0x0c, 0x00, 0x3c, 0x00, 0x22, 0x00, 0x44,
  0x00, 0x40, 0x00, 0x45, 0x00, 0x45, 0x00, 0x0d, 0x00, 0x4b, 0x00, 0x0d,
  0x00, 0x4c, 0x00, 0x0d, 0x00, 0x4d, 0x00, 0x0d, 0x00, 0x4e, 0x00, 0x0d,
  0x00, 0x4f, 0x00, 0x15, 0x00, 0x60, 0x00, 0x43, 0x00, 0xac, 0x00, 0x5c,
  0x00, 0xae, 0x00, 0x55, 0x00, 0xaf, 0x00, 0x58, 0x00, 0xbe, 0x00, 0x0d,
  0x00, 0xe5, 0x00, 0x0d, 0x00, 0xe7, 0x00, 0x4d, 0x00, 0xe9, 0x00, 0x7a,
  0x00, 0xeb, 0x00, 0x4e, 0x00, 0xed, 0x00, 0x5e, 0x00, 0xef, 0x00, 0x0d,
  0x00, 0xf3, 0x00, 0x0d, 0x00, 0xf5, 0x00, 0x50, 0x00, 0xf7, 0x00, 0x0d,
  0x00, 0xfa, 0x00, 0x15, 0x00, 0xfc, 0x00, 0x15, 0x00, 0xfe, 0x00, 0x15,
  0x01, 0x00, 0x00, 0x15, 0x01, 0x09, 0x00, 0x55, 0x01, 0x21, 0x00, 0x09,
  0x01, 0x52, 0x00, 0x32, 0x01, 0x55, 0x00, 0x32, 0x00, 0x04, 0x00, 0x22,
  0x00, 0x10, 0x00, 0x40, 0x00, 0x10, 0x00, 0x60, 0x00, 0x0e, 0x01, 0x09,
  0x00, 0x25, 0x00, 0x01, 0x00, 0xe9, 0x00, 0x11, 0x00, 0x09, 0x00, 0x05,
  0x00, 0x2d, 0x00, 0x0a, 0x00, 0x2d, 0x00, 0x0c, 0x00, 0x2a, 0x00, 0x22,
  0x00, 0x2c, 0x00, 0x40, 0x00, 0x2d, 0x00, 0x60, 0x00, 0x2c, 0x01, 0x09,
  0x00, 0x4b, 0x01, 0x52, 0x00, 0x18, 0x01, 0x55, 0x00, 0x18, 0x00, 0x04,
  0x00, 0x22, 0x00, 0x12, 0x00, 0x40, 0x00, 0x15, 0x00, 0x60, 0x00, 0x13,
  0x01, 0x09, 0x00, 0x15, 0x00, 0x07, 0x00, 0x05, 0x00, 0x0a, 0x00, 0x0a,
  0x00, 0x0a, 0x00, 0x0c, 0x00, 0x16, 0x00, 0x22, 0x00, 0x17, 0x00, 0x40,
  0x00, 0x1d, 0x00, 0x60, 0x00, 0x1b, 0x01, 0x09, 0x00, 0x2a, 0x00, 0x03,
  0x00, 0x05, 0x00, 0x09, 0x00, 0x0a, 0x00, 0x09, 0x01, 0x09, 0x00, 0x2b,
  0x00, 0x11, 0x00, 0x05, 0x00, 0x2d, 0x00, 0x0a, 0x00, 0x2d, 0x00, 0x0c,
  0x00, 0x2f, 0x00, 0x22, 0x00, 0x33, 0x00, 0x40, 0x00, 0x37, 0x00, 0x60,
  0x00, 0x35, 0x00, 0xac, 0x00, 0x4a, 0x00, 0xae, 0x00, 0x44, 0x00, 0xaf,
  0x00, 0x46, 0x00, 0xe7, 0x00, 0x3b, 0x00, 0xe9, 0x00, 0x68, 0x00, 0xeb,
  0x00, 0x3d, 0x00, 0xed, 0x00, 0x4c, 0x00, 0xf5, 0x00, 0x3f, 0x01, 0x09,
  0x00, 0x44, 0x01, 0x52, 0x00, 0x20, 0x01, 0x55, 0x00, 0x20, 0x00, 0x04,
  0x00, 0x0c, 0x00, 0x07, 0x00, 0x40, 0x00, 0x06, 0x00, 0x60, 0x00, 0x06,
  0x01, 0x09, 0x00, 0x1b, 0x00, 0x04, 0x00, 0x0c, 0x00, 0x09, 0x00, 0x40,
  0x00, 0x06, 0x00, 0x60, 0x00, 0x06, 0x01, 0x09, 0x00, 0x20, 0x00, 0x0f,
  0x00, 0x05, 0x00, 0x0a, 0x00, 0x0a, 0x00, 0x0a, 0x00, 0x0c, 0x00, 0x08,
  0x00, 0x22, 0x00, 0x0f, 0x00, 0x40, 0x00, 0x12, 0x00, 0x60, 0x00, 0x0f,
  0x00, 0xac, 0x00, 0x1a, 0x00, 0xae, 0x00, 0x2c, 0x00, 0xaf, 0x00, 0x25,
  0x00, 0xe7, 0x00, 0x1b, 0x00, 0xe9, 0x00, 0x4b, 0x00, 0xeb, 0x00, 0x1b,
  0x00, 0xed, 0x00, 0x26, 0x00, 0xf5, 0x00, 0x27, 0x01, 0x09, 0x00, 0x24,
  0x00, 0x2f, 0x00, 0x37, 0x00, 0x0e, 0x00, 0x39, 0x00, 0x12, 0x00, 0x3c,
  0x00, 0x12, 0x00, 0x47, 0xff, 0xb9, 0x00, 0x4a, 0xff, 0xb9, 0x00, 0x54,
  0xff, 0xb9, 0x00, 0x9d, 0x00, 0x12, 0x00, 0xa3, 0xff, 0xe1, 0x00, 0xa8,
  0xff, 0xbb, 0x00, 0xaa, 0xff, 0xbb, 0x00, 0xab, 0xff, 0xbc, 0x00, 0xac,
  0x00, 0x1d, 0x00, 0xae, 0x00, 0x1e, 0x00, 0xaf, 0x00, 0x12, 0x00, 0xb4,
  0xff, 0xbc, 0x00, 0xb5, 0xff, 0xbe, 0x00, 0xb6, 0xff, 0xbd, 0x00, 0xc9,
  0xff, 0xbc, 0x00, 0xcd, 0xff, 0xbc, 0x00, 0xcf, 0xff, 0xb9, 0x00, 0xd1,
  0xff, 0xb9, 0x00, 0xd3, 0xff, 0xbb, 0x00, 0xd5, 0xff, 0xbc, 0x00, 0xdb,
  0xff, 0xbc, 0x00, 0xdd, 0xff, 0xba, 0x00, 0xdf, 0xff, 0xba, 0x00, 0xe1,
  0xff, 0xb9, 0x00, 0xe3, 0xff, 0xb9, 0x00, 0xe7, 0x00, 0x08, 0x00, 0xe9,
  0x00, 0x3b, 0x00, 0xeb, 0x00, 0x08, 0x00, 0xed, 0x00, 0x1a, 0x00, 0xf1,
  0xff, 0xf4, 0x00, 0xf5, 0x00, 0x1d, 0x01, 0x09, 0x00, 0x16, 0x01, 0x0d,
  0xff, 0xbc, 0x01, 0x0f, 0xff, 0xbc, 0x01, 0x11, 0xff, 0xbc, 0x01, 0x19,
  0xff, 0xd8, 0x01, 0x1d, 0xff, 0xe6, 0x01, 0x21, 0xff, 0xe7, 0x01, 0x22,
  0x00, 0x0e, 0x01, 0x24, 0x00, 0x0e, 0x01, 0x26, 0x00, 0x06, 0x01, 0x36,
  0x00, 0x12, 0x01, 0x38, 0x00, 0x12, 0x01, 0x43, 0x00, 0x0e, 0x00, 0x01,
  0x01, 0x09, 0x00, 0x51, 0x00, 0x04, 0x00, 0x0f, 0xff, 0xf9, 0x00, 0x1d,
  0xff, 0xfb, 0x00, 0x1e, 0xff, 0xfb, 0x00, 0x5b, 0xff, 0xfd, 0x00, 0x07,
  0x00, 0xac, 0x00, 0x20, 0x00, 0xae, 0x00, 0x09, 0x00, 0xaf, 0x00, 0x19,
  0x00, 0xe9, 0x00, 0x2e, 0x00, 0xeb, 0x00, 0x06, 0x00, 0xed, 0x00, 0x1f,
  0x01, 0x09, 0x00, 0x1d, 0x00, 0x01, 0x01, 0x09, 0x00, 0x22, 0x00, 0x01,
  0x01, 0xa3, 0xff, 0xf8, 0x00, 0x01, 0x01, 0xa3, 0xff, 0xfb, 0x00, 0x01,
  0x01, 0xa3, 0xff, 0xee, 0x00, 0x03, 0x00, 0x0f, 0xff, 0xdd, 0x00, 0x11,
  0xff, 0xdf, 0x01, 0xa0, 0xff, 0xeb, 0x00, 0x01, 0x00, 0x70, 0x00, 0x05,
  0x00, 0x0a, 0x00, 0x0b, 0x00, 0x0f, 0x00, 0x11, 0x00, 0x13, 0x00, 0x14,
  0x00, 0x15, 0x00, 0x16, 0x00, 0x17, 0x00, 0x18, 0x00, 0x19, 0x00, 0x1a,
  0x00, 0x1b, 0x00, 0x1c, 0x00, 0x25, 0x00, 0x26, 0x00, 0x28, 0x00, 0x29,
  0x00, 0x2e, 0x00, 0x2f, 0x00, 0x30, 0x00, 0x33, 0x00, 0x34, 0x00, 0x36,
  0x00, 0x37, 0x00, 0x39, 0x00, 0x3a, 0x00, 0x3b, 0x00, 0x3c, 0x00, 0x3d,
  0x00, 0x3e, 0x00, 0x44, 0x00, 0x46, 0x00, 0x48, 0x00, 0x49, 0x00, 0x4a,
  0x00, 0x4e, 0x00, 0x4f, 0x00, 0x52, 0x00, 0x54, 0x00, 0x55, 0x00, 0x56,
  0x00, 0x57, 0x00, 0x58, 0x00, 0x59, 0x00, 0x5a, 0x00, 0x5b, 0x00, 0x5c,
  0x00, 0x5d, 0x00, 0x5e, 0x00, 0x77, 0x00, 0x7f, 0x00, 0x86, 0x00, 0x87,
  0x00, 0x88, 0x00, 0x89, 0x00, 0x8a, 0x00, 0x8b, 0x00, 0x9d, 0x00, 0x9e,
  0x00, 0x9f, 0x00, 0xad, 0x00, 0xae, 0x00, 0xaf, 0x00, 0xb0, 0x00, 0xc6,
  0x00, 0xc8, 0x00, 0xca, 0x00, 0xcc, 0x00, 0xcf, 0x00, 0xd1, 0x00, 0xd2,
  0x00, 0xd4, 0x00, 0xd6, 0x00, 0xd8, 0x00, 0xda, 0x00, 0xe6, 0x00, 0xe9,
  0x00, 0xeb, 0x00, 0xed, 0x00, 0xf5, 0x00, 0xf6, 0x00, 0xfe, 0x01, 0x12,
  0x01, 0x15, 0x01, 0x19, 0x01, 0x1a, 0x01, 0x1c, 0x01, 0x1e, 0x01, 0x20,
  0x01, 0x22, 0x01, 0x24, 0x01, 0x25, 0x01, 0x26, 0x01, 0x34, 0x01, 0x36,
  0x01, 0x38, 0x01, 0x39, 0x01, 0x3b, 0x01, 0x3d, 0x01, 0x3f, 0x01, 0x41,
  0x01, 0x43, 0x01, 0x4d, 0x01, 0x51, 0x01, 0x54, 0x01, 0x78, 0x01, 0x9d,
  0x01, 0xa0, 0x01, 0xa2, 0x01, 0xa3, 0x00, 0x02, 0x18, 0x96, 0x00, 0x04,
  0x00, 0x00, 0x12, 0x48, 0x15, 0x6a, 0x00, 0x35, 0x00, 0x2c, 0x00, 0x00,
  0xff, 0xdc, 0xff, 0xf9, 0xff, 0xe1, 0xff, 0xf4, 0xff, 0xfb, 0xff, 0xfa,
  0x00, 0x00, 0x00, 0x00, 0x00, 0x00, 0x00, 0x00, 0x00, 0x00, 0x00, 0x00,
  0x00, 0x00, 0x00, 0x00, 0x00, 0x00, 0x00, 0x00, 0x00, 0x00, 0x00, 0x00,
  0x00, 0x00, 0x00, 0x00, 0x00, 0x00, 0x00, 0x00, 0x00, 0x00, 0x00, 0x00,
  0x00, 0x00, 0x00, 0x00, 0x00, 0x00, 0x00, 0x00, 0x00, 0x00, 0x00, 0x00,
  0x00, 0x00, 0x00, 0x00, 0x00, 0x00, 0x00, 0x00, 0x00, 0x00, 0x00, 0x00,
  0x00, 0x00, 0x00, 0x00, 0x00, 0x00, 0x00, 0x00, 0x00, 0x00, 0x00, 0x00,
  0x00, 0x00, 0x00, 0x00, 0x00, 0x00, 0x00, 0x00, 0x00, 0x00, 0x00, 0x00,
  0x00, 0x00, 0x00, 0x00, 0x00, 0x0b, 0x00, 0x0a, 0x00, 0x00, 0x00, 0x00,
  0x00, 0x00, 0x00, 0x00, 0x00, 0x00, 0x00, 0x00, 0x00, 0x00, 0x00, 0x00,
  0x00, 0x00, 0x00, 0x00, 0x00, 0x00, 0x00, 0x00, 0x00, 0x00, 0x00, 0x00,
  0x00, 0x00, 0x00, 0x00, 0x00, 0x00, 0x00, 0x00, 0x00, 0x00, 0x00, 0x00,
  0x00, 0x00, 0x00, 0x00, 0x00, 0x00, 0x00, 0x00, 0x00, 0x00, 0x00, 0x00,
  0x00, 0x00, 0x00, 0x00, 0x00, 0x00, 0x00, 0x00, 0x00, 0x00, 0x00, 0x00,
  0x00, 0x00, 0x00, 0x00, 0x00, 0x00, 0x00, 0x00, 0x00, 0x00, 0xff, 0xf7,
  0x00, 0x00, 0x00, 0x00, 0xff, 0xf1, 0x00, 0x00, 0xff, 0xca, 0xff, 0xc7,
  0xff, 0xf0, 0xff, 0xdb, 0xff, 0xfb, 0xff, 0xf6, 0xff, 0xee, 0x00, 0x00,
  0x00, 0x00, 0x00, 0x00, 0x00, 0x00, 0x00, 0x00, 0x00, 0x00, 0x00, 0x00,
  0x00, 0x00, 0x00, 0x00, 0x00, 0x00, 0x00, 0x00, 0x00, 0x00, 0x00, 0x00,
  0x00, 0x00, 0x00, 0x00, 0x00, 0x00, 0x00, 0x00, 0x00, 0x00, 0x00, 0x00,
  0x00, 0x00, 0x00, 0x00, 0x00, 0x00, 0x00, 0x00, 0x00, 0x00, 0x00, 0x00,
  0x00, 0x00, 0x00, 0x00, 0x00, 0x00, 0x00, 0x00, 0x00, 0x00, 0x00, 0x00,
  0xff, 0xf4, 0xff, 0xf5, 0x00, 0x00, 0xff, 0xf5, 0xff, 0xf7, 0xff, 0xf7,
  0xff, 0xc8, 0xff, 0xc8, 0x00, 0x00, 0xff, 0xe8, 0x00, 0x00, 0x00, 0x00,
  0x00, 0x00, 0xff, 0xe4, 0xff, 0xde, 0xff, 0xda, 0xff, 0xde, 0xff, 0xf7,
  0xff, 0xfb, 0x00, 0x00, 0x00, 0x00, 0x00, 0x00, 0x00, 0x00, 0x00, 0x00,
  0x00, 0x00, 0x00, 0x00, 0x00, 0x00, 0x00, 0x00, 0x00, 0x00, 0x00, 0x00,
  0x00, 0x00, 0x00, 0x00, 0x00, 0x00, 0x00, 0x00, 0x00, 0x00, 0x00, 0x00,
  0x00, 0x00, 0x00, 0x00, 0x00, 0x00, 0x00, 0x00, 0x00, 0x00, 0x00, 0x00,
  0x00, 0x00, 0x00, 0x00, 0x00, 0x00, 0xff, 0xf8, 0x00, 0x00, 0x00, 0x00,
  0xff, 0xee, 0x00, 0x00, 0xff, 0xcb, 0xff, 0xc7, 0xff, 0xec, 0xff, 0xda,
  0xff, 0xfa, 0xff, 0xf4, 0xff, 0xea, 0x00, 0x00, 0x00, 0x00, 0x00, 0x00,
  0x00, 0x00, 0x00, 0x00, 0x00, 0x00, 0x00, 0x00, 0x00, 0x00, 0x00, 0x00,
  0x00, 0x00, 0x00, 0x00, 0x00, 0x00, 0x00, 0x00, 0x00, 0x00, 0x00, 0x00,
  0x00, 0x00, 0x00, 0x00, 0x00, 0x00, 0x00, 0x00, 0x00, 0x00, 0x00, 0x00,
  0x00, 0x00, 0x00, 0x00, 0x00, 0x00, 0x00, 0x00, 0x00, 0x00, 0x00, 0x00,
  0x00, 0x00, 0x00, 0x00, 0x00, 0x00, 0x00, 0x00, 0x00, 0x00, 0x00, 0x00,
  0x00, 0x00, 0x00, 0x00, 0xff, 0xf9, 0x00, 0x00, 0xff, 0xd7, 0xff, 0xd2,
  0xff, 0xfc, 0xff, 0xed, 0xff, 0xfc, 0xff, 0xfa, 0xff, 0xf8, 0x00, 0x00,
  0xff, 0xe4, 0x00, 0x00, 0x00, 0x00, 0x00, 0x00, 0x00, 0x00, 0xff, 0xdc,
  0x00, 0x05, 0xff, 0xf4, 0xff, 0xfa, 0xff, 0xeb, 0xff, 0xed, 0x00, 0x00,
  0x00, 0x00, 0x00, 0x00, 0x00, 0x00, 0x00, 0x00, 0x00, 0x00, 0x00, 0x00,
  0x00, 0x00, 0x00, 0x00, 0x00, 0x00, 0x00, 0x00, 0x00, 0x00, 0x00, 0x00,
  0x00, 0x00, 0x00, 0x00, 0x00, 0x00, 0x00, 0x00, 0x00, 0x00, 0x00, 0x00,
  0x00, 0x00, 0x00, 0x00, 0x00, 0x00, 0x00, 0x00, 0x00, 0x00, 0x00, 0x00,
  0x00, 0x00, 0xff, 0xf7, 0x00, 0x00, 0xff, 0xfd, 0x00, 0x00, 0x00, 0x00,
  0x00, 0x00, 0x00, 0x00, 0x00, 0x00, 0x00, 0x00, 0x00, 0x00, 0x00, 0x00,
  0x00, 0x00, 0xff, 0xfa, 0x00, 0x00, 0xff, 0xfb, 0x00, 0x00, 0x00, 0x00,
  0xff, 0xf7, 0xff, 0xfa, 0x00, 0x00, 0x00, 0x00, 0x00, 0x00, 0x00, 0x00,
  0x00, 0x00, 0x00, 0x00, 0x00, 0x00, 0x00, 0x00, 0x00, 0x00, 0x00, 0x00,
  0x00, 0x00, 0x00, 0x00, 0x00, 0x00, 0x00, 0x00, 0x00, 0x00, 0x00, 0x00,
  0x00, 0x00, 0x00, 0x00, 0x00, 0x00, 0x00, 0x00, 0x00, 0x00, 0x00, 0x00,
  0x00, 0x00, 0x00, 0x00, 0x00, 0x00, 0x00, 0x00, 0xff, 0xfc, 0x00, 0x00,
  0xff, 0xfd, 0xff, 0xfb, 0xff, 0xfd, 0x00, 0x00, 0x00, 0x00, 0x00, 0x00,
  0x00, 0x00, 0x00, 0x00, 0x00, 0x00, 0x00, 0x00, 0x00, 0x00, 0xff, 0xe3,
  0xff, 0xfc, 0x00, 0x00, 0xff, 0xb6, 0x00, 0x00, 0xff, 0xfd, 0x00, 0x00,
  0x00, 0x00, 0x00, 0x00, 0x00, 0x00, 0x00, 0x00, 0x00, 0x00, 0x00, 0x00,
  0x00, 0x00, 0x00, 0x00, 0x00, 0x00, 0x00, 0x00, 0x00, 0x00, 0x00, 0x00,
  0x00, 0x00, 0x00, 0x00, 0x00, 0x00, 0x00, 0x00, 0xff, 0xfc, 0x00, 0x00,
  0x00, 0x00, 0x00, 0x00, 0x00, 0x00, 0x00, 0x00, 0xff, 0xfb, 0xff, 0xee,
  0x00, 0x00, 0xff, 0xfd, 0x00, 0x00, 0x00, 0x00, 0x00, 0x00, 0x00, 0x00,
  0xff, 0xfc, 0xff, 0xf3, 0xff, 0xf9, 0x00, 0x00, 0x00, 0x00, 0x00, 0x00,
  0xff, 0xeb, 0x00, 0x00, 0x00, 0x00, 0x00, 0x00, 0x00, 0x00, 0xff, 0xed,
  0x00, 0x00, 0x00, 0x00, 0x00, 0x00, 0x00, 0x00, 0x00, 0x00, 0x00, 0x00,
  0x00, 0x00, 0x00, 0x00, 0x00, 0x00, 0x00, 0x00, 0x00, 0x00, 0x00, 0x00,
  0x00, 0x00, 0x00, 0x00, 0x00, 0x00, 0x00, 0x00, 0x00, 0x00, 0x00, 0x00,
  0x00, 0x00, 0x00, 0x00, 0x00, 0x00, 0x00, 0x00, 0x00, 0x00, 0x00, 0x00,
  0x00, 0x00, 0x00, 0x00, 0xff, 0xfc, 0x00, 0x00, 0xff, 0xfc, 0xff, 0xf6,
  0xff, 0xf5, 0x00, 0x00, 0x00, 0x00, 0x00, 0x00, 0x00, 0x00, 0x00, 0x00,
  0x00, 0x00, 0x00, 0x00, 0x00, 0x00, 0xff, 0xe7, 0xff, 0xf7, 0x00, 0x00,
  0xff, 0xe8, 0x00, 0x00, 0xff, 0xfd, 0x00, 0x00, 0x00, 0x00, 0x00, 0x00,
  0x00, 0x00, 0x00, 0x00, 0x00, 0x00, 0x00, 0x00, 0x00, 0x00, 0x00, 0x00,
  0x00, 0x00, 0x00, 0x00, 0x00, 0x00, 0x00, 0x00, 0x00, 0x00, 0x00, 0x00,
  0x00, 0x00, 0x00, 0x00, 0xff, 0xe9, 0x00, 0x00, 0xff, 0xf9, 0x00, 0x00,
  0x00, 0x00, 0x00, 0x00, 0x00, 0x00, 0x00, 0x00, 0x00, 0x00, 0x00, 0x00,
  0x00, 0x00, 0xff, 0xfc, 0x00, 0x00, 0x00, 0x00, 0x00, 0x00, 0x00, 0x00,
  0x00, 0x00, 0x00, 0x00, 0xff, 0xf4, 0x00, 0x00, 0x00, 0x00, 0xff, 0xf6,
  0x00, 0x00, 0x00, 0x00, 0xff, 0xf6, 0xff, 0xb9, 0xff, 0xfd, 0xff, 0xfa,
  0xff, 0xf8, 0xff, 0xfb, 0xff, 0xfa, 0x00, 0x00, 0x00, 0x00, 0x00, 0x00,
  0x00, 0x00, 0x00, 0x00, 0x00, 0x00, 0x00, 0x00, 0x00, 0x00, 0x00, 0x00,
  0x00, 0x00, 0x00, 0x00, 0x00, 0x00, 0x00, 0x00, 0x00, 0x00, 0x00, 0x00,
  0x00, 0x00, 0x00, 0x00, 0x00, 0x00, 0x00, 0x00, 0x00, 0x00, 0xff, 0xfd,
  0x00, 0x00, 0x00, 0x00, 0x00, 0x00, 0x00, 0x00, 0x00, 0x00, 0x00, 0x00,
  0x00, 0x00, 0x00, 0x00, 0x00, 0x00, 0x00, 0x00, 0x00, 0x00, 0xff, 0xfa,
  0x00, 0x00, 0x00, 0x00, 0x00, 0x00, 0xff, 0xfb, 0x00, 0x00, 0x00, 0x00,
  0x00, 0x00, 0x00, 0x00, 0x00, 0x00, 0x00, 0x00, 0x00, 0x00, 0x00, 0x00,
  0x00, 0x00, 0x00, 0x00, 0x00, 0x00, 0x00, 0x00, 0x00, 0x00, 0x00, 0x00,
  0x00, 0x00, 0x00, 0x00, 0x00, 0x00, 0x00, 0x00, 0x00, 0x00, 0x00, 0x00,
  0x00, 0x00, 0x00, 0x00, 0x00, 0x00, 0x00, 0x00, 0x00, 0x00, 0x00, 0x00,
  0x00, 0x00, 0x00, 0x00, 0x00, 0x00, 0x00, 0x00, 0x00, 0x00, 0x00, 0x00,
  0x00, 0x00, 0x00, 0x00, 0x00, 0x00, 0x00, 0x00, 0x00, 0x00, 0x00, 0x00,
  0x00, 0x00, 0xff, 0xf9, 0xff, 0xf8, 0xff, 0xf5, 0x00, 0x00, 0xff, 0xfb,
  0xff, 0xf5, 0xff, 0xf8, 0x00, 0x00, 0x00, 0x00, 0x00, 0x00, 0x00, 0x00,
  0x00, 0x00, 0x00, 0x00, 0x00, 0x00, 0x00, 0x00, 0x00, 0x00, 0x00, 0x00,
  0x00, 0x00, 0x00, 0x00, 0x00, 0x00, 0x00, 0x00, 0x00, 0x00, 0x00, 0x00,
  0x00, 0x00, 0x00, 0x00, 0xff, 0xfc, 0x00, 0x00, 0x00, 0x00, 0x00, 0x00,
  0x00, 0x00, 0x00, 0x00, 0x00, 0x00, 0x00, 0x00, 0x00, 0x00, 0x00, 0x00,
  0x00, 0x00, 0x00, 0x00, 0x00, 0x00, 0x00, 0x00, 0x00, 0x00, 0x00, 0x00,
  0x00, 0x00, 0x00, 0x00, 0x00, 0x00, 0xff, 0xfb, 0xff, 0xf1, 0xff, 0xf7,
  0x00, 0x00, 0x00, 0x00, 0xff, 0xf7, 0xff, 0xf3, 0x00, 0x00, 0x00, 0x00,
  0x00, 0x00, 0x00, 0x00, 0x00, 0x00, 0xff, 0xfb, 0xff, 0xfb, 0x00, 0x00,
  0x00, 0x00, 0x00, 0x00, 0x00, 0x00, 0x00, 0x00, 0x00, 0x00, 0x00, 0x00,
  0x00, 0x00, 0x00, 0x00, 0x00, 0x00, 0x00, 0x00, 0x00, 0x00, 0x00, 0x00,
  0x00, 0x00, 0x00, 0x00, 0x00, 0x00, 0x00, 0x00, 0x00, 0x00, 0x00, 0x03,
  0xff, 0xf4, 0x00, 0x00, 0xff, 0xf8, 0xff, 0xf3, 0xff, 0xf7, 0x00, 0x00,
  0x00, 0x00, 0x00, 0x00, 0x00, 0x00, 0x00, 0x00, 0x00, 0x00, 0x00, 0x00,
  0x00, 0x00, 0xff, 0xdc, 0xff, 0xf6, 0x00, 0x00, 0xff, 0xd5, 0x00, 0x00,
  0xff, 0xfb, 0x00, 0x00, 0x00, 0x00, 0x00, 0x00, 0xff, 0xfa, 0x00, 0x00,
  0x00, 0x00, 0x00, 0x06, 0xff, 0xfb, 0xff, 0xf6, 0xff, 0xf9, 0x00, 0x05,
  0xff, 0xfd, 0x00, 0x00, 0x00, 0x00, 0x00, 0x00, 0x00, 0x00, 0x00, 0x00,
  0x00, 0x17, 0x00, 0x00, 0x00, 0x00, 0x00, 0x00, 0xff, 0xf7, 0x00, 0x00,
  0xff, 0xc7, 0xff, 0xce, 0xff, 0xf4, 0xff, 0xda, 0xff, 0xfc, 0xff, 0xf2,
  0xff, 0xe0, 0x00, 0x00, 0xff, 0xcd, 0x00, 0x06, 0x00, 0x00, 0x00, 0x03,
  0x00, 0x00, 0xff, 0xb6, 0x00, 0x00, 0xff, 0xbf, 0xff, 0xee, 0xff, 0xb9,
  0xff, 0xb4, 0x00, 0x00, 0x00, 0x00, 0x00, 0x00, 0x00, 0x00, 0x00, 0x00,
  0x00, 0x00, 0x00, 0x00, 0x00, 0x00, 0x00, 0x00, 0x00, 0x00, 0x00, 0x00,
  0x00, 0x00, 0x00, 0x00, 0x00, 0x00, 0x00, 0x00, 0x00, 0x00, 0x00, 0x00,
  0x00, 0x00, 0x00, 0x00, 0x00, 0x00, 0x00, 0x00, 0x00, 0x00, 0x00, 0x00,
  0x00, 0x00, 0x00, 0x00, 0x00, 0x00, 0xff, 0xf4, 0x00, 0x00, 0xff, 0xfa,
  0x00, 0x00, 0x00, 0x00, 0x00, 0x00, 0x00, 0x00, 0x00, 0x00, 0x00, 0x00,
  0x00, 0x00, 0x00, 0x00, 0x00, 0x00, 0xff, 0xf4, 0x00, 0x00, 0xff, 0xf5,
  0x00, 0x00, 0xff, 0xf9, 0xff, 0xf4, 0x00, 0x00, 0x00, 0x00, 0x00, 0x00,
  0x00, 0x00, 0x00, 0x00, 0x00, 0x00, 0x00, 0x00, 0x00, 0x00, 0x00, 0x00,
  0x00, 0x00, 0x00, 0x00, 0x00, 0x00, 0x00, 0x00, 0x00, 0x00, 0x00, 0x00,
  0x00, 0x00, 0x00, 0x00, 0x00, 0x00, 0x00, 0x00, 0xff, 0xfc, 0x00, 0x00,
  0x00, 0x00, 0x00, 0x00, 0x00, 0x00, 0x00, 0x00, 0xff, 0xfa, 0xff, 0xef,
  0x00, 0x00, 0xff, 0xfd, 0x00, 0x00, 0x00, 0x00, 0x00, 0x00, 0x00, 0x00,
  0xff, 0xfc, 0xff, 0xf3, 0xff, 0xf9, 0x00, 0x00, 0x00, 0x00, 0x00, 0x00,
  0xff, 0xea, 0x00, 0x00, 0x00, 0x00, 0x00, 0x00, 0x00, 0x00, 0xff, 0xec,
  0x00, 0x00, 0x00, 0x00, 0x00, 0x00, 0x00, 0x00, 0x00, 0x00, 0x00, 0x00,
  0x00, 0x00, 0x00, 0x00, 0x00, 0x00, 0x00, 0x00, 0x00, 0x00, 0x00, 0x00,
  0x00, 0x00, 0x00, 0x00, 0x00, 0x00, 0x00, 0x00, 0x00, 0x00, 0x00, 0x00,
  0xff, 0xeb, 0x00, 0x00, 0xff, 0xf0, 0x00, 0x00, 0x00, 0x00, 0x00, 0x00,
  0x00, 0x00, 0x00, 0x00, 0x00, 0x00, 0x00, 0x00, 0x00, 0x00, 0x00, 0x00,
  0x00, 0x10, 0x00, 0x00, 0x00, 0x00, 0x00, 0x00, 0x00, 0x00, 0x00, 0x00,
  0x00, 0x00, 0x00, 0x00, 0x00, 0x00, 0xff, 0xf7, 0x00, 0x00, 0x00, 0x00,
  0x00, 0x00, 0xff, 0xa5, 0x00, 0x00, 0x00, 0x00, 0x00, 0x00, 0x00, 0x00,
  0x00, 0x00, 0x00, 0x00, 0x00, 0x00, 0x00, 0x00, 0x00, 0x00, 0x00, 0x00,
  0x00, 0x00, 0x00, 0x00, 0x00, 0x00, 0x00, 0x00, 0x00, 0x00, 0x00, 0x00,
  0x00, 0x00, 0x00, 0x00, 0x00, 0x00, 0x00, 0x00, 0x00, 0x00, 0x00, 0x00,
  0x00, 0x00, 0x00, 0x00, 0xff, 0xf8, 0xff, 0xea, 0x00, 0x00, 0xff, 0xfb,
  0x00, 0x00, 0x00, 0x00, 0x00, 0x00, 0x00, 0x00, 0x00, 0x00, 0x00, 0x00,
  0x00, 0x00, 0x00, 0x00, 0x00, 0x00, 0x00, 0x00, 0x00, 0x00, 0xff, 0xfb,
  0x00, 0x00, 0x00, 0x00, 0x00, 0x00, 0x00, 0x00, 0x00, 0x00, 0x00, 0x00,
  0x00, 0x00, 0x00, 0x00, 0x00, 0x00, 0x00, 0x00, 0x00, 0x00, 0x00, 0x00,
  0x00, 0x00, 0x00, 0x00, 0x00, 0x00, 0x00, 0x00, 0x00, 0x00, 0x00, 0x00,
  0x00, 0x00, 0x00, 0x00, 0x00, 0x00, 0x00, 0x00, 0x00, 0x00, 0x00, 0x00,
  0x00, 0x00, 0x00, 0x00, 0xff, 0xfa, 0x00, 0x00, 0x00, 0x00, 0xff, 0xf4,
  0xff, 0xfc, 0xff, 0xfa, 0x00, 0x00, 0x00, 0x00, 0x00, 0x00, 0x00, 0x00,
  0xff, 0xfb, 0x00, 0x00, 0x00, 0x00, 0x00, 0x00, 0x00, 0x00, 0xff, 0xf9,
  0x00, 0x00, 0xff, 0xe4, 0x00, 0x00, 0xff, 0xfb, 0xff, 0xee, 0x00, 0x00,
  0x00, 0x00, 0x00, 0x00, 0x00, 0x00, 0x00, 0x00, 0x00, 0x00, 0x00, 0x00,
  0x00, 0x00, 0x00, 0x00, 0xff, 0xfd, 0xff, 0xfb, 0xff, 0xfb, 0x00, 0x00,
  0xff, 0xfc, 0x00, 0x00, 0x00, 0x00, 0x00, 0x00, 0x00, 0x00, 0x00, 0x00,
  0x00, 0x00, 0x00, 0x00, 0x00, 0x00, 0x00, 0x00, 0x00, 0x00, 0x00, 0x00,
  0x00, 0x00, 0x00, 0x00, 0x00, 0x00, 0x00, 0x00, 0x00, 0x00, 0x00, 0x00,
  0x00, 0x00, 0x00, 0x00, 0x00, 0x00, 0x00, 0x00, 0x00, 0x00, 0x00, 0x00,
  0x00, 0x00, 0x00, 0x00, 0x00, 0x00, 0x00, 0x00, 0x00, 0x00, 0x00, 0x00,
  0xff, 0xf8, 0x00, 0x00, 0xff, 0xfd, 0x00, 0x00, 0x00, 0x00, 0x00, 0x00,
  0x00, 0x00, 0x00, 0x00, 0x00, 0x00, 0x00, 0x00, 0x00, 0x00, 0x00, 0x00,
  0x00, 0x00, 0x00, 0x00, 0x00, 0x00, 0x00, 0x00, 0x00, 0x00, 0x00, 0x00,
  0x00, 0x00, 0x00, 0x00, 0xff, 0xd7, 0x00, 0x00, 0xff, 0xed, 0xff, 0xfd,
  0x00, 0x00, 0x00, 0x00, 0x00, 0x18, 0x00, 0x1d, 0xff, 0xfa, 0x00, 0x05,
  0x00, 0x00, 0xff, 0xca, 0xff, 0xd4, 0x00, 0x00, 0x00, 0x1b, 0x00, 0x04,
  0x00, 0x00, 0xff, 0xcb, 0xff, 0xc4, 0x00, 0x00, 0xff, 0xcb, 0xff, 0xc8,
  0xff, 0xd2, 0x00, 0x00, 0xff, 0xc8, 0xff, 0xcb, 0xff, 0xfa, 0xff, 0xc0,
  0xff, 0xaf, 0xff, 0xbb, 0xff, 0xb7, 0xff, 0xd4, 0xff, 0xd4, 0x00, 0x13,
  0xff, 0xb3, 0xff, 0xb1, 0xff, 0xb0, 0x00, 0x11, 0x00, 0x00, 0x00, 0x0b,
  0x00, 0x0e, 0xff, 0xaf, 0x00, 0x00, 0x00, 0x00, 0xff, 0xf9, 0x00, 0x00,
  0x00, 0x00, 0x00, 0x00, 0x00, 0x00, 0xff, 0xfd, 0x00, 0x00, 0x00, 0x00,
  0x00, 0x00, 0x00, 0x00, 0x00, 0x00, 0x00, 0x00, 0x00, 0x00, 0x00, 0x00,
  0x00, 0x00, 0x00, 0x00, 0x00, 0x00, 0x00, 0x00, 0x00, 0x00, 0xff, 0xfb,
  0xff, 0xeb, 0xff, 0xf7, 0x00, 0x00, 0x00, 0x00, 0xff, 0xf7, 0xff, 0xed,
  0x00, 0x00, 0x00, 0x00, 0xff, 0xfd, 0x00, 0x00, 0x00, 0x00, 0xff, 0xfb,
  0xff, 0xfa, 0x00, 0x00, 0x00, 0x00, 0x00, 0x00, 0x00, 0x00, 0x00, 0x00,
  0x00, 0x00, 0x00, 0x00, 0x00, 0x00, 0xff, 0xfd, 0x00, 0x00, 0x00, 0x00,
  0xff, 0xe4, 0x00, 0x00, 0xff, 0xf2, 0x00, 0x00, 0x00, 0x00, 0x00, 0x00,
  0x00, 0x1b, 0x00, 0x22, 0xff, 0xfc, 0x00, 0x00, 0x00, 0x00, 0x00, 0x00,
  0x00, 0x00, 0x00, 0x00, 0x00, 0x00, 0x00, 0x00, 0x00, 0x00, 0x00, 0x00,
  0xff, 0xfb, 0x00, 0x00, 0x00, 0x00, 0xff, 0xde, 0x00, 0x00, 0x00, 0x00,
  0xff, 0xe9, 0xff, 0xce, 0xff, 0xfd, 0xff, 0xed, 0xff, 0xf1, 0xff, 0xef,
  0xff, 0xf5, 0x00, 0x00, 0x00, 0x00, 0x00, 0x00, 0xff, 0xe7, 0xff, 0xe7,
  0xff, 0xe3, 0x00, 0x00, 0x00, 0x00, 0x00, 0x00, 0x00, 0x00, 0x00, 0x00,
  0x00, 0x00, 0x00, 0x00, 0xff, 0xec, 0x00, 0x00, 0xff, 0xf4, 0xff, 0xf9,
  0x00, 0x00, 0xff, 0xfa, 0x00, 0x05, 0x00, 0x07, 0xff, 0xfd, 0x00, 0x00,
  0x00, 0x00, 0x00, 0x00, 0x00, 0x00, 0x00, 0x00, 0x00, 0x00, 0x00, 0x00,
  0x00, 0x00, 0x00, 0x00, 0xff, 0xfd, 0x00, 0x00, 0xff, 0xd9, 0xff, 0xe6,
  0x00, 0x00, 0x00, 0x00, 0xff, 0xee, 0xff, 0xd9, 0x00, 0x00, 0xff, 0xf2,
  0xff, 0xf3, 0xff, 0xf4, 0xff, 0xf7, 0xff, 0xf8, 0xff, 0xf6, 0x00, 0x00,
  0xff, 0xf0, 0xff, 0xf0, 0xff, 0xee, 0x00, 0x00, 0xff, 0xfd, 0x00, 0x00,
  0x00, 0x00, 0xff, 0xf3, 0x00, 0x00, 0x00, 0x00, 0x00, 0x00, 0x00, 0x00,
  0x00, 0x00, 0x00, 0x00, 0x00, 0x00, 0x00, 0x00, 0x00, 0x04, 0x00, 0x06,
  0xff, 0xf2, 0x00, 0x00, 0xff, 0xf8, 0xff, 0xf2, 0xff, 0xf6, 0x00, 0x00,
  0x00, 0x00, 0x00, 0x00, 0x00, 0x00, 0x00, 0x00, 0x00, 0x00, 0x00, 0x00,
  0x00, 0x00, 0xff, 0xd9, 0x00, 0x00, 0x00, 0x00, 0xff, 0xd3, 0x00, 0x00,
  0xff, 0xfb, 0x00, 0x00, 0x00, 0x00, 0x00, 0x00, 0xff, 0xf9, 0x00, 0x00,
  0x00, 0x00, 0x00, 0x00, 0xff, 0xfa, 0xff, 0xf5, 0xff, 0xf7, 0x00, 0x00,
  0x00, 0x00, 0x00, 0x00, 0x00, 0x00, 0x00, 0x00, 0x00, 0x00, 0x00, 0x00,
  0xff, 0xd2, 0x00, 0x00, 0xff, 0xed, 0xff, 0xf4, 0x00, 0x00, 0xff, 0xf1,
  0x00, 0x1d, 0x00, 0x1e, 0xff, 0xef, 0x00, 0x07, 0xff, 0xfc, 0xff, 0xfa,
  0x00, 0x00, 0x00, 0x00, 0x00, 0x22, 0x00, 0x06, 0x00, 0x00, 0xff, 0xfa,
  0xff, 0xf3, 0x00, 0x00, 0xff, 0xc8, 0xff, 0xc8, 0x00, 0x00, 0x00, 0x00,
  0xff, 0xd0, 0xff, 0xc7, 0xff, 0xf5, 0xff, 0xd9, 0xff, 0xdf, 0xff, 0xd7,
  0xff, 0xe1, 0xff, 0xe9, 0xff, 0xe6, 0x00, 0x11, 0xff, 0xce, 0xff, 0xce,
  0xff, 0xc8, 0x00, 0x0f, 0xff, 0xfc, 0x00, 0x0a, 0x00, 0x07, 0xff, 0xdf,
  0x00, 0x00, 0x00, 0x00, 0x00, 0x00, 0x00, 0x00, 0x00, 0x00, 0x00, 0x00,
  0x00, 0x00, 0x00, 0x00, 0x00, 0x00, 0x00, 0x00, 0xff, 0xf8, 0x00, 0x00,
  0xff, 0xfd, 0xff, 0xfa, 0xff, 0xfd, 0x00, 0x00, 0x00, 0x00, 0x00, 0x00,
  0x00, 0x00, 0x00, 0x00, 0x00, 0x00, 0x00, 0x00, 0x00, 0x00, 0xff, 0xc4,
  0xff, 0xfc, 0x00, 0x00, 0xff, 0xce, 0x00, 0x00, 0xff, 0xfd, 0x00, 0x00,
  0x00, 0x00, 0x00, 0x00, 0x00, 0x00, 0x00, 0x00, 0x00, 0x00, 0x00, 0x00,
  0x00, 0x00, 0xff, 0xfc, 0xff, 0xfd, 0x00, 0x00, 0x00, 0x00, 0x00, 0x00,
  0x00, 0x00, 0x00, 0x00, 0x00, 0x00, 0x00, 0x00, 0x00, 0x00, 0x00, 0x00,
  0x00, 0x00, 0x00, 0x00, 0x00, 0x00, 0x00, 0x00, 0x00, 0x13, 0x00, 0x11,
  0x00, 0x00, 0x00, 0x00, 0x00, 0x00, 0x00, 0x00, 0x00, 0x00, 0x00, 0x00,
  0x00, 0x00, 0x00, 0x00, 0x00, 0x00, 0x00, 0x00, 0x00, 0x00, 0x00, 0x00,
  0x00, 0x00, 0x00, 0x00, 0x00, 0x00, 0x00, 0x00, 0x00, 0x00, 0x00, 0x00,
  0x00, 0x00, 0x00, 0x00, 0x00, 0x00, 0x00, 0x00, 0x00, 0x00, 0x00, 0x00,
  0x00, 0x00, 0x00, 0x00, 0x00, 0x00, 0x00, 0x00, 0x00, 0x00, 0x00, 0x00,
  0x00, 0x00, 0x00, 0x00, 0x00, 0x00, 0x00, 0x00, 0x00, 0x00, 0x00, 0x00,
  0x00, 0x00, 0x00, 0x00, 0x00, 0x00, 0x00, 0x00, 0x00, 0x00, 0x00, 0x00,
  0x00, 0x00, 0x00, 0x00, 0x00, 0x00, 0x00, 0x00, 0xff, 0xfd, 0xff, 0xfc,
  0x00, 0x00, 0x00, 0x00, 0x00, 0x00, 0x00, 0x00, 0x00, 0x00, 0x00, 0x00,
  0x00, 0x00, 0x00, 0x00, 0x00, 0x00, 0x00, 0x00, 0x00, 0x00, 0x00, 0x00,
  0x00, 0x00, 0x00, 0x00, 0xff, 0xfd, 0x00, 0x00, 0x00, 0x00, 0x00, 0x00,
  0x00, 0x00, 0x00, 0x00, 0x00, 0x00, 0x00, 0x00, 0x00, 0x00, 0x00, 0x00,
  0x00, 0x00, 0x00, 0x00, 0x00, 0x00, 0x00, 0x00, 0x00, 0x00, 0x00, 0x00,
  0x00, 0x00, 0x00, 0x00, 0x00, 0x00, 0x00, 0x00, 0x00, 0x00, 0x00, 0x00,
  0x00, 0x00, 0x00, 0x00, 0xff, 0xb3, 0xff, 0xcf, 0x00, 0x00, 0xff, 0xf1,
  0x00, 0x00, 0x00, 0x00, 0x00, 0x00, 0x00, 0x00, 0xff, 0xe7, 0xff, 0xf9,
  0xff, 0xfd, 0xff, 0xfb, 0x00, 0x00, 0x00, 0x00, 0x00, 0x00, 0x00, 0x00,
  0x00, 0x00, 0x00, 0x00, 0x00, 0x00, 0x00, 0x00, 0x00, 0x00, 0x00, 0x00,
  0x00, 0x00, 0x00, 0x00, 0x00, 0x00, 0x00, 0x00, 0x00, 0x00, 0x00, 0x00,
  0x00, 0x00, 0x00, 0x00, 0x00, 0x00, 0x00, 0x00, 0x00, 0x00, 0x00, 0x00,
  0x00, 0x00, 0x00, 0x00, 0x00, 0x00, 0x00, 0x00, 0x00, 0x00, 0x00, 0x00,
  0x00, 0x00, 0x00, 0x00, 0x00, 0x00, 0x00, 0x00, 0x00, 0x00, 0x00, 0x00,
  0x00, 0x00, 0x00, 0x00, 0x00, 0x00, 0x00, 0x00, 0x00, 0x00, 0x00, 0x00,
  0x00, 0x00, 0x00, 0x00, 0x00, 0x00, 0x00, 0x00, 0x00, 0x00, 0x00, 0x00,
  0x00, 0x00, 0xff, 0xf9, 0x00, 0x00, 0x00, 0x00, 0x00, 0x00, 0x00, 0x00,
  0x00, 0x00, 0x00, 0x00, 0x00, 0x00, 0x00, 0x00, 0x00, 0x00, 0x00, 0x00,
  0x00, 0x00, 0x00, 0x00, 0x00, 0x00, 0x00, 0x00, 0x00, 0x00, 0x00, 0x00,
  0x00, 0x00, 0x00, 0x00, 0x00, 0x00, 0x00, 0x00, 0x00, 0x00, 0x00, 0x00,
  0x00, 0x00, 0x00, 0x00, 0x00, 0x00, 0x00, 0x00, 0x00, 0x00, 0x00, 0x00,
  0x00, 0x00, 0x00, 0x00, 0x00, 0x00, 0x00, 0x00, 0x00, 0x00, 0x00, 0x00,
  0x00, 0x17, 0x00, 0x00, 0x00, 0x00, 0x00, 0x00, 0x00, 0x00, 0x00, 0x00,
  0x00, 0x00, 0x00, 0x00, 0x00, 0x00, 0x00, 0x00, 0x00, 0x0f, 0x00, 0x00,
  0x00, 0x00, 0xff, 0xfb, 0x00, 0x00, 0x00, 0x00, 0x00, 0x00, 0x00, 0x00,
  0x00, 0x00, 0x00, 0x00, 0x00, 0x00, 0x00, 0x00, 0x00, 0x00, 0x00, 0x00,
  0x00, 0x00, 0x00, 0x00, 0x00, 0x00, 0x00, 0x00, 0x00, 0x00, 0x00, 0x00,
  0x00, 0x00, 0x00, 0x00, 0x00, 0x00, 0x00, 0x00, 0x00, 0x00, 0x00, 0x00,
  0x00, 0x00, 0x00, 0x00, 0x00, 0x00, 0x00, 0x00, 0x00, 0x00, 0x00, 0x00,
  0x00, 0x00, 0x00, 0x00, 0x00, 0x00, 0x00, 0x00, 0x00, 0x00, 0x00, 0x00,
  0x00, 0x00, 0x00, 0x00, 0x00, 0x00, 0x00, 0x00, 0x00, 0x00, 0xff, 0xfa,
  0x00, 0x00, 0x00, 0x00, 0x00, 0x00, 0x00, 0x00, 0x00, 0x00, 0x00, 0x00,
  0x00, 0x00, 0x00, 0x00, 0xff, 0xfd, 0x00, 0x00, 0x00, 0x00, 0x00, 0x00,
  0xff, 0xfb, 0xff, 0xf9, 0xff, 0xf8, 0x00, 0x00, 0xff, 0xfb, 0x00, 0x00,
  0x00, 0x00, 0x00, 0x00, 0xff, 0xfd, 0x00, 0x00, 0x00, 0x00, 0x00, 0x00,
  0x00, 0x00, 0x00, 0x00, 0x00, 0x00, 0x00, 0x00, 0x00, 0x00, 0x00, 0x00,
  0x00, 0x00, 0x00, 0x00, 0xff, 0xfd, 0xff, 0xfc, 0x00, 0x00, 0x00, 0x00,
  0x00, 0x00, 0x00, 0x00, 0x00, 0x00, 0x00, 0x00, 0x00, 0x00, 0x00, 0x00,
  0x00, 0x00, 0x00, 0x00, 0x00, 0x00, 0x00, 0x00, 0x00, 0x00, 0x00, 0x00,
  0x00, 0x00, 0x00, 0x00, 0x00, 0x00, 0x00, 0x00, 0x00, 0x00, 0x00, 0x00,
  0x00, 0x00, 0x00, 0x00, 0x00, 0x00, 0x00, 0x00, 0x00, 0x00, 0x00, 0x00,
  0x00, 0x00, 0x00, 0x00, 0x00, 0x00, 0x00, 0x00, 0x00, 0x00, 0x00, 0x00,
  0x00, 0x00, 0x00, 0x00, 0x00, 0x00, 0x00, 0x00, 0xff, 0xfd, 0x00, 0x00,
  0xff, 0xaf, 0xff, 0xcf, 0x00, 0x00, 0xff, 0xf2, 0x00, 0x00, 0xff, 0xfd,
  0x00, 0x00, 0x00, 0x00, 0xff, 0xe7, 0x00, 0x00, 0x00, 0x00, 0x00, 0x00,
  0x00, 0x00, 0x00, 0x00, 0x00, 0x00, 0x00, 0x00, 0x00, 0x00, 0x00, 0x00,
  0x00, 0x00, 0x00, 0x00, 0x00, 0x00, 0x00, 0x00, 0x00, 0x00, 0x00, 0x00,
  0x00, 0x00, 0x00, 0x00, 0x00, 0x00, 0x00, 0x00, 0x00, 0x00, 0x00, 0x00,
  0x00, 0x00, 0x00, 0x00, 0x00, 0x00, 0x00, 0x00, 0x00, 0x00, 0x00, 0x00,
  0x00, 0x00, 0x00, 0x00, 0x00, 0x00, 0x00, 0x00, 0x00, 0x00, 0x00, 0x00,
  0x00, 0x00, 0x00, 0x00, 0x00, 0x00, 0x00, 0x00, 0x00, 0x00, 0x00, 0x00,
  0x00, 0x00, 0x00, 0x00, 0x00, 0x00, 0x00, 0x00, 0x00, 0x00, 0x00, 0x00,
  0x00, 0x00, 0xff, 0xf9, 0x00, 0x00, 0x00, 0x00, 0x00, 0x00, 0x00, 0x00,
  0x00, 0x00, 0x00, 0x00, 0x00, 0x00, 0x00, 0x00, 0x00, 0x00, 0x00, 0x00,
  0x00, 0x00, 0x00, 0x00, 0x00, 0x00, 0x00, 0x00, 0x00, 0x00, 0x00, 0x00,
  0x00, 0x00, 0x00, 0x00, 0x00, 0x00, 0x00, 0x00, 0x00, 0x00, 0x00, 0x00,
  0x00, 0x00, 0x00, 0x00, 0x00, 0x00, 0x00, 0x00, 0x00, 0x00, 0x00, 0x00,
  0x00, 0x00, 0x00, 0x00, 0x00, 0x00, 0x00, 0x00, 0x00, 0x00, 0x00, 0x00,
  0x00, 0x00, 0x00, 0x00, 0x00, 0x00, 0x00, 0x00, 0x00, 0x16, 0x00, 0x00,
  0x00, 0x00, 0x00, 0x00, 0x00, 0x00, 0x00, 0x00, 0x00, 0x00, 0x00, 0x00,
  0xff, 0xdd, 0x00, 0x00, 0x00, 0x0d, 0x00, 0x00, 0x00, 0x00, 0xff, 0xdd,
  0x00, 0x00, 0x00, 0x00, 0x00, 0x00, 0x00, 0x00, 0x00, 0x00, 0x00, 0x00,
  0x00, 0x00, 0x00, 0x00, 0x00, 0x00, 0x00, 0x00, 0x00, 0x00, 0x00, 0x00,
  0x00, 0x00, 0x00, 0x00, 0x00, 0x00, 0x00, 0x00, 0x00, 0x00, 0x00, 0x00,
  0x00, 0x00, 0x00, 0x00, 0x00, 0x00, 0x00, 0x00, 0x00, 0x00, 0x00, 0x00,
  0x00, 0x00, 0x00, 0x00, 0x00, 0x00, 0x00, 0x00, 0x00, 0x00, 0x00, 0x00,
  0x00, 0x00, 0x00, 0x00, 0x00, 0x00, 0x00, 0x00, 0x00, 0x00, 0x00, 0x00,
  0x00, 0x00, 0x00, 0x00, 0x00, 0x00, 0x00, 0x00, 0x00, 0x00, 0x00, 0x08,
  0x00, 0x00, 0xff, 0xf1, 0x00, 0x00, 0x00, 0x00, 0x00, 0x00, 0x00, 0x00,
  0x00, 0x00, 0x00, 0x00, 0x00, 0x00, 0x00, 0x00, 0x00, 0x00, 0x00, 0x00,
  0x00, 0x00, 0x00, 0x00, 0x00, 0x00, 0x00, 0x00, 0x00, 0x00, 0x00, 0x00,
  0x00, 0x00, 0x00, 0x00, 0x00, 0x00, 0x00, 0x00, 0x00, 0x00, 0x00, 0x00,
  0x00, 0x00, 0x00, 0x00, 0x00, 0x00, 0x00, 0x00, 0x00, 0x00, 0x00, 0x00,
  0x00, 0x00, 0x00, 0x00, 0x00, 0x00, 0x00, 0x00, 0x00, 0x00, 0x00, 0x00,
  0x00, 0x00, 0x00, 0x00, 0x00, 0x00, 0x00, 0x00, 0xff, 0xf2, 0x00, 0x00,
  0x00, 0x00, 0x00, 0x00, 0x00, 0x00, 0xff, 0xf4, 0x00, 0x00, 0x00, 0x00,
  0x00, 0x00, 0x00, 0x00, 0x00, 0x00, 0x00, 0x00, 0x00, 0x00, 0x00, 0x00,
  0x00, 0x00, 0x00, 0x00, 0x00, 0x00, 0x00, 0x00, 0x00, 0x00, 0x00, 0x00,
  0x00, 0x00, 0x00, 0x00, 0x00, 0x00, 0x00, 0x00, 0x00, 0x00, 0x00, 0x00,
  0x00, 0x00, 0x00, 0x00, 0x00, 0x00, 0x00, 0x00, 0x00, 0x00, 0x00, 0x00,
  0x00, 0x00, 0x00, 0x00, 0x00, 0x00, 0x00, 0x00, 0x00, 0x00, 0x00, 0x00,
  0x00, 0x00, 0x00, 0x00, 0x00, 0x00, 0x00, 0x00, 0x00, 0x00, 0x00, 0x00,
  0x00, 0x00, 0xff, 0xf7, 0x00, 0x00, 0x00, 0x00, 0x00, 0x00, 0x00, 0x00,
  0x00, 0x00, 0x00, 0x00, 0x00, 0x00, 0x00, 0x00, 0x00, 0x00, 0x00, 0x00,
  0x00, 0x00, 0x00, 0x00, 0xff, 0xfc, 0xff, 0xfa, 0xff, 0xf9, 0x00, 0x00,
  0x00, 0x00, 0x00, 0x00, 0x00, 0x00, 0x00, 0x00, 0x00, 0x00, 0x00, 0x00,
  0x00, 0x00, 0x00, 0x00, 0x00, 0x00, 0x00, 0x00, 0x00, 0x00, 0x00, 0x00,
  0x00, 0x00, 0x00, 0x00, 0x00, 0x00, 0x00, 0x00, 0x00, 0x00, 0x00, 0x00,
  0x00, 0x00, 0x00, 0x00, 0x00, 0x00, 0x00, 0x00, 0x00, 0x00, 0x00, 0x00,
  0x00, 0x00, 0x00, 0x00, 0xff, 0xea, 0x00, 0x00, 0x00, 0x00, 0x00, 0x06,
  0x00, 0x00, 0xff, 0xec, 0x00, 0x00, 0x00, 0x00, 0x00, 0x00, 0x00, 0x00,
  0x00, 0x00, 0x00, 0x00, 0x00, 0x00, 0x00, 0x00, 0x00, 0x00, 0x00, 0x00,
  0x00, 0x00, 0x00, 0x00, 0x00, 0x00, 0x00, 0x00, 0x00, 0x00, 0x00, 0x00,
  0x00, 0x00, 0x00, 0x00, 0x00, 0x00, 0x00, 0x00, 0x00, 0x00, 0x00, 0x00,
  0x00, 0x00, 0x00, 0x00, 0x00, 0x00, 0x00, 0x00, 0x00, 0x00, 0x00, 0x00,
  0x00, 0x00, 0x00, 0x00, 0x00, 0x00, 0x00, 0x00, 0x00, 0x00, 0x00, 0x00,
  0x00, 0x00, 0x00, 0x00, 0x00, 0x00, 0x00, 0x00, 0x00, 0x00, 0xff, 0xf8,
  0x00, 0x00, 0x00, 0x00, 0x00, 0x00, 0x00, 0x00, 0x00, 0x00, 0x00, 0x00,
  0x00, 0x00, 0x00, 0x00, 0x00, 0x00, 0x00, 0x00, 0x00, 0x00, 0x00, 0x00,
  0x00, 0x00, 0x00, 0x00, 0x00, 0x00, 0x00, 0x00, 0x00, 0x00, 0x00, 0x00,
  0x00, 0x00, 0x00, 0x00, 0x00, 0x00, 0x00, 0x00, 0x00, 0x00, 0x00, 0x00,
  0x00, 0x00, 0x00, 0x00, 0x00, 0x00, 0x00, 0x00, 0x00, 0x11, 0x00, 0x0f,
  0x00, 0x00, 0x00, 0x00, 0x00, 0x00, 0x00, 0x00, 0x00, 0x00, 0x00, 0x00,
  0x00, 0x00, 0x00, 0x00, 0x00, 0x00, 0x00, 0x00, 0x00, 0x00, 0x00, 0x00,
  0x00, 0x00, 0x00, 0x00, 0x00, 0x00, 0x00, 0x00, 0x00, 0x00, 0x00, 0x00,
  0x00, 0x00, 0x00, 0x00, 0x00, 0x00, 0x00, 0x00, 0x00, 0x00, 0x00, 0x00,
  0x00, 0x00, 0x00, 0x00, 0x00, 0x00, 0x00, 0x00, 0x00, 0x00, 0x00, 0x00,
  0x00, 0x00, 0x00, 0x00, 0x00, 0x00, 0x00, 0x00, 0x00, 0x00, 0x00, 0x00,
  0x00, 0x00, 0xff, 0xf6, 0x00, 0x00, 0x00, 0x00, 0x00, 0x00, 0x00, 0x00,
  0x00, 0x00, 0x00, 0x00, 0x00, 0x00, 0x00, 0x00, 0x00, 0x00, 0x00, 0x00,
  0x00, 0x00, 0x00, 0x00, 0x00, 0x00, 0x00, 0x00, 0x00, 0x00, 0x00, 0x00,
  0x00, 0x00, 0x00, 0x00, 0x00, 0x00, 0x00, 0x00, 0x00, 0x00, 0x00, 0x00,
  0x00, 0x00, 0x00, 0x00, 0x00, 0x00, 0x00, 0x00, 0x00, 0x00, 0x00, 0x00,
  0x00, 0x00, 0x00, 0x00, 0x00, 0x00, 0x00, 0x00, 0x00, 0x00, 0x00, 0x00,
  0x00, 0x00, 0x00, 0x00, 0x00, 0x00, 0x00, 0x00, 0x00, 0x00, 0x00, 0x00,
  0x00, 0x00, 0x00, 0x00, 0xff, 0xfc, 0x00, 0x00, 0x00, 0x00, 0x00, 0x00,
  0x00, 0x00, 0x00, 0x00, 0xff, 0xf0, 0xff, 0xef, 0x00, 0x00, 0x00, 0x00,
  0x00, 0x00, 0x00, 0x00, 0x00, 0x00, 0x00, 0x00, 0x00, 0x00, 0x00, 0x00,
  0xff, 0xf1, 0x00, 0x00, 0x00, 0x00, 0x00, 0x00, 0x00, 0x00, 0x00, 0x00,
  0x00, 0x00, 0x00, 0x00, 0x00, 0x00, 0xff, 0xdc, 0x00, 0x00, 0x00, 0x00,
  0x00, 0x00, 0x00, 0x00, 0x00, 0x00, 0x00, 0x00, 0x00, 0x00, 0x00, 0x00,
  0x00, 0x00, 0x00, 0x00, 0x00, 0x00, 0x00, 0x00, 0x00, 0x00, 0x00, 0x00,
  0x00, 0x00, 0x00, 0x00, 0x00, 0x00, 0x00, 0x00, 0x00, 0x00, 0x00, 0x00,
  0x00, 0x00, 0x00, 0x00, 0x00, 0x00, 0x00, 0x00, 0x00, 0x00, 0x00, 0x00,
  0x00, 0x00, 0x00, 0x00, 0xff, 0xfc, 0xff, 0xfa, 0xff, 0xfc, 0x00, 0x00,
  0x00, 0x00, 0x00, 0x00, 0x00, 0x00, 0x00, 0x00, 0x00, 0x00, 0xff, 0xfb,
  0x00, 0x00, 0x00, 0x00, 0x00, 0x00, 0x00, 0x00, 0x00, 0x00, 0x00, 0x00,
  0xff, 0xfc, 0x00, 0x00, 0x00, 0x00, 0x00, 0x00, 0x00, 0x00, 0x00, 0x00,
  0x00, 0x00, 0x00, 0x00, 0x00, 0x00, 0x00, 0x00, 0x00, 0x00, 0x00, 0x00,
  0x00, 0x00, 0x00, 0x00, 0x00, 0x00, 0x00, 0x00, 0x00, 0x00, 0x00, 0x00,
  0x00, 0x00, 0x00, 0x00, 0x00, 0x00, 0x00, 0x00, 0x00, 0x00, 0x00, 0x00,
  0x00, 0x00, 0x00, 0x00, 0x00, 0x00, 0x00, 0x00, 0xff, 0xfd, 0x00, 0x00,
  0x00, 0x00, 0x00, 0x00, 0x00, 0x00, 0x00, 0x00, 0x00, 0x00, 0x00, 0x00,
  0x00, 0x00, 0xff, 0xfb, 0x00, 0x00, 0x00, 0x00, 0x00, 0x00, 0xff, 0xfb,
  0xff, 0xf8, 0xff, 0xfa, 0xff, 0xfc, 0x00, 0x00, 0x00, 0x00, 0x00, 0x00,
  0x00, 0x00, 0x00, 0x00, 0x00, 0x00, 0x00, 0x00, 0x00, 0x00, 0x00, 0x00,
  0x00, 0x00, 0x00, 0x00, 0x00, 0x00, 0x00, 0x00, 0x00, 0x00, 0x00, 0x00,
  0x00, 0x00, 0x00, 0x00, 0xff, 0xdc, 0xff, 0xf9, 0xff, 0xe5, 0xff, 0xf3,
  0xff, 0xfb, 0xff, 0xf8, 0x00, 0x0c, 0x00, 0x08, 0xff, 0xfb, 0x00, 0x00,
  0x00, 0x00, 0x00, 0x00, 0x00, 0x00, 0x00, 0x00, 0x00, 0x0b, 0x00, 0x00,
  0x00, 0x00, 0x00, 0x00, 0x00, 0x00, 0x00, 0x00, 0x00, 0x00, 0x00, 0x00,
  0x00, 0x00, 0x00, 0x00, 0x00, 0x00, 0x00, 0x00, 0x00, 0x00, 0xff, 0xf9,
  0x00, 0x00, 0x00, 0x00, 0x00, 0x00, 0x00, 0x00, 0x00, 0x00, 0x00, 0x00,
  0x00, 0x00, 0xff, 0xfb, 0xff, 0xf9, 0x00, 0x00, 0x00, 0x00, 0x00, 0x00,
  0x00, 0x00, 0x00, 0x00, 0x00, 0x00, 0x00, 0x00, 0x00, 0x00, 0xff, 0xf7,
  0x00, 0x00, 0xff, 0xfb, 0xff, 0xf1, 0xff, 0xf9, 0xff, 0xca, 0xff, 0xc7,
  0xff, 0xf0, 0xff, 0xdb, 0xff, 0xfb, 0xff, 0xf6, 0xff, 0xee, 0x00, 0x00,
  0xff, 0xd0, 0x00, 0x00, 0x00, 0x00, 0x00, 0x00, 0x00, 0x00, 0x00, 0x00,
  0x00, 0x00, 0x00, 0x00, 0xff, 0xf4, 0x00, 0x00, 0x00, 0x00, 0x00, 0x00,
  0x00, 0x00, 0x00, 0x00, 0x00, 0x00, 0x00, 0x00, 0x00, 0x00, 0x00, 0x00,
  0x00, 0x00, 0x00, 0x00, 0x00, 0x00, 0x00, 0x00, 0x00, 0x00, 0x00, 0x00,
  0x00, 0x00, 0x00, 0x00, 0x00, 0x00, 0x00, 0x00, 0x00, 0x00, 0x00, 0x00,
  0xff, 0xed, 0xff, 0xf5, 0xff, 0xf7, 0xff, 0xf4, 0xff, 0xf7, 0xff, 0xf7,
  0xff, 0xc8, 0xff, 0xd0, 0x00, 0x00, 0xff, 0xee, 0x00, 0x00, 0x00, 0x00,
  0x00, 0x00, 0xff, 0xf0, 0xff, 0xe9, 0xff, 0xd3, 0xff, 0xd3, 0x00, 0x00,
  0x00, 0x00, 0x00, 0x00, 0x00, 0x00, 0x00, 0x00, 0x00, 0x00, 0x00, 0x00,
  0x00, 0x00, 0x00, 0x00, 0x00, 0x00, 0x00, 0x00, 0x00, 0x00, 0x00, 0x00,
  0x00, 0x00, 0x00, 0x00, 0x00, 0x00, 0x00, 0x00, 0x00, 0x00, 0x00, 0x00,
  0x00, 0x00, 0x00, 0x00, 0x00, 0x00, 0x00, 0x00, 0x00, 0x00, 0x00, 0x00,
  0x00, 0x00, 0x00, 0x00, 0x00, 0x00, 0xff, 0xf7, 0x00, 0x00, 0x00, 0x00,
  0x00, 0x00, 0x00, 0x00, 0x00, 0x00, 0x00, 0x00, 0x00, 0x00, 0x00, 0x00,
  0x00, 0x00, 0x00, 0x00, 0x00, 0x00, 0x00, 0x00, 0x00, 0x00, 0x00, 0x00,
  0x00, 0x00, 0x00, 0x00, 0x00, 0x00, 0x00, 0x00, 0x00, 0x00, 0x00, 0x00,
  0x00, 0x00, 0x00, 0x00, 0x00, 0x00, 0x00, 0x00, 0x00, 0x00, 0x00, 0x00,
  0x00, 0x00, 0x00, 0x00, 0x00, 0x00, 0x00, 0x00, 0x00, 0x00, 0x00, 0x00,
  0x00, 0x00, 0x00, 0x00, 0x00, 0x00, 0x00, 0x00, 0x00, 0x00, 0x00, 0x00,
  0x00, 0x00, 0x00, 0x00, 0x00, 0x00, 0x00, 0x01, 0x00, 0x0b, 0x01, 0x8e,
  0x00, 0x01, 0x00, 0x00, 0x00, 0x00, 0x00, 0x00, 0x00, 0x02, 0x00, 0x03,
  0x00, 0x04, 0x00, 0x00, 0x00, 0x00, 0x00, 0x00, 0x00, 0x00, 0x00, 0x00,
  0x00, 0x00, 0x00, 0x00, 0x00, 0x00, 0x00, 0x00, 0x00, 0x00, 0x00, 0x00,
  0x00, 0x00, 0x00, 0x00, 0x00, 0x00, 0x00, 0x00, 0x00, 0x00, 0x00, 0x00,
  0x00, 0x00, 0x00, 0x05, 0x00, 0x06, 0x00, 0x07, 0x00, 0x08, 0x00, 0x09,
  0x00, 0x0a, 0x00, 0x0b, 0x00, 0x0c, 0x00, 0x0c, 0x00, 0x0d, 0x00, 0x0e,
  0x00, 0x0f, 0x00, 0x10, 0x00, 0x0c, 0x00, 0x11, 0x00, 0x12, 0x00, 0x13,
  0x00, 0x14, 0x00, 0x15, 0x00, 0x16, 0x00, 0x17, 0x00, 0x18, 0x00, 0x19,
  0x00, 0x1a, 0x00, 0x1b, 0x00, 0x1c, 0x00, 0x1d, 0x00, 0x00, 0x00, 0x00,
  0x00, 0x00, 0x00, 0x00, 0x00, 0x00, 0x00, 0x1e, 0x00, 0x1f, 0x00, 0x20,
  0x00, 0x00, 0x00, 0x00, 0x00, 0x21, 0x00, 0x00, 0x00, 0x24, 0x00, 0x00,
  0x00, 0x00, 0x00, 0x22, 0x00, 0x23, 0x00, 0x24, 0x00, 0x24, 0x00, 0x25,
  0x00, 0x1f, 0x00, 0x00, 0x00, 0x26, 0x00, 0x00, 0x00, 0x00, 0x00, 0x00,
  0x00, 0x27, 0x00, 0x28, 0x00, 0x29, 0x00, 0x2a, 0x00, 0x2b, 0x00, 0x2c,
  0x00, 0x00, 0x00, 0x00, 0x00, 0x00, 0x00, 0x00, 0x00, 0x00, 0x00, 0x00,
  0x00, 0x00, 0x00, 0x00, 0x00, 0x00, 0x00, 0x00, 0x00, 0x00, 0x00, 0x00,
  0x00, 0x00, 0x00, 0x00, 0x00, 0x00, 0x00, 0x00, 0x00, 0x00, 0x00, 0x00,
  0x00, 0x00, 0x00, 0x00, 0x00, 0x00, 0x00, 0x00, 0x00, 0x00, 0x00, 0x00,
  0x00, 0x2d, 0x00, 0x00, 0x00, 0x00, 0x00, 0x00, 0x00, 0x00, 0x00, 0x00,
  0x00, 0x00, 0x00, 0x00, 0x00, 0x00, 0x00, 0x05, 0x00, 0x05, 0x00, 0x05,
  0x00, 0x05, 0x00, 0x05, 0x00, 0x05, 0x00, 0x09, 0x00, 0x07, 0x00, 0x09,
  0x00, 0x09, 0x00, 0x09, 0x00, 0x09, 0x00, 0x0c, 0x00, 0x0c, 0x00, 0x0c,
  0x00, 0x0c, 0x00, 0x08, 0x00, 0x0c, 0x00, 0x11, 0x00, 0x11, 0x00, 0x11,
  0x00, 0x11, 0x00, 0x11, 0x00, 0x00, 0x00, 0x11, 0x00, 0x17, 0x00, 0x17,
  0x00, 0x17, 0x00, 0x17, 0x00, 0x1b, 0x00, 0x2e, 0x00, 0x2f, 0x00, 0x1e,
  0x00, 0x1e, 0x00, 0x1e, 0x00, 0x1e, 0x00, 0x1e, 0x00, 0x1e, 0x00, 0x00,
  0x00, 0x20, 0x00, 0x00, 0x00, 0x00, 0x00, 0x00, 0x00, 0x00, 0x00, 0x00,
  0x00, 0x00, 0x00, 0x00, 0x00, 0x00, 0x00, 0x00, 0x00, 0x24, 0x00, 0x25,
  0x00, 0x25, 0x00, 0x25, 0x00, 0x25, 0x00, 0x25, 0x00, 0x00, 0x00, 0x25,
  0x00, 0x00, 0x00, 0x00, 0x00, 0x00, 0x00, 0x00, 0x00, 0x2a, 0x00, 0x1f,
  0x00, 0x2a, 0x00, 0x05, 0x00, 0x1e, 0x00, 0x05, 0x00, 0x1e, 0x00, 0x05,
  0x00, 0x1e, 0x00, 0x07, 0x00, 0x20, 0x00, 0x07, 0x00, 0x20, 0x00, 0x07,
  0x00, 0x20, 0x00, 0x07, 0x00, 0x20, 0x00, 0x08, 0x00, 0x00, 0x00, 0x08,
  0x00, 0x00, 0x00, 0x09, 0x00, 0x00, 0x00, 0x09, 0x00, 0x00, 0x00, 0x09,
  0x00, 0x00, 0x00, 0x09, 0x00, 0x00, 0x00, 0x09, 0x00, 0x00, 0x00, 0x0b,
  0x00, 0x00, 0x00, 0x0b, 0x00, 0x00, 0x00, 0x0b, 0x00, 0x00, 0x00, 0x0b,
  0x00, 0x00, 0x00, 0x0c, 0x00, 0x24, 0x00, 0x0c, 0x00, 0x24, 0x00, 0x0c,
  0x00, 0x00, 0x00, 0x0c, 0x00, 0x00, 0x00, 0x0c, 0x00, 0x00, 0x00, 0x0c,
  0x00, 0x00, 0x00, 0x0c, 0x00, 0x00, 0x00, 0x0d, 0x00, 0x00, 0x00, 0x0d,
  0x00, 0x00, 0x00, 0x0e, 0x00, 0x22, 0x00, 0x22, 0x00, 0x0f, 0x00, 0x23,
  0x00, 0x0f, 0x00, 0x23, 0x00, 0x0f, 0x00, 0x23, 0x00, 0x0f, 0x00, 0x23,
  0x00, 0x0f, 0x00, 0x23, 0x00, 0x0c, 0x00, 0x24, 0x00, 0x0c, 0x00, 0x24,
  0x00, 0x0c, 0x00, 0x24, 0x00, 0x24, 0x00, 0x0c, 0x00, 0x24, 0x00, 0x11,
  0x00, 0x25, 0x00, 0x11, 0x00, 0x25, 0x00, 0x11, 0x00, 0x25, 0x00, 0x09,
  0x00, 0x00, 0x00, 0x14, 0x00, 0x26, 0x00, 0x14, 0x00, 0x26, 0x00, 0x14,
  0x00, 0x26, 0x00, 0x15, 0x00, 0x00, 0x00, 0x15, 0x00, 0x00, 0x00, 0x15,
  0x00, 0x00, 0x00, 0x15, 0x00, 0x00, 0x00, 0x16, 0x00, 0x00, 0x00, 0x16,
  0x00, 0x00, 0x00, 0x16, 0x00, 0x00, 0x00, 0x17, 0x00, 0x00, 0x00, 0x17,
  0x00, 0x00, 0x00, 0x17, 0x00, 0x00, 0x00, 0x17, 0x00, 0x00, 0x00, 0x17,
  0x00, 0x00, 0x00, 0x17, 0x00, 0x00, 0x00, 0x19, 0x00, 0x28, 0x00, 0x1b,
  0x00, 0x2a, 0x00, 0x1b, 0x00, 0x1c, 0x00, 0x2b, 0x00, 0x1c, 0x00, 0x2b,
  0x00, 0x1c, 0x00, 0x2b, 0x00, 0x00, 0x00, 0x00, 0x00, 0x15, 0x00, 0x00,
  0x00, 0x16, 0x00, 0x00, 0x00, 0x00, 0x00, 0x00, 0x00, 0x00, 0x00, 0x00,
  0x00, 0x00, 0x00, 0x00, 0x00, 0x00, 0x00, 0x00, 0x00, 0x30, 0x00, 0x00,
  0x00, 0x03, 0x00, 0x03, 0x00, 0x31, 0x00, 0x00, 0x00, 0x32, 0x00, 0x31,
  0x00, 0x00, 0x00, 0x32, 0x00, 0x00, 0x00, 0x00, 0x00, 0x00, 0x00, 0x00,
  0x00, 0x00, 0x00, 0x00, 0x00, 0x00, 0x00, 0x00, 0x00, 0x00, 0x00, 0x00,
  0x00, 0x00, 0x00, 0x00, 0x00, 0x00, 0x00, 0x00, 0x00, 0x00, 0x00, 0x00,
  0x00, 0x00, 0x00, 0x00, 0x00, 0x00, 0x00, 0x00, 0x00, 0x00, 0x00, 0x00,
  0x00, 0x00, 0x00, 0x00, 0x00, 0x00, 0x00, 0x00, 0x00, 0x00, 0x00, 0x00,
  0x00, 0x00, 0x00, 0x00, 0x00, 0x00, 0x00, 0x00, 0x00, 0x00, 0x00, 0x21,
  0x00, 0x00, 0x00, 0x23, 0x00, 0x00, 0x00, 0x23, 0x00, 0x00, 0x00, 0x00,
  0x00, 0x00, 0x00, 0x00, 0x00, 0x00, 0x00, 0x00, 0x00, 0x00, 0x00, 0x00,
  0x00, 0x00, 0x00, 0x00, 0x00, 0x00, 0x00, 0x00, 0x00, 0x00, 0x00, 0x33,
  0x00, 0x00, 0x00, 0x00, 0x00, 0x00, 0x00, 0x00, 0x00, 0x00, 0x00, 0x00,
  0x00, 0x00, 0x00, 0x00, 0x00, 0x00, 0x00, 0x00, 0x00, 0x00, 0x00, 0x33,
  0x00, 0x33, 0x00, 0x34, 0x00, 0x01, 0x00, 0x05, 0x01, 0x93, 0x00, 0x14,
  0x00, 0x00, 0x00, 0x00, 0x00, 0x00, 0x00, 0x00, 0x00, 0x14, 0x00, 0x00,
  0x00, 0x28, 0x00, 0x00, 0x00, 0x00, 0x00, 0x15, 0x00, 0x16, 0x00, 0x1a,
  0x00, 0x00, 0x00, 0x00, 0x00, 0x00, 0x00, 0x00, 0x00, 0x00, 0x00, 0x00,
  0x00, 0x00, 0x00, 0x00, 0x00, 0x00, 0x00, 0x00, 0x00, 0x00, 0x00, 0x20,
  0x00, 0x21, 0x00, 0x00, 0x00, 0x00, 0x00, 0x00, 0x00, 0x29, 0x00, 0x00,
  0x00, 0x01, 0x00, 0x02, 0x00, 0x09, 0x00, 0x02, 0x00, 0x02, 0x00, 0x02,
  0x00, 0x09, 0x00, 0x02, 0x00, 0x02, 0x00, 0x03, 0x00, 0x02, 0x00, 0x02,
  0x00, 0x04, 0x00, 0x02, 0x00, 0x09, 0x00, 0x02, 0x00, 0x09, 0x00, 0x02,
  0x00, 0x0e, 0x00, 0x07, 0x00, 0x05, 0x00, 0x0f, 0x00, 0x0a, 0x00, 0x10,
  0x00, 0x08, 0x00, 0x11, 0x00, 0x00, 0x00, 0x00, 0x00, 0x22, 0x00, 0x00,
  0x00, 0x00, 0x00, 0x00, 0x00, 0x1c, 0x00, 0x00, 0x00, 0x25, 0x00, 0x23,
  0x00, 0x25, 0x00, 0x1b, 0x00, 0x24, 0x00, 0x00, 0x00, 0x00, 0x00, 0x00,
  0x00, 0x00, 0x00, 0x2b, 0x00, 0x1d, 0x00, 0x1d, 0x00, 0x25, 0x00, 0x2a,
  0x00, 0x23, 0x00, 0x1d, 0x00, 0x1e, 0x00, 0x0b, 0x00, 0x1f, 0x00, 0x17,
  0x00, 0x0c, 0x00, 0x12, 0x00, 0x0d, 0x00, 0x13, 0x00, 0x00, 0x00, 0x00,
  0x00, 0x26, 0x00, 0x00, 0x00, 0x00, 0x00, 0x00, 0x00, 0x00, 0x00, 0x00,
  0x00, 0x00, 0x00, 0x00, 0x00, 0x00, 0x00, 0x00, 0x00, 0x00, 0x00, 0x00,
  0x00, 0x00, 0x00, 0x00, 0x00, 0x00, 0x00, 0x00, 0x00, 0x00, 0x00, 0x00,
  0x00, 0x00, 0x00, 0x00, 0x00, 0x00, 0x00, 0x00, 0x00, 0x00, 0x00, 0x00,
  0x00, 0x00, 0x00, 0x00, 0x00, 0x00, 0x00, 0x00, 0x00, 0x00, 0x00, 0x00,
  0x00, 0x00, 0x00, 0x00, 0x00, 0x01, 0x00, 0x01, 0x00, 0x01, 0x00, 0x01,
  0x00, 0x01, 0x00, 0x01, 0x00, 0x01, 0x00, 0x09, 0x00, 0x02, 0x00, 0x02,
  0x00, 0x02, 0x00, 0x02, 0x00, 0x02, 0x00, 0x02, 0x00, 0x02, 0x00, 0x02,
  0x00, 0x02, 0x00, 0x02, 0x00, 0x09, 0x00, 0x09, 0x00, 0x09, 0x00, 0x09,
  0x00, 0x09, 0x00, 0x00, 0x00, 0x09, 0x00, 0x05, 0x00, 0x05, 0x00, 0x05,
  0x00, 0x05, 0x00, 0x08, 0x00, 0x02, 0x00, 0x00, 0x00, 0x1c, 0x00, 0x1c,
  0x00, 0x1c, 0x00, 0x1c, 0x00, 0x1c, 0x00, 0x1c, 0x00, 0x1c, 0x00, 0x25,
  0x00, 0x25, 0x00, 0x25, 0x00, 0x25, 0x00, 0x25, 0x00, 0x00, 0x00, 0x00,
  0x00, 0x00, 0x00, 0x00, 0x00, 0x27, 0x00, 0x1d, 0x00, 0x25, 0x00, 0x25,
  0x00, 0x25, 0x00, 0x25, 0x00, 0x25, 0x00, 0x00, 0x00, 0x25, 0x00, 0x1f,
  0x00, 0x1f, 0x00, 0x1f, 0x00, 0x1f, 0x00, 0x0d, 0x00, 0x00, 0x00, 0x0d,
  0x00, 0x01, 0x00, 0x1c, 0x00, 0x01, 0x00, 0x1c, 0x00, 0x01, 0x00, 0x1c,
  0x00, 0x09, 0x00, 0x25, 0x00, 0x09, 0x00, 0x25, 0x00, 0x09, 0x00, 0x25,
  0x00, 0x09, 0x00, 0x25, 0x00, 0x02, 0x00, 0x23, 0x00, 0x02, 0x00, 0x23,
  0x00, 0x02, 0x00, 0x25, 0x00, 0x02, 0x00, 0x25, 0x00, 0x02, 0x00, 0x25,
  0x00, 0x02, 0x00, 0x25, 0x00, 0x02, 0x00, 0x25, 0x00, 0x09, 0x00, 0x24,
  0x00, 0x09, 0x00, 0x24, 0x00, 0x09, 0x00, 0x24, 0x00, 0x09, 0x00, 0x24,
  0x00, 0x02, 0x00, 0x00, 0x00, 0x02, 0x00, 0x00, 0x00, 0x02, 0x00, 0x00,
  0x00, 0x02, 0x00, 0x00, 0x00, 0x02, 0x00, 0x00, 0x00, 0x02, 0x00, 0x00,
  0x00, 0x02, 0x00, 0x00, 0x00, 0x02, 0x00, 0x00, 0x00, 0x03, 0x00, 0x00,
  0x00, 0x02, 0x00, 0x00, 0x00, 0x1d, 0x00, 0x02, 0x00, 0x2b, 0x00, 0x02,
  0x00, 0x2b, 0x00, 0x02, 0x00, 0x2b, 0x00, 0x02, 0x00, 0x2b, 0x00, 0x02,
  0x00, 0x2b, 0x00, 0x02, 0x00, 0x1d, 0x00, 0x02, 0x00, 0x1d, 0x00, 0x02,
  0x00, 0x1d, 0x00, 0x1d, 0x00, 0x02, 0x00, 0x1d, 0x00, 0x09, 0x00, 0x25,
  0x00, 0x09, 0x00, 0x25, 0x00, 0x09, 0x00, 0x25, 0x00, 0x09, 0x00, 0x25,
  0x00, 0x02, 0x00, 0x1d, 0x00, 0x02, 0x00, 0x1d, 0x00, 0x02, 0x00, 0x1d,
  0x00, 0x0e, 0x00, 0x1e, 0x00, 0x0e, 0x00, 0x1e, 0x00, 0x0e, 0x00, 0x1e,
  0x00, 0x0e, 0x00, 0x1e, 0x00, 0x07, 0x00, 0x0b, 0x00, 0x07, 0x00, 0x0b,
  0x00, 0x07, 0x00, 0x0b, 0x00, 0x05, 0x00, 0x1f, 0x00, 0x05, 0x00, 0x1f,
  0x00, 0x05, 0x00, 0x1f, 0x00, 0x05, 0x00, 0x1f, 0x00, 0x05, 0x00, 0x1f,
  0x00, 0x05, 0x00, 0x1f, 0x00, 0x0a, 0x00, 0x0c, 0x00, 0x08, 0x00, 0x0d,
  0x00, 0x08, 0x00, 0x11, 0x00, 0x13, 0x00, 0x11, 0x00, 0x13, 0x00, 0x11,
  0x00, 0x13, 0x00, 0x1b, 0x00, 0x00, 0x00, 0x0e, 0x00, 0x1e, 0x00, 0x07,
  0x00, 0x0b, 0x00, 0x00, 0x00, 0x00, 0x00, 0x00, 0x00, 0x00, 0x00, 0x00,
  0x00, 0x00, 0x00, 0x00, 0x00, 0x00, 0x00, 0x06, 0x00, 0x00, 0x00, 0x16,
  0x00, 0x16, 0x00, 0x00, 0x00, 0x18, 0x00, 0x00, 0x00, 0x00, 0x00, 0x18,
  0x00, 0x00, 0x00, 0x00, 0x00, 0x00, 0x00, 0x00, 0x00, 0x1a, 0x00, 0x00,
  0x00, 0x00, 0x00, 0x00, 0x00, 0x00, 0x00, 0x00, 0x00, 0x00, 0x00, 0x00,
  0x00, 0x00, 0x00, 0x00, 0x00, 0x00, 0x00, 0x00, 0x00, 0x00, 0x00, 0x00,
  0x00, 0x00, 0x00, 0x00, 0x00, 0x00, 0x00, 0x00, 0x00, 0x00, 0x00, 0x00,
  0x00, 0x00, 0x00, 0x00, 0x00, 0x00, 0x00, 0x00, 0x00, 0x00, 0x00, 0x00,
  0x00, 0x00, 0x00, 0x00, 0x00, 0x00, 0x00, 0x00, 0x00, 0x1b, 0x00, 0x1b,
  0x00, 0x1b, 0x00, 0x1b, 0x00, 0x1b, 0x00, 0x00, 0x00, 0x00, 0x00, 0x1b,
  0x00, 0x00, 0x00, 0x00, 0x00, 0x00, 0x00, 0x00, 0x00, 0x00, 0x00, 0x00,
  0x00, 0x00, 0x00, 0x00, 0x00, 0x00, 0x00, 0x00, 0x00, 0x19, 0x00, 0x00,
  0x00, 0x00, 0x00, 0x00, 0x00, 0x00, 0x00, 0x00, 0x00, 0x00, 0x00, 0x00,
  0x00, 0x00, 0x00, 0x00, 0x00, 0x00, 0x00, 0x00, 0x00, 0x19, 0x00, 0x19,
  0x00, 0x02, 0x00, 0x3c, 0x00, 0x05, 0x00, 0x05, 0x00, 0x00, 0x00, 0x0a,
  0x00, 0x0b, 0x00, 0x01, 0x00, 0x0f, 0x00, 0x11, 0x00, 0x03, 0x00, 0x24,
  0x00, 0x3e, 0x00, 0x06, 0x00, 0x44, 0x00, 0x46, 0x00, 0x21, 0x00, 0x49,
  0x00, 0x49, 0x00, 0x24, 0x00, 0x4b, 0x00, 0x4b, 0x00, 0x25, 0x00, 0x4e,
  0x00, 0x53, 0x00, 0x26, 0x00, 0x55, 0x00, 0x55, 0x00, 0x2c, 0x00, 0x59,
  0x00, 0x5e, 0x00, 0x2d, 0x00, 0x77, 0x00, 0x77, 0x00, 0x33, 0x00, 0x80,
  0x00, 0x96, 0x00, 0x34, 0x00, 0x98, 0x00, 0xa5, 0x00, 0x4b, 0x00, 0xa7,
  0x00, 0xa7, 0x00, 0x59, 0x00, 0xb1, 0x00, 0xb6, 0x00, 0x5a, 0x00, 0xb8,
  0x00, 0xb8, 0x00, 0x60, 0x00, 0xbd, 0x00, 0xce, 0x00, 0x61, 0x00, 0xd0,
  0x00, 0xd0, 0x00, 0x73, 0x00, 0xd2, 0x00, 0xd2, 0x00, 0x74, 0x00, 0xd4,
  0x00, 0xd4, 0x00, 0x75, 0x00, 0xd6, 0x00, 0xd6, 0x00, 0x76, 0x00, 0xd8,
  0x00, 0xd8, 0x00, 0x77, 0x00, 0xda, 0x00, 0xda, 0x00, 0x78, 0x00, 0xdc,
  0x00, 0xdc, 0x00, 0x79, 0x00, 0xde, 0x00, 0xde, 0x00, 0x7a, 0x00, 0xe0,
  0x00, 0xe0, 0x00, 0x7b, 0x00, 0xe2, 0x00, 0xe2, 0x00, 0x7c, 0x00, 0xe4,
  0x00, 0xe8, 0x00, 0x7d, 0x00, 0xea, 0x00, 0xea, 0x00, 0x82, 0x00, 0xec,
  0x00, 0xec, 0x00, 0x83, 0x00, 0xee, 0x00, 0xee, 0x00, 0x84, 0x00, 0xf0,
  0x00, 0xf0, 0x00, 0x85, 0x00, 0xf2, 0x00, 0xf2, 0x00, 0x86, 0x00, 0xf4,
  0x00, 0xf4, 0x00, 0x87, 0x00, 0xf6, 0x01, 0x12, 0x00, 0x88, 0x01, 0x14,
  0x01, 0x1a, 0x00, 0xa5, 0x01, 0x1c, 0x01, 0x1c, 0x00, 0xac, 0x01, 0x1e,
  0x01, 0x1e, 0x00, 0xad, 0x01, 0x20, 0x01, 0x20, 0x00, 0xae, 0x01, 0x22,
  0x01, 0x22, 0x00, 0xaf, 0x01, 0x24, 0x01, 0x24, 0x00, 0xb0, 0x01, 0x26,
  0x01, 0x26, 0x00, 0xb1, 0x01, 0x28, 0x01, 0x28, 0x00, 0xb2, 0x01, 0x2a,
  0x01, 0x2a, 0x00, 0xb3, 0x01, 0x2c, 0x01, 0x2c, 0x00, 0xb4, 0x01, 0x2e,
  0x01, 0x2e, 0x00, 0xb5, 0x01, 0x30, 0x01, 0x30, 0x00, 0xb6, 0x01, 0x32,
  0x01, 0x32, 0x00, 0xb7, 0x01, 0x34, 0x01, 0x3e, 0x00, 0xb8, 0x01, 0x41,
  0x01, 0x41, 0x00, 0xc3, 0x01, 0x43, 0x01, 0x43, 0x00, 0xc4, 0x01, 0x4d,
  0x01, 0x4d, 0x00, 0xc5, 0x01, 0x4f, 0x01, 0x51, 0x00, 0xc6, 0x01, 0x53,
  0x01, 0x54, 0x00, 0xc9, 0x01, 0x56, 0x01, 0x56, 0x00, 0xcb, 0x01, 0x78,
  0x01, 0x78, 0x00, 0xcc, 0x01, 0x7a, 0x01, 0x7a, 0x00, 0xcd, 0x01, 0x7c,
  0x01, 0x7c, 0x00, 0xce, 0x01, 0x8a, 0x01, 0x8a, 0x00, 0xcf, 0x01, 0x96,
  0x01, 0x98, 0x00, 0xd0, 0x00, 0x00, 0x00, 0x01, 0x00, 0x00, 0x00, 0x00,
  0xda, 0x53, 0x99, 0xf0, 0x00, 0x00, 0x00, 0x00, 0xc4, 0xef, 0xfd, 0x14,
  0x00, 0x00, 0x00, 0x00, 0xc4, 0xef, 0xfd, 0x14
};
unsigned int neverlose_ttf_len = 59696;
